-- --------------------------------------------------------
-- Host:                         pg-c8c7f-adamsasmita534-4b4d.e.aivencloud.com
-- Server version:               PostgreSQL 17.10 on x86_64-pc-linux-gnu, compiled by gcc (GCC) 15.2.1 20260123 (Red Hat 15.2.1-7), 64-bit
-- Server OS:                    
-- HeidiSQL Version:             12.1.0.6537
-- --------------------------------------------------------

/*!40101 SET @OLD_CHARACTER_SET_CLIENT=@@CHARACTER_SET_CLIENT */;
/*!40101 SET NAMES  */;
/*!40103 SET @OLD_TIME_ZONE=@@TIME_ZONE */;
/*!40103 SET TIME_ZONE='+00:00' */;
/*!40014 SET @OLD_FOREIGN_KEY_CHECKS=@@FOREIGN_KEY_CHECKS, FOREIGN_KEY_CHECKS=0 */;
/*!40101 SET @OLD_SQL_MODE=@@SQL_MODE, SQL_MODE='NO_AUTO_VALUE_ON_ZERO' */;
/*!40111 SET @OLD_SQL_NOTES=@@SQL_NOTES, SQL_NOTES=0 */;

-- Dumping data for table public.absensi: 201 rows
/*!40000 ALTER TABLE "absensi" DISABLE KEYS */;
INSERT INTO "absensi" ("id", "jadwal_id", "user_id", "hadir", "metode", "checkin_at", "lat", "lng", "telat_menit", "status", "keterangan") VALUES
	(183, 1, 13, 0, 'manual', NULL, NULL, NULL, 0, 'absen', NULL),
	(184, 1, 4, 1, 'manual', NULL, NULL, NULL, 0, 'hadir', 'Dani sama Rifat ada Kuliah Online'),
	(185, 1, 8, 1, 'manual', NULL, NULL, NULL, 0, 'hadir', 'ada bimbingan skripsi, jadi pulang duluan'),
	(186, 1, 6, 0, 'manual', NULL, NULL, NULL, 0, 'absen', NULL),
	(187, 1, 7, 0, 'manual', NULL, NULL, NULL, 0, 'absen', NULL),
	(188, 1, 14, 0, 'manual', NULL, NULL, NULL, 0, 'absen', NULL),
	(189, 1, 2, 1, 'manual', NULL, NULL, NULL, 0, 'hadir', NULL),
	(190, 1, 15, 0, 'manual', NULL, NULL, NULL, 0, 'absen', NULL),
	(191, 1, 9, 0, 'manual', NULL, NULL, NULL, 0, 'absen', NULL),
	(192, 1, 10, 0, 'manual', NULL, NULL, NULL, 0, 'absen', NULL),
	(193, 1, 11, 0, 'manual', NULL, NULL, NULL, 0, 'absen', NULL),
	(194, 1, 3, 1, 'manual', NULL, NULL, NULL, 0, 'hadir', 'Dani sama Rifat ada Kuliah Online'),
	(195, 1, 5, 0, 'manual', NULL, NULL, NULL, 0, 'absen', NULL),
	(441, 8, 16, 0, 'manual', NULL, NULL, NULL, 0, 'izin', 'Ada kuliah sore sampai magrib'),
	(442, 8, 13, 1, 'manual', NULL, NULL, NULL, 0, 'telat', 'Nyusul'),
	(443, 8, 4, 1, 'manual', NULL, NULL, NULL, 0, 'hadir', NULL),
	(444, 8, 8, 0, 'manual', NULL, NULL, NULL, 0, 'absen', 'Ga ada kabar'),
	(445, 8, 6, 0, 'manual', NULL, NULL, NULL, 0, 'absen', NULL),
	(446, 8, 7, 1, 'manual', NULL, NULL, NULL, 0, 'hadir', NULL),
	(447, 8, 20, 1, 'manual', NULL, NULL, NULL, 0, 'hadir', 'Cuman 1 jam rencana'),
	(448, 8, 14, 0, 'manual', NULL, NULL, NULL, 0, 'izin', 'Kerja'),
	(449, 8, 21, 0, 'manual', NULL, NULL, NULL, 0, 'absen', NULL),
	(450, 8, 2, 1, 'manual', NULL, NULL, NULL, 0, 'telat', 'Ketiduran'),
	(292, 6, 16, 1, 'manual', NULL, NULL, NULL, 0, 'hadir', NULL),
	(293, 6, 13, 0, 'manual', NULL, NULL, NULL, 0, 'absen', NULL),
	(294, 6, 4, 1, 'manual', NULL, NULL, NULL, 0, 'hadir', NULL),
	(295, 6, 8, 0, 'manual', NULL, NULL, NULL, 0, 'absen', NULL),
	(296, 6, 6, 0, 'manual', NULL, NULL, NULL, 0, 'izin', 'Tidak suka badminton'),
	(214, 5, 16, 1, 'manual', NULL, NULL, NULL, 0, 'hadir', NULL),
	(297, 6, 7, 1, 'manual', NULL, NULL, NULL, 0, 'hadir', NULL),
	(216, 5, 13, 1, 'manual', NULL, NULL, NULL, 0, 'hadir', 'Ada acara grup ITB'),
	(217, 5, 4, 1, 'manual', NULL, NULL, NULL, 0, 'hadir', NULL),
	(218, 5, 8, 1, 'manual', NULL, NULL, NULL, 0, 'hadir', NULL),
	(219, 5, 6, 0, 'manual', NULL, NULL, NULL, 0, 'izin', 'Masih Tidur'),
	(220, 5, 7, 1, 'manual', NULL, NULL, NULL, 0, 'hadir', NULL),
	(221, 5, 14, 1, 'manual', NULL, NULL, NULL, 0, 'hadir', NULL),
	(222, 5, 2, 1, 'manual', NULL, NULL, NULL, 0, 'hadir', NULL),
	(223, 5, 15, 1, 'manual', NULL, NULL, NULL, 0, 'hadir', NULL),
	(224, 5, 9, 0, 'manual', NULL, NULL, NULL, 0, 'sakit', 'Tidak Tahu'),
	(225, 5, 10, 0, 'manual', NULL, NULL, NULL, 0, 'absen', NULL),
	(226, 5, 11, 1, 'manual', NULL, NULL, NULL, 0, 'hadir', NULL),
	(227, 5, 3, 1, 'manual', NULL, NULL, NULL, 0, 'hadir', NULL),
	(228, 5, 17, 0, 'manual', NULL, NULL, NULL, 0, 'absen', NULL),
	(229, 5, 5, 0, 'manual', NULL, NULL, NULL, 0, 'izin', 'Masih Tidur'),
	(298, 6, 14, 0, 'manual', NULL, NULL, NULL, 0, 'izin', 'Vcat 2x acara intern'),
	(299, 6, 2, 1, 'manual', NULL, NULL, NULL, 0, 'hadir', NULL),
	(300, 6, 15, 0, 'manual', NULL, NULL, NULL, 0, 'izin', 'Muncak with CMD'),
	(301, 6, 9, 0, 'manual', NULL, NULL, NULL, 0, 'absen', 'Gak di read chat dani'),
	(302, 6, 10, 0, 'manual', NULL, NULL, NULL, 0, 'absen', NULL),
	(303, 6, 11, 0, 'manual', NULL, NULL, NULL, 0, 'izin', 'Pulkam'),
	(304, 6, 3, 1, 'manual', NULL, NULL, NULL, 0, 'hadir', NULL),
	(305, 6, 17, 0, 'manual', NULL, NULL, NULL, 0, 'izin', 'Pulkam'),
	(306, 6, 5, 0, 'manual', NULL, NULL, NULL, 0, 'izin', 'Lomba'),
	(451, 8, 15, 0, 'manual', NULL, NULL, NULL, 0, 'izin', 'Kerja'),
	(452, 8, 9, 0, 'manual', NULL, NULL, NULL, 0, 'absen', 'Tidak ada kabar'),
	(453, 8, 10, 0, 'manual', NULL, NULL, NULL, 0, 'absen', 'Tidak ada kabar'),
	(454, 8, 11, 1, 'manual', NULL, NULL, NULL, 0, 'hadir', NULL),
	(123, 2, 13, 0, 'manual', NULL, NULL, NULL, 0, 'absen', NULL),
	(124, 2, 4, 1, 'manual', NULL, NULL, NULL, 0, 'hadir', NULL),
	(125, 2, 8, 0, 'manual', NULL, NULL, NULL, 0, 'absen', NULL),
	(126, 2, 6, 1, 'manual', NULL, NULL, NULL, 0, 'hadir', NULL),
	(127, 2, 7, 0, 'manual', NULL, NULL, NULL, 0, 'absen', NULL),
	(128, 2, 14, 0, 'manual', NULL, NULL, NULL, 0, 'absen', NULL),
	(129, 2, 2, 1, 'manual', NULL, NULL, NULL, 0, 'hadir', NULL),
	(130, 2, 15, 0, 'manual', NULL, NULL, NULL, 0, 'absen', NULL),
	(131, 2, 9, 0, 'manual', NULL, NULL, NULL, 0, 'absen', NULL),
	(132, 2, 10, 0, 'manual', NULL, NULL, NULL, 0, 'absen', NULL),
	(133, 2, 11, 0, 'manual', NULL, NULL, NULL, 0, 'absen', NULL),
	(134, 2, 3, 1, 'manual', NULL, NULL, NULL, 0, 'hadir', NULL),
	(135, 2, 5, 1, 'manual', NULL, NULL, NULL, 0, 'hadir', NULL),
	(138, 3, 13, 0, 'manual', NULL, NULL, NULL, 0, 'absen', NULL),
	(139, 3, 4, 1, 'manual', NULL, NULL, NULL, 0, 'hadir', NULL),
	(140, 3, 8, 1, 'manual', NULL, NULL, NULL, 0, 'hadir', NULL),
	(141, 3, 6, 0, 'manual', NULL, NULL, NULL, 0, 'absen', NULL),
	(142, 3, 7, 0, 'manual', NULL, NULL, NULL, 0, 'absen', NULL),
	(143, 3, 14, 1, 'manual', NULL, NULL, NULL, 0, 'hadir', NULL),
	(144, 3, 2, 1, 'manual', NULL, NULL, NULL, 0, 'hadir', NULL),
	(145, 3, 15, 1, 'manual', NULL, NULL, NULL, 0, 'hadir', NULL),
	(146, 3, 9, 0, 'manual', NULL, NULL, NULL, 0, 'absen', NULL),
	(147, 3, 10, 1, 'manual', NULL, NULL, NULL, 0, 'hadir', NULL),
	(148, 3, 11, 1, 'manual', NULL, NULL, NULL, 0, 'hadir', NULL),
	(149, 3, 3, 1, 'manual', NULL, NULL, NULL, 0, 'hadir', NULL),
	(150, 3, 5, 1, 'manual', NULL, NULL, NULL, 0, 'hadir', NULL),
	(153, 4, 13, 1, 'manual', NULL, NULL, NULL, 0, 'hadir', NULL),
	(154, 4, 4, 1, 'manual', NULL, NULL, NULL, 0, 'hadir', NULL),
	(155, 4, 8, 1, 'manual', NULL, NULL, NULL, 0, 'hadir', NULL),
	(156, 4, 6, 0, 'manual', NULL, NULL, NULL, 0, 'absen', NULL),
	(157, 4, 7, 0, 'manual', NULL, NULL, NULL, 0, 'absen', NULL),
	(158, 4, 14, 1, 'manual', NULL, NULL, NULL, 0, 'hadir', NULL),
	(159, 4, 2, 1, 'manual', NULL, NULL, NULL, 0, 'hadir', NULL),
	(160, 4, 15, 0, 'manual', NULL, NULL, NULL, 0, 'absen', NULL),
	(161, 4, 9, 0, 'manual', NULL, NULL, NULL, 0, 'absen', NULL),
	(162, 4, 10, 0, 'manual', NULL, NULL, NULL, 0, 'absen', NULL),
	(163, 4, 11, 0, 'manual', NULL, NULL, NULL, 0, 'absen', NULL),
	(164, 4, 3, 1, 'manual', NULL, NULL, NULL, 0, 'hadir', NULL),
	(165, 4, 5, 1, 'manual', NULL, NULL, NULL, 0, 'hadir', NULL),
	(552, 10, 16, 1, 'manual', NULL, NULL, NULL, 0, 'telat', NULL),
	(752, 13, 16, 0, 'manual', NULL, NULL, NULL, 0, 'absen', NULL),
	(554, 10, 13, 1, 'manual', NULL, NULL, NULL, 0, 'hadir', NULL),
	(555, 10, 4, 1, 'manual', NULL, NULL, NULL, 0, 'telat', 'Jemput dendra'),
	(556, 10, 8, 0, 'manual', NULL, NULL, NULL, 0, 'absen', NULL),
	(557, 10, 6, 1, 'manual', NULL, NULL, NULL, 0, 'telat', 'With dendra'),
	(753, 13, 13, 0, 'manual', NULL, NULL, NULL, 0, 'absen', NULL),
	(559, 10, 7, 0, 'manual', NULL, NULL, NULL, 0, 'sakit', NULL),
	(560, 10, 20, 0, 'manual', NULL, NULL, NULL, 0, 'absen', NULL),
	(561, 10, 14, 1, 'manual', NULL, NULL, NULL, 0, 'hadir', NULL),
	(562, 10, 21, 0, 'manual', NULL, NULL, NULL, 0, 'absen', NULL),
	(563, 10, 2, 1, 'manual', NULL, NULL, NULL, 0, 'telat', 'Pertama'),
	(564, 10, 15, 1, 'manual', NULL, NULL, NULL, 0, 'telat', 'Kedua'),
	(754, 13, 4, 1, 'manual', NULL, NULL, NULL, 0, 'hadir', NULL),
	(566, 10, 9, 0, 'manual', NULL, NULL, NULL, 0, 'absen', NULL),
	(567, 10, 10, 0, 'manual', NULL, NULL, NULL, 0, 'absen', NULL),
	(568, 10, 11, 1, 'manual', NULL, NULL, NULL, 0, 'telat', 'Ketiga'),
	(569, 10, 3, 1, 'manual', NULL, NULL, NULL, 0, 'telat', NULL),
	(570, 10, 17, 1, 'manual', NULL, NULL, NULL, 0, 'telat', 'Keempat'),
	(424, 9, 16, 1, 'manual', NULL, NULL, NULL, 0, 'telat', 'Telat'),
	(425, 9, 13, 1, 'manual', NULL, NULL, NULL, 0, 'hadir', NULL),
	(426, 9, 4, 1, 'manual', NULL, NULL, NULL, 0, 'telat', NULL),
	(427, 9, 8, 0, 'manual', NULL, NULL, NULL, 0, 'absen', NULL),
	(428, 9, 6, 1, 'manual', NULL, NULL, NULL, 0, 'telat', NULL),
	(429, 9, 7, 0, 'manual', NULL, NULL, NULL, 0, 'absen', 'Lagi ada tugas kuliah'),
	(430, 9, 20, 1, 'manual', NULL, NULL, NULL, 0, 'telat', NULL),
	(431, 9, 14, 1, 'manual', NULL, NULL, NULL, 0, 'telat', NULL),
	(432, 9, 21, 1, 'manual', NULL, NULL, NULL, 0, 'telat', NULL),
	(433, 9, 2, 1, 'manual', NULL, NULL, NULL, 0, 'hadir', NULL),
	(434, 9, 15, 0, 'manual', NULL, NULL, NULL, 0, 'absen', 'Kerja'),
	(435, 9, 9, 0, 'manual', NULL, NULL, NULL, 0, 'absen', NULL),
	(436, 9, 10, 0, 'manual', NULL, NULL, NULL, 0, 'absen', NULL),
	(437, 9, 11, 1, 'manual', NULL, NULL, NULL, 0, 'telat', NULL),
	(438, 9, 3, 1, 'manual', NULL, NULL, NULL, 0, 'telat', NULL),
	(439, 9, 17, 1, 'manual', NULL, NULL, NULL, 0, 'telat', NULL),
	(440, 9, 5, 0, 'manual', NULL, NULL, NULL, 0, 'absen', 'Lomba katanya'),
	(455, 8, 3, 1, 'manual', NULL, NULL, NULL, 0, 'hadir', NULL),
	(456, 8, 17, 1, 'manual', NULL, NULL, NULL, 0, 'telat', 'Insya allah'),
	(457, 8, 5, 1, 'manual', NULL, NULL, NULL, 0, 'hadir', NULL),
	(755, 13, 8, 0, 'manual', NULL, NULL, NULL, 0, 'absen', NULL),
	(572, 10, 5, 1, 'manual', NULL, NULL, NULL, 0, 'telat', 'Bersama rifat'),
	(756, 13, 6, 0, 'manual', NULL, NULL, NULL, 0, 'absen', NULL),
	(757, 13, 7, 0, 'manual', NULL, NULL, NULL, 0, 'absen', NULL),
	(758, 13, 20, 0, 'manual', NULL, NULL, NULL, 0, 'absen', NULL),
	(759, 13, 14, 0, 'manual', NULL, NULL, NULL, 0, 'absen', NULL),
	(760, 13, 21, 0, 'manual', NULL, NULL, NULL, 0, 'absen', NULL),
	(761, 13, 2, 1, 'manual', NULL, NULL, NULL, 0, 'hadir', NULL),
	(762, 13, 15, 0, 'manual', NULL, NULL, NULL, 0, 'absen', NULL),
	(763, 13, 9, 0, 'manual', NULL, NULL, NULL, 0, 'absen', NULL),
	(764, 13, 10, 0, 'manual', NULL, NULL, NULL, 0, 'absen', NULL),
	(765, 13, 11, 0, 'manual', NULL, NULL, NULL, 0, 'absen', NULL),
	(766, 13, 3, 1, 'manual', NULL, NULL, NULL, 0, 'hadir', NULL),
	(767, 13, 17, 0, 'manual', NULL, NULL, NULL, 0, 'absen', NULL),
	(768, 13, 5, 0, 'manual', NULL, NULL, NULL, 0, 'absen', NULL),
	(789, 14, 13, 0, 'manual', NULL, NULL, NULL, 0, 'absen', NULL),
	(790, 14, 4, 1, 'manual', NULL, NULL, NULL, 0, 'hadir', NULL),
	(732, 12, 16, 1, 'manual', NULL, NULL, NULL, 0, 'hadir', NULL),
	(733, 12, 13, 0, 'manual', NULL, NULL, NULL, 0, 'absen', NULL),
	(734, 12, 4, 1, 'manual', NULL, NULL, NULL, 0, 'hadir', NULL),
	(735, 12, 8, 0, 'manual', NULL, NULL, NULL, 0, 'absen', NULL),
	(736, 12, 6, 0, 'manual', NULL, NULL, NULL, 0, 'absen', NULL),
	(737, 12, 7, 1, 'manual', NULL, NULL, NULL, 0, 'hadir', NULL),
	(738, 12, 20, 0, 'manual', NULL, NULL, NULL, 0, 'absen', NULL),
	(739, 12, 14, 1, 'manual', NULL, NULL, NULL, 0, 'hadir', NULL),
	(740, 12, 21, 0, 'manual', NULL, NULL, NULL, 0, 'absen', NULL),
	(741, 12, 2, 1, 'manual', NULL, NULL, NULL, 0, 'hadir', NULL),
	(742, 12, 15, 0, 'manual', NULL, NULL, NULL, 0, 'absen', NULL),
	(743, 12, 9, 0, 'manual', NULL, NULL, NULL, 0, 'absen', NULL),
	(744, 12, 10, 0, 'manual', NULL, NULL, NULL, 0, 'absen', NULL),
	(745, 12, 11, 0, 'manual', NULL, NULL, NULL, 0, 'izin', 'Kecapean, mau istirahat dulu'),
	(746, 12, 3, 1, 'manual', NULL, NULL, NULL, 0, 'hadir', NULL),
	(747, 12, 17, 0, 'manual', NULL, NULL, NULL, 0, 'absen', NULL),
	(748, 12, 5, 0, 'manual', NULL, NULL, NULL, 0, 'absen', NULL),
	(791, 14, 8, 0, 'manual', NULL, NULL, NULL, 0, 'absen', NULL),
	(792, 14, 6, 0, 'manual', NULL, NULL, NULL, 0, 'absen', NULL),
	(794, 14, 20, 0, 'manual', NULL, NULL, NULL, 0, 'absen', NULL),
	(795, 14, 14, 0, 'manual', NULL, NULL, NULL, 0, 'absen', NULL),
	(796, 14, 21, 0, 'manual', NULL, NULL, NULL, 0, 'absen', NULL),
	(797, 14, 2, 1, 'manual', NULL, NULL, NULL, 0, 'hadir', NULL),
	(798, 14, 15, 0, 'manual', NULL, NULL, NULL, 0, 'absen', NULL),
	(799, 14, 9, 0, 'manual', NULL, NULL, NULL, 0, 'absen', NULL),
	(800, 14, 10, 0, 'manual', NULL, NULL, NULL, 0, 'absen', NULL),
	(801, 14, 11, 0, 'manual', NULL, NULL, NULL, 0, 'absen', NULL),
	(802, 14, 3, 1, 'manual', NULL, NULL, NULL, 0, 'telat', 'Beres Mubes Orda'),
	(803, 14, 17, 0, 'manual', NULL, NULL, NULL, 0, 'absen', NULL),
	(804, 14, 5, 0, 'manual', NULL, NULL, NULL, 0, 'absen', NULL),
	(805, 14, 7, 0, 'quick', '2026-06-19 18:29:30.229623', NULL, NULL, 0, 'izin', ''),
	(806, 14, 16, 0, 'quick', '2026-06-19 21:57:57.265468', NULL, NULL, 0, 'izin', ''),
	(827, 11, 16, 1, 'manual', NULL, NULL, NULL, 0, 'hadir', NULL),
	(828, 11, 13, 1, 'manual', NULL, NULL, NULL, 0, 'hadir', NULL),
	(829, 11, 4, 1, 'manual', NULL, NULL, NULL, 0, 'hadir', NULL),
	(830, 11, 8, 0, 'manual', NULL, NULL, NULL, 0, 'absen', NULL),
	(831, 11, 6, 0, 'manual', NULL, NULL, NULL, 0, 'izin', NULL),
	(832, 11, 7, 1, 'manual', NULL, NULL, NULL, 0, 'hadir', NULL),
	(833, 11, 20, 0, 'manual', NULL, NULL, NULL, 0, 'izin', 'Kerja'),
	(834, 11, 14, 1, 'manual', NULL, NULL, NULL, 0, 'hadir', NULL),
	(835, 11, 21, 1, 'manual', NULL, NULL, NULL, 0, 'hadir', NULL),
	(836, 11, 2, 1, 'manual', NULL, NULL, NULL, 0, 'hadir', NULL),
	(837, 11, 15, 1, 'manual', NULL, NULL, NULL, 0, 'hadir', NULL),
	(838, 11, 9, 0, 'manual', NULL, NULL, NULL, 0, 'absen', NULL),
	(839, 11, 10, 0, 'manual', NULL, NULL, NULL, 0, 'absen', NULL),
	(840, 11, 11, 1, 'manual', NULL, NULL, NULL, 0, 'hadir', NULL),
	(841, 11, 3, 1, 'manual', NULL, NULL, NULL, 0, 'hadir', NULL),
	(842, 11, 17, 0, 'manual', NULL, NULL, NULL, 0, 'izin', 'Reuni Alumni + wisudaan di pondoknya di Subang'),
	(843, 11, 5, 1, 'manual', NULL, NULL, NULL, 0, 'hadir', NULL);
/*!40000 ALTER TABLE "absensi" ENABLE KEYS */;

-- Dumping data for table public.app_settings: -1 rows
/*!40000 ALTER TABLE "app_settings" DISABLE KEYS */;
INSERT INTO "app_settings" ("skey", "sval", "keterangan", "updated_at") VALUES
	('biaya_admin_fixed', '4000', 'Biaya admin Midtrans fixed (Rp) per transaksi', '2026-06-02 07:20:16.747266'),
	('biaya_admin_pct', '0.007', 'Biaya admin Midtrans persen (0.007 = 0.7%)', '2026-06-02 07:20:16.747266'),
	('biaya_aplikasi_fixed', '1000', 'Biaya aplikasi fixed (Rp) per transaksi', '2026-06-02 07:20:16.747266'),
	('biaya_aplikasi_pct', '0', 'Biaya aplikasi persen', '2026-06-02 07:20:16.747266'),
	('invoice_email_from', 'no-reply@hapfam.local', 'Alamat email pengirim invoice', '2026-06-02 07:20:16.747266'),
	('invoice_email_nama', 'HapFam SportApp', 'Nama pengirim invoice', '2026-06-02 07:20:16.747266');
/*!40000 ALTER TABLE "app_settings" ENABLE KEYS */;

-- Dumping data for table public.badges: -1 rows
/*!40000 ALTER TABLE "badges" DISABLE KEYS */;
INSERT INTO "badges" ("id", "kode", "nama", "deskripsi", "icon", "warna", "xp") VALUES
	(1, 'JOGGING_10', 'Jogging 10x', 'Hadir jogging 10 kali', 'bi-person-running', 'success', 100),
	(2, 'RAJIN_4W', 'Rajin 4 Minggu', 'Hadir 4 minggu berturut-turut', 'bi-fire', 'danger', 150),
	(3, 'TOP_ATTEND', 'Top Attendance', 'Top 3 kehadiran bulanan', 'bi-trophy-fill', 'warning', 200),
	(4, 'NIGHT_RUNNER', 'Night Runner', '5x olahraga malam', 'bi-moon-stars', 'dark', 80),
	(5, 'BADMINTON_WARRIOR', 'Badminton Warrior', 'Hadir 10x badminton', 'bi-shield-fill-check', 'info', 120),
	(6, 'FIRST_CHECKIN', 'First Check-in', 'Check-in pertama via QR', 'bi-qr-code-scan', 'primary', 30),
	(7, 'ALL_ROUNDER', 'All Rounder', 'Hadir di 3 jenis olahraga berbeda', 'bi-stars', 'warning', 150),
	(8, 'CONSISTENCY_KING', 'Consistency King', 'Score konsistensi >85%', 'bi-graph-up', 'success', 180),
	(9, 'EARLY_BIRD', 'Early Bird', '5x check-in <10 menit sebelum mulai', 'bi-sun', 'warning', 60),
	(10, 'FORUM_STAR', 'Forum Star', '50 post di forum', 'bi-chat-heart-fill', 'danger', 70);
/*!40000 ALTER TABLE "badges" ENABLE KEYS */;

-- Dumping data for table public.berita: -1 rows
/*!40000 ALTER TABLE "berita" DISABLE KEYS */;
INSERT INTO "berita" ("id", "judul", "isi", "gambar_url", "gambar_file_id", "created_at") VALUES
	(1, 'Putri KW dengan Senang Hati Terima Tongkat Estafet dari Gregoria Mercy Raya', '<p><span style="color: rgb(0, 0, 0);">Jakarta - Putri Kusuma Wardani dengan senang hati menerima tongkat estafet dari Gregoria Mariska Tunjung sebagai tulang punggung tunggal putri PBSI.</span></p><p><span style="color: rgb(0, 0, 0);">Gregoria memutuskan mundur dari Pelatnas PBSI pekan lalu. Dia mengundurkan diri karena kondisi kesehatannya yang belum pulih sepenuhnya dari vertigo.</span></p><p><br></p><p><span style="color: rgb(0, 0, 0);">Mundurnya Gregoria membuat Putri KW jadi andalan utama PBSI di nomor tunggal putri. Pebulutangkis berusia 23 tahun itu pun optimis bisa melanjutkan langkah seniornya tersebut.</span></p>', 'https://ik.imagekit.io/ahsansur/sportapp/berita/berita-1779362347_WO6ceqhnq.jpeg', '6a0eea2d5c7cd75eb8cb5ec7', '2026-05-21 10:44:13.957308');
/*!40000 ALTER TABLE "berita" ENABLE KEYS */;

-- Dumping data for table public.booking: -1 rows
/*!40000 ALTER TABLE "booking" DISABLE KEYS */;
INSERT INTO "booking" ("id", "tempat_id", "user_id", "tanggal", "jam_mulai", "jam_selesai", "status", "dp_status", "recurring", "recurring_until", "catatan", "created_at") VALUES
	(1, 3, 2, '2026-05-23', '16:00:00', '18:00:00', 'canceled', 'unpaid', NULL, NULL, 'DP', '2026-05-22 00:45:14.355745');
/*!40000 ALTER TABLE "booking" ENABLE KEYS */;

-- Dumping data for table public.catatan_hafalan: -1 rows
/*!40000 ALTER TABLE "catatan_hafalan" DISABLE KEYS */;
INSERT INTO "catatan_hafalan" ("id", "user_id", "jenis", "judul", "referensi", "target_ayat", "sudah_ayat", "status", "catatan", "last_review", "created_at", "updated_at") VALUES
	(1, 2, 'Quran', 'MI Pokok', '76:1-2', 1, 1, 'selesai', '', NULL, '2026-06-11 17:31:13.443017', '2026-06-11 17:32:01.99662');
/*!40000 ALTER TABLE "catatan_hafalan" ENABLE KEYS */;

-- Dumping data for table public.challenge_log: -1 rows
/*!40000 ALTER TABLE "challenge_log" DISABLE KEYS */;
INSERT INTO "challenge_log" ("id", "user_id", "challenge_key", "tanggal", "catatan", "created_at") VALUES
	(1, 2, 'dzikir_pagi', '2026-05-24', NULL, '2026-05-24 06:27:37.380155'),
	(3, 2, 'subuh_walk', '2026-05-24', NULL, '2026-05-24 06:31:17.872226'),
	(5, 2, 'ayat_harian', '2026-05-24', NULL, '2026-05-24 06:31:30.814959'),
	(7, 4, 'puasa_tasua_asyura', '2026-05-24', NULL, '2026-05-24 13:59:49.864411'),
	(11, 14, 'ayat_harian', '2026-05-24', NULL, '2026-05-24 15:09:15.284908'),
	(12, 3, 'ayat_harian', '2026-05-26', NULL, '2026-05-26 11:31:32.277207'),
	(14, 16, 'ayat_harian', '2026-05-29', NULL, '2026-05-29 10:01:14.497521'),
	(15, 20, 'ayat_harian', '2026-05-29', NULL, '2026-05-29 13:03:20.644834'),
	(16, 14, 'ayat_harian', '2026-05-29', NULL, '2026-05-29 17:24:49.678454'),
	(17, 2, 'ayat_harian', '2026-05-30', NULL, '2026-05-30 10:21:32.107295'),
	(18, 3, 'ayat_harian', '2026-05-31', NULL, '2026-05-31 16:40:08.47246'),
	(51, 16, 'ayat_harian', '2026-06-01', NULL, '2026-06-01 15:08:27.24533'),
	(52, 6, 'ayat_harian', '2026-06-01', NULL, '2026-06-01 22:14:46.78882');
/*!40000 ALTER TABLE "challenge_log" ENABLE KEYS */;

-- Dumping data for table public.challenge_master: -1 rows
/*!40000 ALTER TABLE "challenge_master" DISABLE KEYS */;
INSERT INTO "challenge_master" ("id", "kunci", "judul", "deskripsi", "icon", "warna", "aktif", "created_at") VALUES
	(1, 'ayat_harian', '1 Hari 1 Ayat', 'Baca minimal 1 ayat Al-Qur''an setiap hari.', 'bi-book', 'success', 1, '2026-05-24 08:39:45.801252'),
	(2, 'subuh_walk', 'Subuh Walk Challenge', 'Jalan kaki ≥10 menit setelah sholat Subuh.', 'bi-sunrise', 'warning', 1, '2026-05-24 08:39:45.841177'),
	(3, 'puasa_seninkamis', 'Puasa Senin-Kamis', 'Catat puasa sunnah Senin/Kamis hari ini.', 'bi-droplet-half', 'info', 1, '2026-05-24 08:39:45.887727'),
	(4, 'dzikir_pagi', 'Dzikir Pagi', 'Selesaikan rangkaian dzikir pagi.', 'bi-brightness-high', 'primary', 1, '2026-05-24 08:39:45.927186'),
	(5, 'dzikir_petang', 'Dzikir Petang', 'Selesaikan rangkaian dzikir petang.', 'bi-moon-stars', 'dark', 1, '2026-05-24 08:39:45.966648'),
	(11, 'puasa_ayyamul_bidh', 'Puasa Ayyamul Bidh', 'Puasa 13, 14, 15 Hijriyah (hari putih).', 'bi-moon', 'info', 1, '2026-05-24 09:12:01.835257'),
	(12, 'puasa_daud', 'Puasa Daud', 'Puasa selang-seling: sehari puasa, sehari berbuka.', 'bi-droplet', 'primary', 1, '2026-05-24 09:12:01.875835'),
	(13, 'puasa_syawal', 'Puasa 6 Hari Syawal', 'Puasa 6 hari di bulan Syawal setelah Ramadhan.', 'bi-stars', 'success', 1, '2026-05-24 09:12:01.915993'),
	(14, 'puasa_arafah', 'Puasa Arafah', 'Puasa 9 Dzulhijjah, menghapus dosa 2 tahun.', 'bi-sun', 'warning', 1, '2026-05-24 09:12:01.956198'),
	(15, 'puasa_tasua_asyura', 'Puasa Tasu''a & Asyura', 'Puasa 9 & 10 Muharram.', 'bi-droplet-half', 'dark', 1, '2026-05-24 09:12:01.996228'),
	(16, 'puasa_nisfu_syaban', 'Puasa Nisfu Sya''ban', 'Puasa di pertengahan bulan Sya''ban.', 'bi-moon-stars', 'secondary', 1, '2026-05-24 09:12:02.036358'),
	(17, 'puasa_ramadhan', 'Puasa Ramadhan', 'Puasa wajib di bulan Ramadhan.', 'bi-moon', 'success', 1, '2026-05-24 09:12:02.076612');
/*!40000 ALTER TABLE "challenge_master" ENABLE KEYS */;

-- Dumping data for table public.chat_forum: -1 rows
/*!40000 ALTER TABLE "chat_forum" DISABLE KEYS */;
INSERT INTO "chat_forum" ("id", "user_id", "pesan", "created_at", "parent_id", "updated_at") VALUES
	(4, 3, 'wa''alikumussalam', '2026-05-21 15:47:46.367728', NULL, NULL),
	(6, 2, 'Semangat malam. Untuk absen, dilakukan di area sekitar lapang, karena radius absen 150 meter dari lokasi. Terimakasih.', '2026-05-22 16:36:35.671593', NULL, '2026-05-23 05:52:06.486691'),
	(8, 4, 'Semangat pagi. Siapp laksanakan', '2026-05-23 06:18:22.527654', 6, NULL),
	(5, 2, 'siap kawans', '2026-05-22 00:37:27.733498', 4, '2026-05-23 06:42:22.877495'),
	(9, 2, 'Pengumuman, sudah ada kalkulator sehat, bisa dicoba', '2026-05-23 07:05:27.882099', NULL, NULL),
	(10, 4, 'Mantappp', '2026-05-23 16:24:57.427956', 9, NULL),
	(12, 2, 'ada fitur Kalender Hijriyah & Puasa Sunnah , boleh dicek', '2026-05-24 08:48:22.594551', NULL, NULL),
	(13, 2, 'Jadwal olahraga jogging pagi ini di rescheduke ke selaaa 2 juni 2026 sorean..', '2026-06-01 13:11:04.649424', NULL, NULL),
	(14, 6, 'Assalamualaikum sadayana☺️', '2026-06-01 22:16:47.249183', NULL, NULL),
	(15, 3, 'wa''alikumussalam broo', '2026-06-01 22:18:32.284391', 14, NULL),
	(16, 2, 'Walaikumsalam', '2026-06-02 00:06:07.527515', 14, '2026-06-02 00:06:28.40659'),
	(17, 3, 'info yang sudah di gor gess', '2026-06-02 16:10:53.192261', NULL, NULL),
	(18, 2, 'Perlengkapan Olahraga dan Pengalaman Hiking Camping tidak lupa di isi ya guys', '2026-06-03 05:39:14.331787', NULL, NULL);
/*!40000 ALTER TABLE "chat_forum" ENABLE KEYS */;

-- Dumping data for table public.chat_reactions: -1 rows
/*!40000 ALTER TABLE "chat_reactions" DISABLE KEYS */;
INSERT INTO "chat_reactions" ("chat_id", "user_id", "val") VALUES
	(4, 2, 1),
	(6, 2, 1),
	(8, 2, 1),
	(9, 14, 1),
	(12, 15, 1),
	(9, 15, 1),
	(14, 6, 1),
	(14, 3, 1),
	(14, 2, 1),
	(17, 2, 1),
	(15, 2, -1),
	(18, 3, 1),
	(18, 2, 1);
/*!40000 ALTER TABLE "chat_reactions" ENABLE KEYS */;

-- Dumping data for table public.device_locations: 8 rows
/*!40000 ALTER TABLE "device_locations" DISABLE KEYS */;
INSERT INTO "device_locations" ("user_id", "lat", "lng", "accuracy_m", "device_label", "updated_at") VALUES
	(6, -6.926498, 107.717051, 52.40, 'Mozilla/5.0 (Linux; Android 10; K) AppleWebKit/537.36 (KHTML, like Gecko) Chrome/149.0.0.0 Mobile Safari/537.36', '2026-06-20 01:42:04.236173'),
	(13, -6.890229, 107.608901, 11.38, 'Mozilla/5.0 (Linux; Android 10; K) AppleWebKit/537.36 (KHTML, like Gecko) Chrome/148.0.0.0 Mobile Safari/537.36', '2026-06-08 14:21:27.484395'),
	(3, -6.928896, 107.714625, 100.00, 'Mozilla/5.0 (Linux; Android 10; K) AppleWebKit/537.36 (KHTML, like Gecko) SamsungBrowser/30.0 Chrome/143.0.0.0 Mobile Sa', '2026-06-20 08:02:44.685647'),
	(14, -6.292972, 107.302198, 20.00, 'Mozilla/5.0 (Linux; Android 10; K) AppleWebKit/537.36 (KHTML, like Gecko) Chrome/148.0.0.0 Mobile Safari/537.36', '2026-06-01 09:16:06.165449'),
	(21, -6.246796, 107.071909, 28.10, 'Mozilla/5.0 (Linux; Android 10; K) AppleWebKit/537.36 (KHTML, like Gecko) Chrome/149.0.0.0 Mobile Safari/537.36', '2026-06-10 21:24:09.895067'),
	(4, -6.931919, 107.713750, 100.00, 'Mozilla/5.0 (Linux; Android 10; K) AppleWebKit/537.36 (KHTML, like Gecko) SamsungBrowser/30.0 Chrome/143.0.0.0 Mobile Sa', '2026-06-21 15:38:35.410294'),
	(2, -6.925473, 107.729439, 187.00, 'Mozilla/5.0 (Windows NT 10.0; Win64; x64; rv:151.0) Gecko/20100101 Firefox/151.0', '2026-06-21 17:27:06.279353'),
	(11, -6.939458, 107.707466, 13.45, 'Mozilla/5.0 (Linux; Android 10; K) AppleWebKit/537.36 (KHTML, like Gecko) Chrome/149.0.0.0 Mobile Safari/537.36', '2026-06-18 06:48:42.901152');
/*!40000 ALTER TABLE "device_locations" ENABLE KEYS */;

-- Dumping data for table public.device_location_history: 605 rows
/*!40000 ALTER TABLE "device_location_history" DISABLE KEYS */;
INSERT INTO "device_location_history" ("id", "user_id", "lat", "lng", "accuracy_m", "created_at") VALUES
	(431, 6, -6.914244, 107.697168, 14.93, '2026-06-01 22:12:19.118774'),
	(434, 6, -6.914253, 107.697165, 17.07, '2026-06-01 22:13:09.16133'),
	(440, 6, -6.914249, 107.697175, 20.42, '2026-06-01 22:14:52.413539'),
	(443, 6, -6.914243, 107.697171, 13.85, '2026-06-01 22:17:15.132446'),
	(446, 6, -6.914240, 107.697168, 15.38, '2026-06-01 22:18:14.464798'),
	(449, 4, -6.914464, 107.697124, 100.00, '2026-06-01 22:20:14.64417'),
	(452, 4, -6.914464, 107.697124, 100.00, '2026-06-01 22:20:56.289452'),
	(455, 3, -6.914249, 107.697170, 100.00, '2026-06-01 22:21:17.057545'),
	(458, 3, -6.914249, 107.697170, 100.00, '2026-06-01 22:21:45.660929'),
	(461, 3, -6.914249, 107.697170, 100.00, '2026-06-01 22:22:30.112235'),
	(464, 6, -6.914244, 107.697171, 14.54, '2026-06-01 22:23:04.384555'),
	(467, 6, -6.914244, 107.697175, 14.68, '2026-06-01 22:24:19.201369'),
	(470, 6, -6.914244, 107.697175, 14.68, '2026-06-01 22:24:57.157541'),
	(473, 6, -6.914244, 107.697175, 14.68, '2026-06-01 22:25:39.076751'),
	(800, 3, -6.928900, 107.714215, 100.00, '2026-06-04 15:32:26.533605'),
	(804, 3, -6.928900, 107.714215, 100.00, '2026-06-04 15:35:23.841067'),
	(807, 3, -6.928564, 107.714585, 100.00, '2026-06-04 15:36:25.718356'),
	(810, 4, -6.914240, 107.697175, 100.00, '2026-06-04 19:14:33.814968'),
	(819, 4, -6.955226, 107.696282, 110.00, '2026-06-05 07:29:06.695733'),
	(822, 4, -6.955308, 107.696204, 100.00, '2026-06-05 07:32:50.920138'),
	(825, 11, -6.955146, 107.693491, 3.07, '2026-06-05 07:57:21.913639'),
	(834, 11, -6.939466, 107.707478, 18.77, '2026-06-05 15:12:25.612628'),
	(837, 11, -6.939403, 107.707492, 22.41, '2026-06-05 15:14:02.009853'),
	(1454, 2, -6.926711, 107.729387, 100.00, '2026-06-18 06:23:05.869066'),
	(1460, 2, -6.925491, 107.729501, 24.90, '2026-06-18 06:30:24.07156'),
	(946, 3, -6.928952, 107.714696, 98.40, '2026-06-06 13:21:44.167489'),
	(950, 3, -6.930757, 107.712949, 100.00, '2026-06-06 14:33:08.199913'),
	(954, 11, -6.940840, 107.714570, 14.22, '2026-06-06 14:46:15.4874'),
	(958, 11, -6.940838, 107.714572, 14.27, '2026-06-06 14:47:57.908546'),
	(1466, 11, -6.939458, 107.707466, 13.45, '2026-06-18 06:48:42.955067'),
	(1472, 2, -6.925501, 107.729495, 56.10, '2026-06-18 07:56:03.252435'),
	(1478, 2, -6.925480, 107.729376, 60.00, '2026-06-18 08:04:33.508007'),
	(1384, 11, -6.939071, 107.713659, 15.25, '2026-06-16 15:58:16.939787'),
	(1419, 2, -6.859061, 107.733088, 100.00, '2026-06-17 09:03:08.544776'),
	(1423, 2, -6.856940, 107.732579, 26.78, '2026-06-17 09:13:02.960942'),
	(1427, 2, -6.856903, 107.732462, 20.00, '2026-06-17 09:17:52.609677'),
	(1431, 2, -6.895819, 107.640634, 14.76, '2026-06-17 12:37:11.566089'),
	(1435, 2, -6.895680, 107.640702, 26.40, '2026-06-17 12:48:52.604527'),
	(1439, 2, -6.895781, 107.640644, 12.73, '2026-06-17 12:53:28.272798'),
	(1443, 2, -6.895807, 107.640678, 3.30, '2026-06-17 12:59:23.1328'),
	(1447, 2, -6.925493, 107.729500, 28.10, '2026-06-17 23:18:52.355138'),
	(1451, 2, -6.926422, 107.730753, 15.10, '2026-06-18 06:18:52.205262'),
	(1484, 2, -6.925473, 107.729439, 187.00, '2026-06-18 08:56:53.613052'),
	(1490, 2, -6.925485, 107.729488, 9.00, '2026-06-18 09:41:09.922513'),
	(1496, 2, -6.925497, 107.729494, 39.60, '2026-06-18 09:49:35.391984'),
	(1502, 2, -6.925507, 107.729479, 24.90, '2026-06-18 10:30:28.854263'),
	(1508, 2, -6.925468, 107.729508, 4.50, '2026-06-18 10:34:39.864202'),
	(1514, 2, -6.925511, 107.729485, 15.96, '2026-06-18 10:45:11.647687'),
	(1520, 3, -6.928962, 107.714614, 100.00, '2026-06-18 10:56:31.149128'),
	(1526, 2, -6.925507, 107.729507, 9.40, '2026-06-18 11:25:12.840315'),
	(1532, 2, -6.925490, 107.729499, 36.90, '2026-06-18 11:30:35.311774'),
	(78, 3, -6.906189, 107.657360, 128.37, '2026-05-31 16:06:17.643089'),
	(79, 3, -6.907269, 107.657232, 100.00, '2026-05-31 16:08:14.281336'),
	(80, 3, -6.907269, 107.657232, 100.00, '2026-05-31 16:09:33.818083'),
	(81, 3, -6.907269, 107.657232, 100.00, '2026-05-31 16:10:24.264631'),
	(82, 3, -6.907269, 107.657232, 100.00, '2026-05-31 16:13:50.295841'),
	(83, 3, -6.907563, 107.657972, 100.00, '2026-05-31 16:14:08.359027'),
	(84, 3, -6.906640, 107.657430, 100.00, '2026-05-31 16:14:13.419149'),
	(85, 3, -6.906640, 107.657430, 100.00, '2026-05-31 16:15:06.698168'),
	(86, 3, -6.906640, 107.657430, 100.00, '2026-05-31 16:15:31.171919'),
	(87, 3, -6.901992, 107.655138, 8.73, '2026-05-31 16:30:01.967854'),
	(88, 3, -6.902028, 107.655140, 50.11, '2026-05-31 16:30:35.165213'),
	(89, 3, -6.902028, 107.655140, 92.12, '2026-05-31 16:31:07.331414'),
	(90, 3, -6.902028, 107.655140, 100.00, '2026-05-31 16:31:46.438103'),
	(91, 3, -6.902028, 107.655140, 100.00, '2026-05-31 16:32:19.164335'),
	(92, 3, -6.902028, 107.655140, 100.00, '2026-05-31 16:32:54.919811'),
	(93, 3, -6.902028, 107.655140, 100.00, '2026-05-31 16:33:27.736967'),
	(94, 3, -6.902028, 107.655140, 100.00, '2026-05-31 16:33:57.968374'),
	(95, 3, -6.902028, 107.655140, 100.00, '2026-05-31 16:34:56.778641'),
	(96, 3, -6.902028, 107.655140, 100.00, '2026-05-31 16:35:34.508509'),
	(97, 3, -6.902028, 107.655140, 100.00, '2026-05-31 16:36:27.437737'),
	(98, 3, -6.901970, 107.655123, 15.43, '2026-05-31 16:40:05.411649'),
	(99, 3, -6.901956, 107.655125, 15.92, '2026-05-31 16:40:22.824217'),
	(100, 3, -6.901970, 107.655115, 16.24, '2026-05-31 16:41:05.341275'),
	(101, 3, -6.901970, 107.655115, 100.00, '2026-05-31 16:43:15.470448'),
	(102, 3, -6.901970, 107.655115, 100.00, '2026-05-31 16:43:41.532509'),
	(103, 3, -6.901937, 107.655092, 15.85, '2026-05-31 16:45:26.699036'),
	(559, 4, -6.931886, 107.713719, 81.62, '2026-06-02 11:23:11.519965'),
	(560, 4, -6.931886, 107.713719, 100.00, '2026-06-02 11:24:44.999247'),
	(561, 4, -6.931886, 107.713719, 100.00, '2026-06-02 11:25:23.319291'),
	(562, 4, -6.931886, 107.713719, 100.00, '2026-06-02 11:25:51.495763'),
	(1538, 2, -6.925494, 107.729500, 26.40, '2026-06-18 11:39:22.317382'),
	(1544, 2, -6.925491, 107.729498, 34.40, '2026-06-18 12:28:57.066071'),
	(1550, 2, -6.925498, 107.729496, 34.40, '2026-06-18 12:32:10.07252'),
	(1556, 2, -6.925330, 107.729543, 9.60, '2026-06-18 13:01:04.02861'),
	(1562, 2, -6.925495, 107.729490, 16.21, '2026-06-18 13:17:53.92505'),
	(1568, 2, -6.931796, 107.714604, 20.00, '2026-06-18 14:55:35.531039'),
	(1574, 2, -6.925493, 107.729502, 20.90, '2026-06-18 17:39:52.829135'),
	(1580, 2, -6.925488, 107.729432, 183.00, '2026-06-19 10:14:18.465664'),
	(1586, 2, -6.924975, 107.729567, 8.40, '2026-06-19 11:46:19.164579'),
	(1592, 2, -6.925118, 107.729328, 13.40, '2026-06-19 11:53:48.547196'),
	(1598, 2, -6.925848, 107.729367, 51.81, '2026-06-19 12:01:14.94086'),
	(1604, 2, -6.925349, 107.729366, 11.40, '2026-06-19 12:08:56.831905'),
	(1610, 2, -6.925475, 107.729431, 7.90, '2026-06-19 12:13:50.087798'),
	(1616, 4, -6.931784, 107.713752, 100.00, '2026-06-19 13:09:09.589322'),
	(1622, 4, -6.931784, 107.713752, 100.00, '2026-06-19 13:16:16.149666'),
	(1628, 4, -6.931784, 107.713752, 100.00, '2026-06-19 13:22:43.412822'),
	(1634, 4, -6.937739, 107.684982, 300.00, '2026-06-19 14:50:40.639074'),
	(1640, 4, -6.952826, 107.455952, 100.00, '2026-06-20 00:34:08.32126'),
	(1646, 4, -6.952656, 107.456177, 100.00, '2026-06-20 04:47:51.284106'),
	(1652, 3, -6.928896, 107.714625, 100.00, '2026-06-20 08:00:48.993678'),
	(1658, 4, -6.920841, 107.657616, 100.00, '2026-06-20 16:39:38.202873'),
	(1664, 2, -6.925502, 107.729426, 183.00, '2026-06-21 17:15:39.897446'),
	(429, 6, -6.914253, 107.697169, 34.40, '2026-06-01 22:11:36.709962'),
	(432, 6, -6.914240, 107.697164, 26.40, '2026-06-01 22:12:31.127865'),
	(435, 6, -6.914244, 107.697145, 22.84, '2026-06-01 22:13:27.885783'),
	(438, 6, -6.914247, 107.697163, 48.90, '2026-06-01 22:14:21.683391'),
	(441, 6, -6.914248, 107.697158, 82.50, '2026-06-01 22:15:11.200288'),
	(444, 4, -6.914464, 107.697124, 84.38, '2026-06-01 22:17:57.638881'),
	(447, 6, -6.914247, 107.697168, 14.26, '2026-06-01 22:18:30.304242'),
	(117, 3, -6.914253, 107.697175, 100.00, '2026-05-31 23:50:56.179853'),
	(118, 4, -6.914251, 107.697157, 100.00, '2026-05-31 23:51:03.649937'),
	(450, 3, -6.914249, 107.697170, 100.00, '2026-06-01 22:20:17.540101'),
	(453, 6, -6.914248, 107.697172, 15.19, '2026-06-01 22:20:58.536196'),
	(121, 3, -6.914253, 107.697175, 100.00, '2026-05-31 23:51:36.47147'),
	(122, 4, -6.914251, 107.697157, 100.00, '2026-05-31 23:51:55.996465'),
	(123, 3, -6.914253, 107.697175, 100.00, '2026-05-31 23:52:05.567464'),
	(456, 4, -6.914464, 107.697124, 100.00, '2026-06-01 22:21:26.983415'),
	(125, 3, -6.914454, 107.697301, 49.14, '2026-05-31 23:52:58.320067'),
	(126, 4, -6.914251, 107.697157, 100.00, '2026-05-31 23:53:12.025083'),
	(127, 4, -6.914251, 107.697157, 100.00, '2026-05-31 23:53:44.840796'),
	(459, 6, -6.914244, 107.697171, 14.54, '2026-06-01 22:21:56.47828'),
	(129, 4, -6.914251, 107.697157, 100.00, '2026-05-31 23:54:13.52953'),
	(462, 4, -6.914464, 107.697124, 100.00, '2026-06-01 22:22:31.329956'),
	(465, 6, -6.914242, 107.697167, 14.49, '2026-06-01 22:23:37.300186'),
	(132, 3, -6.914454, 107.697301, 100.00, '2026-05-31 23:55:50.14471'),
	(133, 4, -6.914251, 107.697157, 100.00, '2026-05-31 23:56:13.409657'),
	(468, 4, -6.914464, 107.697124, 100.00, '2026-06-01 22:24:34.663227'),
	(135, 4, -6.914251, 107.697157, 100.00, '2026-05-31 23:56:45.836936'),
	(471, 4, -6.914464, 107.697124, 100.00, '2026-06-01 22:25:04.550666'),
	(138, 3, -6.914454, 107.697301, 100.00, '2026-05-31 23:57:22.670545'),
	(139, 4, -6.914251, 107.697157, 100.00, '2026-05-31 23:58:10.502113'),
	(140, 3, -6.914454, 107.697301, 100.00, '2026-05-31 23:58:31.611731'),
	(141, 4, -6.914162, 107.697178, 99.64, '2026-06-01 00:00:03.881515'),
	(143, 4, -6.914162, 107.697178, 100.00, '2026-06-01 00:02:10.510743'),
	(145, 4, -6.914162, 107.697178, 100.00, '2026-06-01 00:08:41.815307'),
	(147, 4, -6.914259, 107.697167, 14.51, '2026-06-01 00:09:03.732252'),
	(801, 3, -6.928900, 107.714215, 100.00, '2026-06-04 15:33:39.918187'),
	(149, 4, -6.914255, 107.697156, 14.29, '2026-06-01 00:10:05.120751'),
	(151, 4, -6.914257, 107.697163, 72.22, '2026-06-01 00:11:10.530311'),
	(947, 3, -6.928905, 107.714582, 53.08, '2026-06-06 13:23:26.373689'),
	(154, 4, -6.914255, 107.697171, 15.02, '2026-06-01 00:13:02.765293'),
	(951, 11, -6.940841, 107.714578, 14.02, '2026-06-06 14:45:02.774256'),
	(955, 11, -6.940840, 107.714576, 13.64, '2026-06-06 14:47:16.982329'),
	(959, 11, -6.940832, 107.714570, 16.62, '2026-06-06 14:48:06.001653'),
	(635, 3, -6.928974, 107.714717, 104.10, '2026-06-03 05:56:26.695484'),
	(638, 3, -6.929037, 107.714701, 110.00, '2026-06-03 05:59:46.302498'),
	(641, 3, -6.928797, 107.714451, 128.90, '2026-06-03 06:04:13.075208'),
	(967, 3, -6.930734, 107.712935, 21.60, '2026-06-06 16:40:39.755043'),
	(980, 13, -6.890229, 107.608901, 11.38, '2026-06-08 14:21:27.529916'),
	(983, 3, -6.928831, 107.714617, 130.78, '2026-06-09 11:24:30.901127'),
	(168, 14, -6.292970, 107.302204, 19.56, '2026-06-01 09:12:22.897825'),
	(169, 14, -6.292973, 107.302197, 20.00, '2026-06-01 09:13:31.3428'),
	(170, 14, -6.292966, 107.302206, 14.85, '2026-06-01 09:13:55.641584'),
	(171, 14, -6.292970, 107.302204, 24.93, '2026-06-01 09:14:01.722147'),
	(172, 14, -6.292970, 107.302202, 20.00, '2026-06-01 09:14:30.933659'),
	(173, 14, -6.292967, 107.302203, 20.00, '2026-06-01 09:15:05.062035'),
	(174, 14, -6.292968, 107.302201, 18.21, '2026-06-01 09:15:28.912681'),
	(175, 14, -6.292972, 107.302198, 20.00, '2026-06-01 09:16:06.20698'),
	(986, 3, -6.930860, 107.718375, 82.11, '2026-06-09 13:15:29.707789'),
	(1004, 3, -6.930682, 107.718302, 17.55, '2026-06-10 13:22:33.214044'),
	(1007, 3, -6.930682, 107.718302, 100.00, '2026-06-10 13:24:13.150525'),
	(1013, 21, -6.246797, 107.071908, 22.50, '2026-06-10 21:10:41.949912'),
	(1016, 21, -6.246797, 107.071909, 20.00, '2026-06-10 21:12:00.503517'),
	(1019, 21, -6.246797, 107.071905, 26.40, '2026-06-10 21:13:35.252857'),
	(1022, 21, -6.246793, 107.071907, 22.50, '2026-06-10 21:14:15.550127'),
	(1025, 21, -6.246797, 107.071908, 22.50, '2026-06-10 21:21:14.851175'),
	(734, 3, -6.930821, 107.718245, 100.00, '2026-06-03 13:37:17.858033'),
	(737, 11, -6.940841, 107.714567, 18.17, '2026-06-03 14:23:54.522728'),
	(230, 4, -6.925610, 107.729378, 500.00, '2026-06-01 12:38:13.507923'),
	(231, 4, -6.925610, 107.729378, 500.00, '2026-06-01 12:38:32.061847'),
	(1385, 11, -6.939148, 107.713637, 19.60, '2026-06-16 15:59:24.335835'),
	(760, 3, -6.928900, 107.714215, 100.00, '2026-06-03 19:13:00.259043'),
	(762, 3, -6.928900, 107.714215, 100.00, '2026-06-03 19:16:56.485958'),
	(1415, 2, -6.856905, 107.732461, 20.00, '2026-06-17 08:54:57.828094'),
	(1028, 21, -6.246796, 107.071909, 28.10, '2026-06-10 21:24:09.935823'),
	(1031, 3, -6.932093, 107.715132, 4.39, '2026-06-11 06:43:17.525237'),
	(1034, 3, -6.928856, 107.714667, 100.00, '2026-06-11 07:04:00.539286'),
	(1037, 3, -6.928856, 107.714667, 100.00, '2026-06-11 07:08:32.694918'),
	(1040, 3, -6.928856, 107.714667, 100.00, '2026-06-11 07:11:42.365642'),
	(1043, 3, -6.928856, 107.714667, 100.00, '2026-06-11 07:13:27.406817'),
	(1046, 3, -6.928856, 107.714667, 100.00, '2026-06-11 07:14:57.611951'),
	(1049, 3, -6.928856, 107.714667, 100.00, '2026-06-11 07:16:37.219233'),
	(1052, 4, -6.931819, 107.718074, 100.00, '2026-06-11 15:51:25.570613'),
	(636, 3, -6.928933, 107.714648, 98.40, '2026-06-03 05:57:04.823617'),
	(639, 3, -6.928797, 107.714451, 128.90, '2026-06-03 06:01:36.707764'),
	(1381, 3, -6.940672, 107.679086, 100.00, '2026-06-16 15:50:21.917016'),
	(1386, 11, -6.939064, 107.713672, 14.38, '2026-06-16 16:00:15.118985'),
	(1416, 2, -6.856915, 107.732590, 32.66, '2026-06-17 08:59:25.434392'),
	(1420, 2, -6.859089, 107.732348, 100.00, '2026-06-17 09:05:08.548029'),
	(270, 4, -6.955900, 107.649900, 20000.00, '2026-06-01 13:15:09.568561'),
	(271, 4, -6.955900, 107.649900, 20000.00, '2026-06-01 13:15:16.771537'),
	(272, 4, -6.955900, 107.649900, 20000.00, '2026-06-01 13:15:32.686506'),
	(273, 4, -6.955900, 107.649900, 20000.00, '2026-06-01 13:15:58.72261'),
	(1424, 2, -6.856908, 107.732459, 16.78, '2026-06-17 09:13:14.726572'),
	(1428, 2, -6.895833, 107.640631, 14.60, '2026-06-17 12:32:53.215593'),
	(1432, 2, -6.895791, 107.640658, 13.90, '2026-06-17 12:40:00.685306'),
	(277, 4, -6.925610, 107.729378, 500.00, '2026-06-01 13:17:53.586953'),
	(1436, 2, -6.895680, 107.640702, 26.40, '2026-06-17 12:49:17.888144'),
	(735, 3, -6.930821, 107.718245, 100.00, '2026-06-03 13:38:28.694685'),
	(1440, 2, -6.895778, 107.640656, 12.45, '2026-06-17 12:55:26.515372'),
	(281, 4, -6.925610, 107.729378, 500.00, '2026-06-01 13:25:54.696475'),
	(282, 4, -6.925610, 107.729378, 381.00, '2026-06-01 13:27:55.225595'),
	(283, 4, -6.925610, 107.729378, 381.00, '2026-06-01 13:29:57.442825'),
	(284, 4, -6.925610, 107.729378, 500.00, '2026-06-01 13:31:56.343209'),
	(285, 4, -6.925610, 107.729378, 381.00, '2026-06-01 13:33:59.28349'),
	(286, 4, -6.925610, 107.729378, 381.00, '2026-06-01 13:35:57.783616'),
	(287, 4, -6.925610, 107.729378, 381.00, '2026-06-01 13:37:57.750906'),
	(1444, 11, -6.938622, 107.712364, 100.00, '2026-06-17 15:51:18.57951'),
	(1448, 2, -6.925488, 107.729501, 36.90, '2026-06-17 23:19:20.561794'),
	(1452, 2, -6.927369, 107.729017, 300.00, '2026-06-18 06:20:53.17437'),
	(1455, 2, -6.925494, 107.729495, 48.90, '2026-06-18 06:24:58.029549'),
	(1461, 2, -6.925492, 107.729501, 34.40, '2026-06-18 06:31:05.011357'),
	(1467, 2, -6.925494, 107.729500, 23.60, '2026-06-18 07:49:02.339791'),
	(1473, 2, -6.925517, 107.729538, 91.20, '2026-06-18 08:00:03.896625'),
	(1479, 2, -6.925504, 107.729461, 42.50, '2026-06-18 08:05:07.959091'),
	(296, 4, -6.925610, 107.729378, 381.00, '2026-06-01 14:09:09.292807'),
	(297, 4, -6.925610, 107.729378, 381.00, '2026-06-01 14:09:28.764134'),
	(298, 4, -6.925610, 107.729378, 381.00, '2026-06-01 14:09:35.910165'),
	(299, 4, -6.925610, 107.729378, 500.00, '2026-06-01 14:11:32.10936'),
	(759, 3, -6.928886, 107.714585, 200.00, '2026-06-03 17:40:23.156695'),
	(301, 4, -6.925610, 107.729378, 381.00, '2026-06-01 14:12:49.638134'),
	(761, 3, -6.928900, 107.714215, 100.00, '2026-06-03 19:15:47.818704'),
	(1485, 2, -6.925438, 107.729323, 11.40, '2026-06-18 09:34:48.333116'),
	(1491, 2, -6.925490, 107.729500, 36.90, '2026-06-18 09:42:02.639695'),
	(305, 4, -6.925610, 107.729378, 381.00, '2026-06-01 14:14:41.398264'),
	(306, 4, -6.925610, 107.729378, 381.00, '2026-06-01 14:15:44.367443'),
	(1497, 2, -6.925493, 107.729501, 64.10, '2026-06-18 09:55:22.813199'),
	(1503, 2, -6.925484, 107.729480, 9.60, '2026-06-18 10:30:34.365141'),
	(1509, 2, -6.925338, 107.729518, 3.60, '2026-06-18 10:38:16.053282'),
	(1515, 2, -6.925510, 107.729490, 5.80, '2026-06-18 10:45:31.163196'),
	(1521, 2, -6.925505, 107.729484, 14.61, '2026-06-18 11:19:30.079461'),
	(312, 4, -6.925610, 107.729378, 500.00, '2026-06-01 14:17:36.962247'),
	(1527, 2, -6.925457, 107.729553, 8.80, '2026-06-18 11:27:14.195826'),
	(1533, 2, -6.925490, 107.729500, 34.40, '2026-06-18 11:32:35.856076'),
	(315, 4, -6.925610, 107.729378, 381.00, '2026-06-01 14:19:37.54986'),
	(316, 4, -6.925610, 107.729378, 500.00, '2026-06-01 14:21:36.964166'),
	(1539, 2, -6.925463, 107.729430, 94.20, '2026-06-18 12:19:34.004566'),
	(1545, 2, -6.925498, 107.729493, 34.40, '2026-06-18 12:29:12.526487'),
	(1551, 2, -6.925498, 107.729496, 34.40, '2026-06-18 12:33:55.381773'),
	(1557, 2, -6.925492, 107.729501, 23.60, '2026-06-18 13:02:12.202848'),
	(802, 3, -6.928900, 107.714215, 100.00, '2026-06-04 15:34:10.170921'),
	(805, 3, -6.928564, 107.714585, 100.00, '2026-06-04 15:35:34.102806'),
	(808, 3, -6.928564, 107.714585, 100.00, '2026-06-04 15:36:50.46907'),
	(811, 3, -6.914257, 107.697173, 100.00, '2026-06-04 21:25:17.026417'),
	(1563, 2, -6.925499, 107.729497, 24.90, '2026-06-18 13:18:55.347691'),
	(1569, 2, -6.931797, 107.714602, 20.00, '2026-06-18 14:55:54.665992'),
	(820, 4, -6.955308, 107.696204, 96.25, '2026-06-05 07:29:23.780802'),
	(823, 4, -6.955424, 107.696330, 104.10, '2026-06-05 07:34:49.503086'),
	(1575, 2, -6.925494, 107.729499, 28.10, '2026-06-18 17:41:03.428509'),
	(1581, 2, -6.925542, 107.729409, 381.00, '2026-06-19 10:27:46.36861'),
	(1587, 2, -6.925197, 107.729720, 12.70, '2026-06-19 11:46:48.210718'),
	(835, 11, -6.939366, 107.707300, 7.65, '2026-06-05 15:12:40.982845'),
	(838, 11, -6.939409, 107.707487, 6.43, '2026-06-05 15:14:10.64582'),
	(1593, 2, -6.925118, 107.729328, 13.40, '2026-06-19 11:56:40.854537'),
	(1599, 2, -6.925848, 107.729367, 98.03, '2026-06-19 12:01:45.837182'),
	(1605, 2, -6.925348, 107.729367, 59.94, '2026-06-19 12:09:28.711172'),
	(1611, 2, -6.925632, 107.726534, 13.50, '2026-06-19 12:14:29.092184'),
	(1617, 4, -6.931784, 107.713752, 100.00, '2026-06-19 13:09:46.718154'),
	(1623, 4, -6.931784, 107.713752, 100.00, '2026-06-19 13:17:40.694033'),
	(1629, 4, -6.930496, 107.711744, 46.31, '2026-06-19 13:58:04.808947'),
	(1635, 4, -6.937739, 107.684982, 300.00, '2026-06-19 14:51:14.80495'),
	(1641, 6, -6.926383, 107.717134, 68.40, '2026-06-20 01:25:50.592609'),
	(1647, 4, -6.952656, 107.456177, 100.00, '2026-06-20 04:49:05.912606'),
	(1653, 3, -6.928896, 107.714625, 100.00, '2026-06-20 08:02:44.731024'),
	(1659, 4, -6.920841, 107.657616, 100.00, '2026-06-20 16:41:31.704025'),
	(1665, 2, -6.925473, 107.729439, 187.00, '2026-06-21 17:27:06.531021'),
	(904, 21, -6.925515, 107.729540, 36.90, '2026-06-06 09:52:29.698239'),
	(347, 4, -6.931890, 107.713711, 100.00, '2026-06-01 16:32:38.313528'),
	(348, 4, -6.931890, 107.713711, 100.00, '2026-06-01 16:34:50.787229'),
	(349, 4, -6.931832, 107.713737, 100.00, '2026-06-01 16:36:33.128683'),
	(350, 3, -6.914248, 107.697173, 19.89, '2026-06-01 19:14:02.594452'),
	(351, 3, -6.914248, 107.697173, 100.00, '2026-06-01 19:16:13.952241'),
	(352, 3, -6.914248, 107.697173, 100.00, '2026-06-01 19:16:41.625818'),
	(353, 3, -6.914248, 107.697173, 100.00, '2026-06-01 19:17:16.490991'),
	(803, 3, -6.928900, 107.714215, 100.00, '2026-06-04 15:34:40.748006'),
	(806, 3, -6.928564, 107.714585, 100.00, '2026-06-04 15:35:49.245549'),
	(809, 4, -6.914240, 107.697175, 100.00, '2026-06-04 19:12:35.462545'),
	(818, 4, -6.955226, 107.696282, 110.00, '2026-06-05 07:28:30.782166'),
	(821, 4, -6.955308, 107.696204, 100.00, '2026-06-05 07:31:06.925869'),
	(824, 11, -6.954683, 107.693382, 3.12, '2026-06-05 07:56:53.136995'),
	(833, 11, -6.939303, 107.707507, 22.34, '2026-06-05 15:11:45.227538'),
	(836, 11, -6.939409, 107.707474, 21.97, '2026-06-05 15:13:28.548131'),
	(839, 11, -6.939473, 107.707468, 18.73, '2026-06-05 15:14:34.901844'),
	(1382, 11, -6.939100, 107.713670, 14.73, '2026-06-16 15:55:35.89853'),
	(1387, 4, -6.940586, 107.679071, 100.00, '2026-06-16 16:19:16.841624'),
	(1417, 2, -6.856915, 107.732590, 32.66, '2026-06-17 09:00:01.014048'),
	(1421, 2, -6.856905, 107.732461, 20.00, '2026-06-17 09:07:46.066508'),
	(1425, 2, -6.856877, 107.732507, 2.20, '2026-06-17 09:15:13.002529'),
	(1429, 2, -6.895774, 107.640653, 17.98, '2026-06-17 12:33:17.415986'),
	(1433, 2, -6.895774, 107.640665, 12.55, '2026-06-17 12:41:20.067605'),
	(1437, 2, -6.895781, 107.640658, 12.04, '2026-06-17 12:51:20.156496'),
	(1441, 2, -6.895785, 107.640652, 20.00, '2026-06-17 12:55:33.067596'),
	(1445, 2, -6.925493, 107.729501, 22.50, '2026-06-17 23:18:09.51678'),
	(1449, 2, -6.925493, 107.729501, 26.40, '2026-06-17 23:19:55.559691'),
	(1453, 2, -6.928348, 107.728647, 100.00, '2026-06-18 06:21:11.665669'),
	(1456, 2, -6.925504, 107.729486, 34.40, '2026-06-18 06:26:58.106974'),
	(1462, 2, -6.925509, 107.729479, 47.25, '2026-06-18 06:32:45.688783'),
	(1468, 2, -6.925493, 107.729499, 32.10, '2026-06-18 07:49:43.642971'),
	(1474, 2, -6.925372, 107.729565, 11.10, '2026-06-18 08:00:24.410558'),
	(1480, 2, -6.925509, 107.729478, 48.90, '2026-06-18 08:06:16.925263'),
	(1486, 2, -6.925487, 107.729462, 15.84, '2026-06-18 09:34:56.085392'),
	(1492, 2, -6.925501, 107.729489, 48.90, '2026-06-18 09:42:30.798735'),
	(1498, 2, -6.925491, 107.729499, 67.50, '2026-06-18 10:21:39.258371'),
	(1504, 2, -6.925507, 107.729481, 23.60, '2026-06-18 10:31:24.249875'),
	(952, 11, -6.940842, 107.714576, 13.65, '2026-06-06 14:45:49.625579'),
	(956, 11, -6.940836, 107.714573, 15.18, '2026-06-06 14:47:31.06138'),
	(1510, 2, -6.925500, 107.729480, 7.22, '2026-06-18 10:40:12.922503'),
	(964, 3, -6.930735, 107.712931, 20.40, '2026-06-06 15:45:03.434862'),
	(968, 3, -6.930724, 107.712922, 21.60, '2026-06-06 16:41:15.009297'),
	(1516, 2, -6.925507, 107.729485, 6.10, '2026-06-18 10:45:43.749014'),
	(1522, 2, -6.925505, 107.729484, 14.61, '2026-06-18 11:20:00.102399'),
	(1528, 2, -6.925437, 107.729533, 7.80, '2026-06-18 11:27:31.799064'),
	(981, 3, -6.928831, 107.714617, 130.78, '2026-06-09 11:23:21.191659'),
	(984, 3, -6.930860, 107.718375, 82.11, '2026-06-09 13:14:49.178085'),
	(1534, 2, -6.925494, 107.729499, 30.00, '2026-06-18 11:35:05.432982'),
	(1540, 2, -6.925492, 107.729501, 23.60, '2026-06-18 12:21:31.540173'),
	(1546, 2, -6.925487, 107.729493, 9.80, '2026-06-18 12:29:32.687674'),
	(1552, 2, -6.925498, 107.729491, 26.40, '2026-06-18 12:57:43.247148'),
	(1558, 2, -6.925492, 107.729501, 23.60, '2026-06-18 13:04:03.523929'),
	(1564, 2, -6.925498, 107.729487, 28.10, '2026-06-18 13:26:36.933991'),
	(430, 6, -6.914254, 107.697171, 34.40, '2026-06-01 22:11:49.775814'),
	(433, 6, -6.914231, 107.697158, 18.01, '2026-06-01 22:12:43.562276'),
	(436, 6, -6.914251, 107.697172, 56.10, '2026-06-01 22:13:44.968173'),
	(1005, 3, -6.930682, 107.718302, 69.71, '2026-06-10 13:23:10.611135'),
	(442, 6, -6.914245, 107.697152, 20.59, '2026-06-01 22:15:18.349904'),
	(445, 3, -6.914261, 107.697175, 100.00, '2026-06-01 22:18:06.962233'),
	(448, 4, -6.914464, 107.697124, 100.00, '2026-06-01 22:19:30.920853'),
	(451, 6, -6.914250, 107.697172, 16.86, '2026-06-01 22:20:29.018057'),
	(454, 6, -6.914241, 107.697164, 14.04, '2026-06-01 22:21:11.169758'),
	(457, 6, -6.914245, 107.697171, 15.09, '2026-06-01 22:21:37.886727'),
	(460, 4, -6.914464, 107.697124, 100.00, '2026-06-01 22:21:58.029452'),
	(463, 4, -6.914464, 107.697124, 100.00, '2026-06-01 22:22:56.467802'),
	(466, 6, -6.914244, 107.697175, 14.68, '2026-06-01 22:24:07.658729'),
	(469, 6, -6.914244, 107.697175, 14.68, '2026-06-01 22:24:55.371336'),
	(472, 3, -6.914249, 107.697170, 100.00, '2026-06-01 22:25:08.00126'),
	(1570, 2, -6.931830, 107.714602, 20.00, '2026-06-18 14:56:56.56058'),
	(1011, 21, -6.246797, 107.071909, 20.10, '2026-06-10 21:10:18.136369'),
	(1014, 21, -6.246800, 107.071926, 64.10, '2026-06-10 21:10:47.214771'),
	(1017, 21, -6.246803, 107.071908, 24.90, '2026-06-10 21:12:14.200778'),
	(1020, 21, -6.246800, 107.071907, 19.80, '2026-06-10 21:13:47.676641'),
	(1023, 21, -6.246793, 107.071910, 30.00, '2026-06-10 21:14:54.112153'),
	(1026, 21, -6.246796, 107.071909, 30.00, '2026-06-10 21:22:07.375546'),
	(1029, 3, -6.927293, 107.713331, 3.64, '2026-06-11 06:05:21.847317'),
	(1032, 3, -6.932054, 107.714992, 3.00, '2026-06-11 06:43:24.84836'),
	(1035, 3, -6.928856, 107.714667, 100.00, '2026-06-11 07:04:32.6202'),
	(1038, 3, -6.928856, 107.714667, 100.00, '2026-06-11 07:10:33.377581'),
	(1041, 3, -6.928856, 107.714667, 100.00, '2026-06-11 07:12:28.838153'),
	(1044, 3, -6.928856, 107.714667, 100.00, '2026-06-11 07:13:56.719096'),
	(1047, 3, -6.928856, 107.714667, 100.00, '2026-06-11 07:15:27.09479'),
	(1050, 3, -6.928856, 107.714667, 100.00, '2026-06-11 07:18:34.131698'),
	(1576, 2, -6.925490, 107.729501, 14.59, '2026-06-18 17:41:27.907612'),
	(1582, 2, -6.925542, 107.729409, 381.00, '2026-06-19 10:28:34.466999'),
	(1588, 2, -6.925060, 107.729613, 12.00, '2026-06-19 11:47:08.500921'),
	(1594, 2, -6.925146, 107.729353, 13.60, '2026-06-19 11:58:45.614135'),
	(1600, 2, -6.928362, 107.728277, 100.00, '2026-06-19 12:02:42.695805'),
	(1606, 2, -6.925368, 107.729653, 9.60, '2026-06-19 12:11:02.32615'),
	(1612, 2, -6.925917, 107.727091, 10.70, '2026-06-19 12:14:43.77355'),
	(1618, 4, -6.931784, 107.713752, 100.00, '2026-06-19 13:12:03.451092'),
	(1624, 4, -6.931784, 107.713752, 100.00, '2026-06-19 13:18:58.346172'),
	(1630, 4, -6.930496, 107.711744, 100.00, '2026-06-19 13:59:07.337975'),
	(1636, 4, -6.937739, 107.684982, 300.00, '2026-06-19 14:51:31.902021'),
	(1642, 6, -6.926496, 107.717051, 48.90, '2026-06-20 01:27:48.829877'),
	(1648, 3, -6.928896, 107.714625, 100.00, '2026-06-20 07:52:53.02905'),
	(1654, 4, -6.920841, 107.657616, 100.00, '2026-06-20 16:33:20.632712'),
	(1660, 4, -6.931991, 107.713711, 100.00, '2026-06-21 14:59:42.898004'),
	(563, 4, -6.931886, 107.713719, 100.00, '2026-06-02 11:27:35.674075'),
	(564, 4, -6.931886, 107.713719, 100.00, '2026-06-02 11:29:41.293328'),
	(565, 4, -6.931886, 107.713719, 100.00, '2026-06-02 11:30:40.402417'),
	(566, 4, -6.931820, 107.713744, 32.10, '2026-06-02 11:30:52.686972'),
	(567, 4, -6.931820, 107.713744, 100.00, '2026-06-02 11:32:47.128974'),
	(568, 4, -6.931820, 107.713744, 100.00, '2026-06-02 11:33:57.242142'),
	(569, 4, -6.931820, 107.713744, 100.00, '2026-06-02 11:34:57.156876'),
	(1457, 2, -6.925499, 107.729493, 42.50, '2026-06-18 06:28:57.366715'),
	(1463, 2, -6.925495, 107.729498, 52.40, '2026-06-18 06:34:00.647232'),
	(1469, 2, -6.925501, 107.729494, 32.10, '2026-06-18 07:51:36.813382'),
	(953, 11, -6.940836, 107.714576, 15.09, '2026-06-06 14:45:58.226162'),
	(957, 11, -6.940842, 107.714569, 15.70, '2026-06-06 14:47:45.301837'),
	(1475, 2, -6.925758, 107.729963, 4.92, '2026-06-18 08:02:14.337987'),
	(965, 3, -6.930735, 107.712931, 62.42, '2026-06-06 15:45:30.800877'),
	(577, 4, -6.930704, 107.718277, 100.00, '2026-06-02 13:20:45.980563'),
	(578, 3, -6.945905, 107.710276, 24.48, '2026-06-02 13:21:12.754642'),
	(579, 3, -6.930934, 107.718429, 100.00, '2026-06-02 13:21:34.125498'),
	(580, 3, -6.945896, 107.710274, 18.47, '2026-06-02 13:23:34.749672'),
	(581, 4, -6.930704, 107.718277, 100.00, '2026-06-02 13:23:55.724581'),
	(582, 4, -6.930704, 107.718277, 100.00, '2026-06-02 13:25:09.969883'),
	(583, 4, -6.930715, 107.718345, 61.02, '2026-06-02 13:25:51.531969'),
	(1481, 2, -6.925508, 107.729473, 48.90, '2026-06-18 08:07:26.352802'),
	(585, 4, -6.930715, 107.718345, 100.00, '2026-06-02 13:26:21.55526'),
	(586, 4, -6.930715, 107.718345, 100.00, '2026-06-02 13:26:51.313832'),
	(587, 4, -6.930715, 107.718345, 100.00, '2026-06-02 13:28:32.461775'),
	(588, 3, -6.931074, 107.714404, 16.09, '2026-06-02 16:10:28.268027'),
	(589, 11, -6.930698, 107.731549, 14.79, '2026-06-02 17:43:50.571489'),
	(590, 11, -6.930700, 107.731544, 17.16, '2026-06-02 17:44:10.507463'),
	(591, 11, -6.930698, 107.731551, 20.10, '2026-06-02 17:44:45.074222'),
	(592, 11, -6.930697, 107.731545, 16.32, '2026-06-02 17:47:54.207077'),
	(593, 11, -6.930699, 107.731548, 16.34, '2026-06-02 17:51:10.251202'),
	(594, 11, -6.930710, 107.731534, 19.85, '2026-06-02 17:51:40.483003'),
	(595, 11, -6.930690, 107.731531, 39.60, '2026-06-02 17:52:45.731506'),
	(596, 11, -6.930698, 107.731541, 17.94, '2026-06-02 17:53:20.94979'),
	(597, 11, -6.930699, 107.731542, 15.73, '2026-06-02 17:55:16.481722'),
	(598, 11, -6.930684, 107.731539, 16.29, '2026-06-02 17:56:04.106663'),
	(599, 11, -6.930697, 107.731551, 20.10, '2026-06-02 17:57:42.224484'),
	(600, 11, -6.930681, 107.731528, 14.96, '2026-06-02 17:59:33.938092'),
	(601, 11, -6.930692, 107.731548, 20.00, '2026-06-02 18:01:33.943936'),
	(602, 11, -6.930705, 107.731575, 11.17, '2026-06-02 18:11:46.280975'),
	(603, 11, -6.930694, 107.731552, 14.76, '2026-06-02 18:12:17.538173'),
	(604, 11, -6.930696, 107.731558, 18.42, '2026-06-02 18:12:43.973792'),
	(605, 11, -6.930687, 107.731545, 14.26, '2026-06-02 18:14:30.554412'),
	(606, 11, -6.930697, 107.731554, 17.05, '2026-06-02 18:14:59.062145'),
	(1487, 2, -6.925473, 107.729495, 8.80, '2026-06-18 09:36:11.452944'),
	(608, 11, -6.931489, 107.730605, 18.33, '2026-06-02 20:09:24.978703'),
	(609, 11, -6.931489, 107.730605, 18.33, '2026-06-02 20:10:04.281214'),
	(1493, 2, -6.925488, 107.729432, 183.00, '2026-06-18 09:43:36.339418'),
	(1499, 2, -6.925498, 107.729495, 26.40, '2026-06-18 10:24:43.563495'),
	(982, 3, -6.928831, 107.714617, 130.78, '2026-06-09 11:24:00.854782'),
	(985, 3, -6.930860, 107.718375, 82.11, '2026-06-09 13:14:51.067702'),
	(1505, 2, -6.925506, 107.729484, 23.60, '2026-06-18 10:31:52.844352'),
	(1511, 2, -6.925465, 107.729508, 5.30, '2026-06-18 10:44:02.866098'),
	(1517, 2, -6.925493, 107.729508, 7.00, '2026-06-18 10:47:14.45621'),
	(1523, 2, -6.925499, 107.729496, 22.50, '2026-06-18 11:20:22.856981'),
	(1529, 2, -6.925432, 107.729532, 7.40, '2026-06-18 11:27:45.890837'),
	(1535, 2, -6.925490, 107.729500, 30.00, '2026-06-18 11:35:35.397099'),
	(1006, 3, -6.930682, 107.718302, 100.00, '2026-06-10 13:23:38.339851'),
	(1541, 2, -6.925492, 107.729500, 26.40, '2026-06-18 12:23:33.198096'),
	(1012, 21, -6.246794, 107.071910, 20.00, '2026-06-10 21:10:29.465178'),
	(1015, 21, -6.246797, 107.071908, 22.50, '2026-06-10 21:11:51.988576'),
	(1018, 21, -6.246797, 107.071909, 23.60, '2026-06-10 21:12:19.609458'),
	(1021, 21, -6.246798, 107.071907, 21.60, '2026-06-10 21:13:52.992535'),
	(1547, 2, -6.925499, 107.729496, 32.10, '2026-06-18 12:31:00.342619'),
	(1027, 21, -6.246803, 107.071907, 22.50, '2026-06-10 21:22:14.095271'),
	(1030, 3, -6.927369, 107.713240, 3.40, '2026-06-11 06:05:32.041275'),
	(1033, 3, -6.931958, 107.714703, 5.72, '2026-06-11 06:43:50.010165'),
	(1036, 3, -6.928856, 107.714667, 100.00, '2026-06-11 07:06:32.686761'),
	(1039, 3, -6.928856, 107.714667, 100.00, '2026-06-11 07:11:11.923498'),
	(634, 3, -6.928957, 107.714729, 98.40, '2026-06-03 05:55:19.013838'),
	(637, 3, -6.928926, 107.714782, 116.10, '2026-06-03 05:57:33.287862'),
	(640, 3, -6.928797, 107.714451, 128.90, '2026-06-03 06:03:26.320954'),
	(1042, 3, -6.928856, 107.714667, 100.00, '2026-06-11 07:12:57.254019'),
	(1045, 3, -6.928856, 107.714667, 100.00, '2026-06-11 07:14:26.681906'),
	(1048, 3, -6.928856, 107.714667, 100.00, '2026-06-11 07:15:58.392575'),
	(1051, 4, -6.931819, 107.718074, 53.59, '2026-06-11 15:50:49.303515'),
	(1053, 4, -6.931819, 107.718074, 100.00, '2026-06-11 15:52:14.643799'),
	(1054, 3, -6.928970, 107.714663, 100.00, '2026-06-11 15:53:58.775667'),
	(1055, 4, -6.931819, 107.718074, 100.00, '2026-06-11 15:54:18.932558'),
	(1056, 3, -6.928970, 107.714663, 100.00, '2026-06-11 15:54:42.621619'),
	(1057, 4, -6.931819, 107.718074, 100.00, '2026-06-11 15:54:56.793871'),
	(1058, 4, -6.931819, 107.718074, 100.00, '2026-06-11 15:55:33.559907'),
	(1059, 4, -6.931819, 107.718074, 100.00, '2026-06-11 15:56:00.648145'),
	(1060, 4, -6.931819, 107.718074, 100.00, '2026-06-11 15:56:30.523767'),
	(1061, 4, -6.931819, 107.718074, 100.00, '2026-06-11 15:57:54.191036'),
	(1062, 4, -6.931819, 107.718074, 100.00, '2026-06-11 15:58:24.675338'),
	(1553, 2, -6.925463, 107.729508, 9.90, '2026-06-18 12:57:55.557281'),
	(1559, 2, -6.925492, 107.729501, 28.10, '2026-06-18 13:06:08.10735'),
	(1565, 2, -6.925499, 107.729469, 48.90, '2026-06-18 13:36:53.569961'),
	(1571, 2, -6.931824, 107.714603, 20.00, '2026-06-18 14:57:50.974926'),
	(1577, 2, -6.925501, 107.729466, 72.90, '2026-06-18 18:57:32.386938'),
	(1583, 2, -6.925542, 107.729409, 381.00, '2026-06-19 10:28:49.887335'),
	(1589, 2, -6.925510, 107.729917, 10.20, '2026-06-19 11:51:09.148763'),
	(1595, 2, -6.925281, 107.729121, 10.50, '2026-06-19 11:59:33.004822'),
	(1601, 2, -6.925199, 107.729630, 9.80, '2026-06-19 12:04:52.585085'),
	(1607, 2, -6.925396, 107.729319, 9.20, '2026-06-19 12:11:20.191676'),
	(1613, 2, -6.926015, 107.729560, 9.60, '2026-06-19 12:15:57.489267'),
	(1619, 4, -6.931784, 107.713752, 100.00, '2026-06-19 13:13:43.534666'),
	(1625, 4, -6.931784, 107.713752, 100.00, '2026-06-19 13:19:38.300007'),
	(1631, 4, -6.944048, 107.688312, 400.00, '2026-06-19 14:47:58.640957'),
	(1637, 4, -6.937739, 107.684982, 300.00, '2026-06-19 14:53:27.419494'),
	(1643, 6, -6.926499, 107.717050, 36.90, '2026-06-20 01:35:50.982964'),
	(1649, 3, -6.928896, 107.714625, 100.00, '2026-06-20 07:54:44.691063'),
	(736, 11, -6.940841, 107.714569, 15.25, '2026-06-03 14:23:04.258386'),
	(1655, 4, -6.920841, 107.657616, 100.00, '2026-06-20 16:33:47.708656'),
	(1661, 4, -6.931919, 107.713750, 100.00, '2026-06-21 15:38:35.649636'),
	(1458, 2, -6.925443, 107.729498, 22.10, '2026-06-18 06:29:54.550428'),
	(1464, 2, -6.925760, 107.729833, 9.80, '2026-06-18 06:42:22.342462'),
	(1470, 2, -6.925501, 107.729494, 32.10, '2026-06-18 07:54:21.50955'),
	(1476, 2, -6.925553, 107.729678, 4.90, '2026-06-18 08:02:37.222196'),
	(1482, 2, -6.925501, 107.729453, 64.10, '2026-06-18 08:08:25.602534'),
	(1488, 2, -6.925490, 107.729498, 42.50, '2026-06-18 09:39:35.383574'),
	(1494, 2, -6.925493, 107.729499, 14.90, '2026-06-18 09:47:00.587646'),
	(1500, 2, -6.925460, 107.729462, 9.70, '2026-06-18 10:26:19.29819'),
	(1506, 2, -6.925493, 107.729473, 9.00, '2026-06-18 10:32:26.417043'),
	(1512, 2, -6.925450, 107.729522, 5.90, '2026-06-18 10:44:32.327146'),
	(1518, 2, -6.925520, 107.729617, 13.60, '2026-06-18 10:49:11.699098'),
	(1524, 2, -6.925548, 107.729567, 8.60, '2026-06-18 11:20:48.212257'),
	(1530, 2, -6.925440, 107.729533, 7.60, '2026-06-18 11:27:58.262775'),
	(1536, 2, -6.925477, 107.729509, 45.60, '2026-06-18 11:37:05.247415'),
	(1542, 2, -6.925494, 107.729499, 14.75, '2026-06-18 12:25:32.00705'),
	(1548, 2, -6.925412, 107.729660, 9.30, '2026-06-18 12:31:20.25978'),
	(1098, 3, -6.929321, 107.712450, 5.12, '2026-06-12 06:28:54.558794'),
	(1099, 3, -6.929371, 107.712390, 4.71, '2026-06-12 06:29:02.39009'),
	(1100, 3, -6.929441, 107.712385, 3.83, '2026-06-12 06:29:13.335453'),
	(1101, 3, -6.929841, 107.712188, 3.10, '2026-06-12 06:31:07.573842'),
	(1102, 3, -6.932975, 107.710503, 3.00, '2026-06-12 06:45:07.56124'),
	(1103, 3, -6.930771, 107.711268, 48.33, '2026-06-12 07:06:29.595937'),
	(1104, 3, -6.930558, 107.711144, 30.11, '2026-06-12 07:06:40.876182'),
	(1105, 3, -6.930548, 107.711186, 28.89, '2026-06-12 07:07:03.962901'),
	(1106, 3, -6.930578, 107.711278, 33.87, '2026-06-12 07:07:38.353511'),
	(1107, 3, -6.930229, 107.712191, 21.16, '2026-06-12 07:10:18.479791'),
	(1108, 3, -6.928888, 107.714635, 100.00, '2026-06-12 13:03:33.838125'),
	(1109, 3, -6.928888, 107.714635, 100.00, '2026-06-12 13:04:01.432824'),
	(1110, 3, -6.928888, 107.714635, 100.00, '2026-06-12 13:04:48.418288'),
	(1111, 3, -6.928888, 107.714635, 100.00, '2026-06-12 13:05:18.014591'),
	(1112, 3, -6.928888, 107.714635, 100.00, '2026-06-12 13:06:08.143926'),
	(1113, 3, -6.928888, 107.714635, 100.00, '2026-06-12 13:06:36.649634'),
	(1114, 3, -6.928888, 107.714635, 100.00, '2026-06-12 13:07:59.393075'),
	(1115, 3, -6.928888, 107.714635, 100.00, '2026-06-12 13:08:50.685593'),
	(1116, 4, -6.931971, 107.713720, 100.00, '2026-06-12 19:53:01.054953'),
	(1117, 4, -6.931954, 107.724295, 100.00, '2026-06-12 20:43:25.305579'),
	(1118, 4, -6.931954, 107.724295, 100.00, '2026-06-12 20:43:54.991697'),
	(1119, 4, -6.931954, 107.724295, 100.00, '2026-06-12 20:44:56.119823'),
	(1120, 3, -6.941327, 107.715492, 100.00, '2026-06-12 20:46:47.054684'),
	(1121, 4, -6.931954, 107.724295, 100.00, '2026-06-12 20:46:55.597903'),
	(1122, 3, -6.941327, 107.715492, 100.00, '2026-06-12 20:47:30.639366'),
	(1123, 3, -6.941327, 107.715492, 100.00, '2026-06-12 20:47:59.899903'),
	(1124, 4, -6.931954, 107.724295, 100.00, '2026-06-12 20:48:55.570295'),
	(1125, 11, -6.938397, 107.716003, 20.12, '2026-06-13 05:29:27.226645'),
	(1126, 11, -6.938342, 107.715854, 3.95, '2026-06-13 05:29:46.128405'),
	(1127, 11, -6.938327, 107.715954, 5.27, '2026-06-13 05:30:01.056571'),
	(1128, 11, -6.938417, 107.715908, 20.28, '2026-06-13 05:30:17.206456'),
	(1129, 11, -6.938225, 107.716036, 64.10, '2026-06-13 05:32:42.502396'),
	(1130, 11, -6.938343, 107.715982, 15.99, '2026-06-13 05:33:09.678377'),
	(1131, 11, -6.938349, 107.715934, 87.60, '2026-06-13 05:34:16.767293'),
	(1554, 2, -6.925455, 107.729530, 9.00, '2026-06-18 12:58:11.502546'),
	(1560, 2, -6.925492, 107.729499, 28.10, '2026-06-18 13:15:38.126067'),
	(1566, 2, -6.925499, 107.729469, 48.90, '2026-06-18 13:37:59.081201'),
	(1572, 2, -6.931820, 107.714598, 28.10, '2026-06-18 14:59:49.953971'),
	(1578, 2, -6.925447, 107.729429, 9.40, '2026-06-18 18:58:04.703477'),
	(1584, 2, -6.925127, 107.729628, 89.70, '2026-06-19 11:42:08.154627'),
	(1590, 2, -6.927702, 107.732530, 13.30, '2026-06-19 11:51:34.160026'),
	(1596, 2, -6.925054, 107.729591, 10.10, '2026-06-19 12:00:28.847198'),
	(1602, 2, -6.925443, 107.729966, 12.30, '2026-06-19 12:06:37.645179'),
	(1608, 2, -6.925350, 107.729242, 9.20, '2026-06-19 12:12:48.625476'),
	(1614, 2, -6.925276, 107.729583, 13.70, '2026-06-19 12:17:44.947007'),
	(1620, 4, -6.931784, 107.713752, 100.00, '2026-06-19 13:14:12.857509'),
	(1626, 4, -6.931784, 107.713752, 100.00, '2026-06-19 13:20:13.269401'),
	(1632, 4, -6.944048, 107.688312, 400.00, '2026-06-19 14:49:39.457758'),
	(1638, 4, -6.944048, 107.688312, 400.00, '2026-06-19 14:55:26.484305'),
	(1644, 6, -6.926498, 107.717051, 52.40, '2026-06-20 01:42:04.291878'),
	(1650, 3, -6.928896, 107.714625, 100.00, '2026-06-20 07:56:44.757687'),
	(1656, 4, -6.920841, 107.657616, 100.00, '2026-06-20 16:35:37.543124'),
	(1662, 2, -6.925502, 107.729426, 183.00, '2026-06-21 17:00:58.933024'),
	(1153, 3, -6.928889, 107.714629, 100.00, '2026-06-14 09:14:30.370523'),
	(1154, 3, -6.928889, 107.714629, 100.00, '2026-06-14 09:15:11.612175'),
	(1155, 3, -6.928889, 107.714629, 100.00, '2026-06-14 09:15:51.352892'),
	(1156, 3, -6.928889, 107.714629, 100.00, '2026-06-14 09:17:19.799347'),
	(1157, 3, -6.928889, 107.714629, 100.00, '2026-06-14 09:17:43.332916'),
	(1158, 3, -6.928889, 107.714629, 100.00, '2026-06-14 09:17:57.330301'),
	(1159, 3, -6.928889, 107.714629, 100.00, '2026-06-14 09:18:24.693642'),
	(1160, 3, -6.928889, 107.714629, 100.00, '2026-06-14 09:18:54.051082'),
	(1161, 3, -6.928889, 107.714629, 100.00, '2026-06-14 09:19:35.756508'),
	(1162, 3, -6.928889, 107.714629, 100.00, '2026-06-14 09:20:01.776933'),
	(1163, 3, -6.928889, 107.714629, 100.00, '2026-06-14 09:20:47.834997'),
	(1164, 3, -6.928889, 107.714629, 100.00, '2026-06-14 09:21:18.828119'),
	(1459, 2, -6.925491, 107.729501, 26.40, '2026-06-18 06:30:09.188939'),
	(1465, 11, -6.939452, 107.707464, 20.00, '2026-06-18 06:46:46.077494'),
	(1191, 4, -6.932050, 107.713680, 100.00, '2026-06-15 07:40:51.268896'),
	(1192, 4, -6.932050, 107.713680, 100.00, '2026-06-15 07:42:07.45279'),
	(1193, 4, -6.932050, 107.713680, 100.00, '2026-06-15 07:43:24.317224'),
	(1194, 4, -6.932050, 107.713680, 100.00, '2026-06-15 07:44:14.051337'),
	(1195, 4, -6.932050, 107.713680, 100.00, '2026-06-15 07:45:04.938738'),
	(1196, 4, -6.932078, 107.713653, 116.10, '2026-06-15 07:46:57.054817'),
	(1197, 4, -6.932078, 107.713653, 116.10, '2026-06-15 07:47:36.383507'),
	(1471, 2, -6.925493, 107.729498, 36.90, '2026-06-18 07:54:58.440837'),
	(1477, 2, -6.925507, 107.729480, 32.10, '2026-06-18 08:03:34.289816'),
	(1483, 2, -6.925489, 107.729432, 187.00, '2026-06-18 08:52:12.147479'),
	(1489, 2, -6.925492, 107.729483, 9.20, '2026-06-18 09:40:49.375615'),
	(1495, 2, -6.925497, 107.729494, 39.60, '2026-06-18 09:47:25.230804'),
	(1501, 2, -6.925487, 107.729478, 10.90, '2026-06-18 10:26:32.989501'),
	(1507, 2, -6.925468, 107.729508, 4.30, '2026-06-18 10:34:21.763165'),
	(1513, 2, -6.925507, 107.729482, 22.50, '2026-06-18 10:44:53.823372'),
	(1519, 2, -6.925489, 107.729432, 187.00, '2026-06-18 10:54:17.273061'),
	(1525, 2, -6.925500, 107.729494, 36.90, '2026-06-18 11:21:44.141038'),
	(1531, 2, -6.925495, 107.729499, 15.22, '2026-06-18 11:28:40.253727'),
	(1537, 2, -6.925492, 107.729501, 32.10, '2026-06-18 11:37:33.863876'),
	(1543, 2, -6.925492, 107.729499, 24.90, '2026-06-18 12:27:23.023157'),
	(1549, 2, -6.925500, 107.729496, 48.90, '2026-06-18 12:31:42.259316'),
	(1555, 2, -6.925491, 107.729492, 39.60, '2026-06-18 13:00:06.879733'),
	(1561, 2, -6.925495, 107.729490, 16.21, '2026-06-18 13:16:02.546135'),
	(1383, 11, -6.939102, 107.713660, 14.85, '2026-06-16 15:57:38.423546'),
	(1418, 2, -6.856908, 107.732596, 21.25, '2026-06-17 09:01:17.066365'),
	(1422, 2, -6.856906, 107.732461, 20.00, '2026-06-17 09:08:58.900155'),
	(1426, 2, -6.856915, 107.732482, 20.00, '2026-06-17 09:15:57.572735'),
	(1430, 2, -6.895790, 107.640653, 12.77, '2026-06-17 12:35:11.041294'),
	(1434, 2, -6.895779, 107.640655, 12.45, '2026-06-17 12:43:19.639732'),
	(1438, 2, -6.895781, 107.640658, 12.04, '2026-06-17 12:52:06.605878'),
	(1442, 2, -6.895764, 107.640656, 13.17, '2026-06-17 12:57:36.441271'),
	(1446, 2, -6.925494, 107.729500, 26.40, '2026-06-17 23:18:41.88158'),
	(1450, 2, -6.925492, 107.729497, 21.60, '2026-06-17 23:21:51.035794'),
	(1567, 2, -6.925499, 107.729469, 48.90, '2026-06-18 13:38:27.212876'),
	(1573, 2, -6.925493, 107.729501, 24.90, '2026-06-18 17:39:30.462569'),
	(1579, 2, -6.925488, 107.729432, 183.00, '2026-06-19 10:13:38.664298'),
	(1585, 2, -6.925213, 107.729755, 9.30, '2026-06-19 11:43:02.315859'),
	(1591, 2, -6.928785, 107.731459, 10.40, '2026-06-19 11:51:51.498838'),
	(1597, 2, -6.925851, 107.729365, 11.60, '2026-06-19 12:00:45.693807'),
	(1603, 2, -6.925089, 107.729310, 9.10, '2026-06-19 12:06:53.43132'),
	(1609, 2, -6.925432, 107.729530, 7.90, '2026-06-19 12:13:40.908835'),
	(1615, 4, -6.931784, 107.713752, 100.00, '2026-06-19 13:07:27.590987'),
	(1621, 4, -6.931784, 107.713752, 100.00, '2026-06-19 13:15:37.672187'),
	(1627, 4, -6.931784, 107.713752, 100.00, '2026-06-19 13:22:00.03406'),
	(1633, 4, -6.944048, 107.688312, 400.00, '2026-06-19 14:50:21.839369'),
	(1639, 4, -6.952644, 107.456175, 100.00, '2026-06-19 21:57:20.51484'),
	(1645, 4, -6.952656, 107.456177, 100.00, '2026-06-20 04:47:18.444047'),
	(1651, 3, -6.928896, 107.714625, 100.00, '2026-06-20 07:58:44.702475'),
	(1657, 4, -6.920841, 107.657616, 100.00, '2026-06-20 16:38:46.062449'),
	(1663, 2, -6.925502, 107.729426, 183.00, '2026-06-21 17:11:56.905775');
/*!40000 ALTER TABLE "device_location_history" ENABLE KEYS */;

-- Dumping data for table public.dm_messages: 25 rows
/*!40000 ALTER TABLE "dm_messages" DISABLE KEYS */;
INSERT INTO "dm_messages" ("id", "sender_id", "receiver_id", "pesan", "read_at", "created_at", "delivered_at") VALUES
	(5, 2, 15, 'Nif', NULL, '2026-05-24 09:43:56.986858', NULL),
	(13, 2, 14, 'Kumaha kamari vcat han aman', '2026-05-24 15:08:24.63053', '2026-05-24 14:47:13.573034', NULL),
	(10, 2, 4, 'Sip', '2026-05-24 16:45:35.24327', '2026-05-24 14:05:24.801144', '2026-05-24 16:45:35.24327'),
	(3, 4, 2, 'Oh iya kng semangat malam', '2026-05-24 00:23:39.489397', '2026-05-24 00:23:37.356513', '2026-05-24 16:48:31.503473'),
	(6, 4, 2, 'Kuy', '2026-05-24 09:45:51.456394', '2026-05-24 09:44:50.284804', '2026-05-24 16:48:31.503473'),
	(9, 4, 2, 'Done kang', '2026-05-24 14:05:17.908667', '2026-05-24 13:55:49.348383', '2026-05-24 16:48:31.503473'),
	(14, 14, 2, 'Aman', '2026-05-24 15:28:25.822548', '2026-05-24 15:08:38.785014', '2026-05-24 16:48:31.503473'),
	(17, 4, 2, 'kang', '2026-05-24 16:48:33.141645', '2026-05-24 16:45:56.109485', '2026-05-24 16:48:31.503473'),
	(18, 4, 2, 'tes tes', '2026-05-24 16:48:33.141645', '2026-05-24 16:47:46.57744', '2026-05-24 16:48:31.503473'),
	(15, 2, 14, 'Sip', '2026-05-24 19:45:47.106604', '2026-05-24 15:28:37.998097', '2026-05-24 19:45:47.106604'),
	(16, 2, 14, 'Alhamdulilah', '2026-05-24 19:45:47.106604', '2026-05-24 15:29:03.95966', '2026-05-24 19:45:47.106604'),
	(11, 2, 3, 'Assalamualaikum', '2026-05-26 11:30:29.729809', '2026-05-24 14:40:34.244062', '2026-05-26 11:30:29.729809'),
	(12, 2, 3, '🏸', '2026-05-26 11:30:29.729809', '2026-05-24 14:40:41.349807', '2026-05-26 11:30:29.729809'),
	(19, 2, 20, 'Assalamualaikum', NULL, '2026-05-29 16:11:03.974136', NULL),
	(20, 2, 4, 'Tes', '2026-06-01 00:13:05.94832', '2026-06-01 00:12:11.892282', '2026-06-01 00:13:05.94832'),
	(21, 2, 4, 'Tes', '2026-06-01 00:13:05.94832', '2026-06-01 00:12:20.613937', '2026-06-01 00:13:05.94832'),
	(22, 2, 4, 'Dan', '2026-06-01 00:13:05.94832', '2026-06-01 00:12:38.249808', '2026-06-01 00:13:05.94832'),
	(23, 2, 4, 'Dan', '2026-06-01 00:13:05.94832', '2026-06-01 00:12:43.875096', '2026-06-01 00:13:05.94832'),
	(24, 4, 2, 'Tes', '2026-06-01 00:13:12.821161', '2026-06-01 00:13:10.966645', '2026-06-01 00:13:12.821161'),
	(25, 4, 2, 'Euy', '2026-06-01 00:13:51.677483', '2026-06-01 00:13:30.400303', '2026-06-01 00:13:50.132446'),
	(2, 2, 4, '💪', '2026-05-24 00:23:28.819379', '2026-05-24 00:22:18.066754', '2026-06-01 22:20:51.03983'),
	(1, 2, 4, 'Semangat Malam', '2026-05-24 00:23:28.819379', '2026-05-24 00:22:10.053792', '2026-06-01 22:20:51.03983'),
	(4, 2, 4, '⚽', '2026-05-24 09:44:44.72952', '2026-05-24 09:43:38.545424', '2026-06-01 22:20:51.03983'),
	(8, 2, 4, 'Oh iya dan, berapa lagi bayaran th?', '2026-05-24 13:55:26.780213', '2026-05-24 13:30:01.408808', '2026-06-01 22:20:51.03983'),
	(7, 2, 4, 'Lg dmn dan', '2026-05-24 13:55:26.780213', '2026-05-24 09:45:59.090019', '2026-06-01 22:20:51.03983'),
	(53, 4, 2, 'Cara nambah absen buat ekstern gimana kang?', '2026-06-02 20:20:45.594856', '2026-06-02 13:28:25.212208', '2026-06-02 20:20:43.876446'),
	(54, 2, 4, 'Ada di menu input absensi', '2026-06-11 15:57:56.546115', '2026-06-02 20:21:10.024151', '2026-06-11 15:57:56.546115');
/*!40000 ALTER TABLE "dm_messages" ENABLE KEYS */;

-- Dumping data for table public.doa_aamiin: -1 rows
/*!40000 ALTER TABLE "doa_aamiin" DISABLE KEYS */;
/*!40000 ALTER TABLE "doa_aamiin" ENABLE KEYS */;

-- Dumping data for table public.doa_request: -1 rows
/*!40000 ALTER TABLE "doa_request" DISABLE KEYS */;
/*!40000 ALTER TABLE "doa_request" ENABLE KEYS */;

-- Dumping data for table public.doa_user: -1 rows
/*!40000 ALTER TABLE "doa_user" DISABLE KEYS */;
/*!40000 ALTER TABLE "doa_user" ENABLE KEYS */;

-- Dumping data for table public.donasi_krb: -1 rows
/*!40000 ALTER TABLE "donasi_krb" DISABLE KEYS */;
/*!40000 ALTER TABLE "donasi_krb" ENABLE KEYS */;

-- Dumping data for table public.donasi_rekening: -1 rows
/*!40000 ALTER TABLE "donasi_rekening" DISABLE KEYS */;
INSERT INTO "donasi_rekening" ("id", "bank", "nomor", "atas_nama", "keterangan", "aktif", "urutan", "created_at") VALUES
	(1, 'BCA', '1234567890', 'Bendahara Kegiatan', NULL, 'true', 1, '2026-05-30 11:18:09.797229'),
	(2, 'Mandiri', '9876543210', 'Bendahara Kegiatan', NULL, 'true', 2, '2026-05-30 11:18:09.797229'),
	(3, 'DANA', '081234567890', 'Bendahara Kegiatan', NULL, 'true', 3, '2026-05-30 11:18:09.797229');
/*!40000 ALTER TABLE "donasi_rekening" ENABLE KEYS */;

-- Dumping data for table public.event: -1 rows
/*!40000 ALTER TABLE "event" DISABLE KEYS */;
INSERT INTO "event" ("id", "nama", "jenis", "tipe", "deskripsi", "tanggal_mulai", "tanggal_selesai", "hadiah", "status", "banner_url", "created_by", "created_at", "jam_mulai", "jam_selesai", "lokasi", "batas_daftar") VALUES
	(2, 'Nyate Bersama Idul Adha 1447 H', 'Nyate Bersama', 'sosial', 'Gaskeun... Daging sudah tersedia', '2026-06-06', '2026-06-06', 'Konsumsi Gratis', 'open', 'https://ik.imagekit.io/ahsansur/sportapp/event/event-2-1780472669_w_8uqs1F6.jpg', 2, '2026-05-29 14:58:53.412649', '19:00:00', '22:00:00', 'Flamboyan FC', '2026-06-06');
/*!40000 ALTER TABLE "event" ENABLE KEYS */;

-- Dumping data for table public.event_match: -1 rows
/*!40000 ALTER TABLE "event_match" DISABLE KEYS */;
/*!40000 ALTER TABLE "event_match" ENABLE KEYS */;

-- Dumping data for table public.event_peserta: 19 rows
/*!40000 ALTER TABLE "event_peserta" DISABLE KEYS */;
INSERT INTO "event_peserta" ("id", "event_id", "tim_id", "user_id", "score", "created_at", "status", "keterangan") VALUES
	(54, 2, NULL, 11, 0.00, '2026-06-06 14:47:02.742934', 'hadir', NULL),
	(55, 2, NULL, 2, 0.00, '2026-06-19 09:06:05.292286', NULL, NULL),
	(19, 2, NULL, 3, 0.00, '2026-05-31 16:33:14.240644', 'absen', NULL),
	(52, 2, NULL, 2, 0.00, '2026-06-03 14:34:00.934817', NULL, NULL),
	(3, 2, NULL, 16, 0.00, '2026-05-29 14:58:53.455615', 'hadir', NULL),
	(4, 2, NULL, 13, 0.00, '2026-05-29 14:58:53.496709', 'hadir', NULL),
	(5, 2, NULL, 4, 0.00, '2026-05-29 14:58:53.536049', 'hadir', NULL),
	(6, 2, NULL, 8, 0.00, '2026-05-29 14:58:53.575339', 'absen', NULL),
	(7, 2, NULL, 6, 0.00, '2026-05-29 14:58:53.61471', 'hadir', NULL),
	(8, 2, NULL, 7, 0.00, '2026-05-29 14:58:53.654143', 'hadir', NULL),
	(9, 2, NULL, 20, 0.00, '2026-05-29 14:58:53.693313', 'absen', NULL),
	(10, 2, NULL, 14, 0.00, '2026-05-29 14:58:53.732247', 'hadir', NULL),
	(53, 2, NULL, 21, 0.00, '2026-06-06 09:52:27.704232', 'hadir', NULL),
	(11, 2, NULL, 2, 0.00, '2026-05-29 14:58:53.771509', 'hadir', NULL),
	(12, 2, NULL, 15, 0.00, '2026-05-29 14:58:53.810588', 'absen', NULL),
	(13, 2, NULL, 9, 0.00, '2026-05-29 14:58:53.849744', 'absen', NULL),
	(14, 2, NULL, 10, 0.00, '2026-05-29 14:58:53.888845', 'absen', NULL),
	(15, 2, NULL, 11, 0.00, '2026-05-29 14:58:53.929695', 'hadir', NULL),
	(16, 2, NULL, 3, 0.00, '2026-05-29 14:58:53.969345', 'hadir', NULL),
	(17, 2, NULL, 17, 0.00, '2026-05-29 14:58:54.008886', 'absen', NULL),
	(18, 2, NULL, 5, 0.00, '2026-05-29 14:58:54.047887', 'hadir', NULL);
/*!40000 ALTER TABLE "event_peserta" ENABLE KEYS */;

-- Dumping data for table public.event_tamu: -1 rows
/*!40000 ALTER TABLE "event_tamu" DISABLE KEYS */;
/*!40000 ALTER TABLE "event_tamu" ENABLE KEYS */;

-- Dumping data for table public.fcm_tokens: -1 rows
/*!40000 ALTER TABLE "fcm_tokens" DISABLE KEYS */;
/*!40000 ALTER TABLE "fcm_tokens" ENABLE KEYS */;

-- Dumping data for table public.flyover_renders: -1 rows
/*!40000 ALTER TABLE "flyover_renders" DISABLE KEYS */;
/*!40000 ALTER TABLE "flyover_renders" ENABLE KEYS */;

-- Dumping data for table public.gaya_hidup_log: -1 rows
/*!40000 ALTER TABLE "gaya_hidup_log" DISABLE KEYS */;
/*!40000 ALTER TABLE "gaya_hidup_log" ENABLE KEYS */;

-- Dumping data for table public.guest_messages: -1 rows
/*!40000 ALTER TABLE "guest_messages" DISABLE KEYS */;
INSERT INTO "guest_messages" ("id", "owner_user_id", "sender_user_id", "parent_id", "pesan", "created_at", "updated_at") VALUES
	(1, 3, 2, NULL, 'Berqurban Yuks...👍', '2026-05-23 07:02:06.611451', NULL),
	(2, 14, 2, NULL, '👋 Semangat Pagi', '2026-05-23 07:18:03.654891', NULL),
	(3, 14, 2, NULL, '👋 Assalamualaikum', '2026-05-23 07:51:17.711997', NULL),
	(5, 2, 4, NULL, 'Kang, kumaha kabarna, sehat?', '2026-05-23 08:05:05.864711', NULL),
	(6, 17, 4, NULL, '👋 🤗', '2026-05-23 09:15:10.057807', NULL),
	(7, 2, 2, 5, 'Alhamdulilah dan', '2026-05-23 21:17:33.682802', NULL),
	(8, 4, 2, NULL, 'Sudah dikirim sisa dp modul 1 ya dan', '2026-05-24 13:44:59.631205', NULL),
	(9, 4, 4, 8, 'Siapp sudah masuk, makasih kang', '2026-05-24 13:55:11.727449', NULL),
	(10, 4, 2, 8, 'Okay', '2026-05-24 14:05:36.612789', NULL),
	(11, 16, 2, NULL, '💪 Tetap Semangat', '2026-05-29 17:07:20.637099', NULL),
	(12, 21, 4, NULL, '👋 Halloo', '2026-06-05 07:30:59.302977', NULL);
/*!40000 ALTER TABLE "guest_messages" ENABLE KEYS */;

-- Dumping data for table public.health_qa_saved: -1 rows
/*!40000 ALTER TABLE "health_qa_saved" DISABLE KEYS */;
INSERT INTO "health_qa_saved" ("id", "user_id", "kategori", "pertanyaan", "jawaban", "created_at") VALUES
	(1, 2, 'doctor', 'Katanya bawang putih, bukan jahe merah untuk radang tenggorokan..?', 'Baik, mari kita bahas mengenai bawang putih dan jahe merah untuk radang tenggorokan. Keduanya memang dikenal memiliki khasiat obat dan sering digunakan dalam pengobatan tradisional, namun dengan cara kerja dan fokus yang sedikit berbeda.

**Penyebab Umum & Gejala Radang Tenggorokan:**
Radang tenggorokan umumnya disebabkan oleh infeksi virus (paling sering) atau bakteri. Gejalanya meliputi nyeri saat menelan, tenggorokan terasa kering atau gatal, suara serak, dan terkadang disertai demam ringan atau batuk.

**Bawang Putih (Allium sativum) untuk Radang Tenggorokan:**
Bawang putih dikenal kaya akan senyawa allicin, yang memiliki sifat antibakteri, antivirus, dan antijamur yang kuat, serta anti-inflamasi. Ini menjadikannya pilihan yang baik jika radang tenggorokan dicurigai karena infeksi.
*   **Cara Pakai:** Anda bisa mengunyah satu siung bawang putih mentah kecil secara perlahan, atau mengiris tipis dan mencampurnya dengan madu lalu dikonsumsi. Rasa dan baunya memang kuat, namun khasiatnya optimal saat mentah.
*   **Perhatian:** Konsumsi berlebihan dalam keadaan mentah bisa menyebabkan iritasi lambung pada beberapa orang.

**Jahe Merah (Zingiber officinale var. rubrum) untuk Radang Tenggorokan:**
Jahe merah mengandung gingerol dan shogaol yang memiliki efek anti-inflamasi, antioksidan, dan menghangatkan tubuh. Jahe merah sangat baik untuk meredakan nyeri dan rasa tidak nyaman di tenggorokan, serta membantu melancarkan pernapasan dan meningkatkan daya tahan tubuh.
*   **Cara Pakai:** Umumnya diseduh sebagai minuman hangat (wedang jahe). Parut atau iris tipis jahe merah, seduh dengan air panas, bisa ditambahkan madu dan perasan lemon untuk efek menenangkan yang lebih baik.
*   **Perhatian:** Aman dikonsumsi secara umum, namun konsumsi berlebihan bisa menyebabkan rasa panas di perut atau gangguan pencernaan ringan pada sebagian orang.

**Langkah Awal di Rumah:**
Selain herbal, pastikan Anda cukup istirahat, minum banyak cairan hangat (air putih, teh herbal), berkumur dengan air garam hangat beberapa kali sehari, dan hindari makanan/minuman yang terlalu dingin, pedas, atau asam.

**Tanda Bahaya yang Wajib ke Dokter:**
Segera konsultasikan ke dokter jika radang tenggorokan disertai demam tinggi (di atas 38.5°C), kesulitan bernapas atau menelan yang parah, nyeri hebat yang tidak membaik, pembengkakan kelenjar getah bening yang besar, atau gejala tidak membaik setelah beberapa hari.

Konten edukatif, bukan pengganti konsultasi dokter.', '2026-06-18 09:22:07.903957');
/*!40000 ALTER TABLE "health_qa_saved" ENABLE KEYS */;

-- Dumping data for table public.index_blok: -1 rows
/*!40000 ALTER TABLE "index_blok" DISABLE KEYS */;
/*!40000 ALTER TABLE "index_blok" ENABLE KEYS */;

-- Dumping data for table public.iptv_channels: 62 rows
/*!40000 ALTER TABLE "iptv_channels" DISABLE KEYS */;
INSERT INTO "iptv_channels" ("id", "nama", "url", "logo_url", "group_name", "aktif", "sort_order", "created_at", "updated_at") VALUES
	(4, 'BTV 1', 'https://op-group1-swiftservehd-1.dens.tv/h/h210/index.m3u8', 'https://github.com/riotryulianto/iptv-playlists/blob/main/icons/btv.png?raw=true', 'Indonesia', 'true', 0, '2026-06-11 23:08:31.031491', '2026-06-11 23:08:31.031491'),
	(7, 'DAAI TV', 'https://op-group1-swiftservesd-1.dens.tv/s/s182/index.m3u8', 'https://github.com/riotryulianto/iptv-playlists/blob/main/icons/daaitv.png?raw=true', 'Indonesia', 'true', 0, '2026-06-11 23:08:31.15696', '2026-06-11 23:08:31.15696'),
	(12, 'IDTV 1', 'https://op-group1-swiftservehd-1.dens.tv/h/h209/index.m3u8', 'https://github.com/riotryulianto/iptv-playlists/blob/main/icons/idtv.png?raw=true', 'Indonesia', 'true', 0, '2026-06-11 23:08:31.355555', '2026-06-11 23:08:31.355555'),
	(17, 'Kompas TV', 'https://op-group1-swiftservehd-1.dens.tv/h/h234/index.m3u8', 'https://github.com/riotryulianto/iptv-playlists/blob/main/icons/kompastv.png?raw=true', 'Indonesia', 'true', 0, '2026-06-11 23:08:31.555547', '2026-06-11 23:08:31.555547'),
	(18, 'Kompas TV 1', 'https://op-group1-swiftservehd-1.dens.tv/s/s104/index.m3u8', 'https://github.com/riotryulianto/iptv-playlists/blob/main/icons/kompastv.png?raw=true', 'Indonesia', 'true', 0, '2026-06-11 23:08:31.595563', '2026-06-11 23:08:31.595563'),
	(20, 'Magna Channel', 'https://edge.medcom.id/live-edge/smil:magna.smil/playlist.m3u8', 'https://github.com/riotryulianto/iptv-playlists/blob/main/icons/magna.png?raw=true', 'Indonesia', 'true', 0, '2026-06-11 23:08:31.675167', '2026-06-11 23:08:31.675167'),
	(21, 'Magna Channel 1', 'https://op-group1-swiftservehd-1.dens.tv/h/h24/index.m3u8', 'https://github.com/riotryulianto/iptv-playlists/blob/main/icons/magna.png?raw=true', 'Indonesia', 'true', 0, '2026-06-11 23:08:31.714812', '2026-06-11 23:08:31.714812'),
	(22, 'Metro TV', 'https://edge.medcom.id/live-edge/smil:metro.smil/playlist.m3u8', 'https://github.com/riotryulianto/iptv-playlists/blob/main/icons/metrotv.png?raw=true', 'Indonesia', 'true', 0, '2026-06-11 23:08:31.754693', '2026-06-11 23:08:31.754693'),
	(23, 'Metro TV 1', 'https://op-group1-swiftservehd-1.dens.tv/h/h12/index.m3u8', 'https://github.com/riotryulianto/iptv-playlists/blob/main/icons/metrotv.png?raw=true', 'Indonesia', 'true', 0, '2026-06-11 23:08:31.794517', '2026-06-11 23:08:31.794517'),
	(26, 'NET.', 'https://op-group1-swiftservehd-1.dens.tv/h/h223/index.m3u8', 'https://github.com/riotryulianto/iptv-playlists/blob/main/icons/net.png?raw=true', 'Indonesia', 'true', 0, '2026-06-11 23:08:31.91438', '2026-06-11 23:08:31.91438'),
	(27, 'NET. 1', 'https://op-group1-swiftservesd-1.dens.tv/h/h06/index.m3u8', 'https://github.com/riotryulianto/iptv-playlists/blob/main/icons/net.png?raw=true', 'Indonesia', 'true', 0, '2026-06-11 23:08:31.953924', '2026-06-11 23:08:31.953924'),
	(28, 'Nusantara TV', 'https://nusantaratv.siar.us/nusantaratv/live/playlist.m3u8', 'https://github.com/riotryulianto/iptv-playlists/blob/main/icons/nusantaratv.png?raw=true', 'Indonesia', 'true', 0, '2026-06-11 23:08:31.993513', '2026-06-11 23:08:31.993513'),
	(29, 'Rajawali TV', 'https://op-group1-swiftservehd-1.dens.tv/h/h10/index.m3u8', 'https://github.com/riotryulianto/iptv-playlists/blob/main/icons/rtv.png?raw=true', 'Indonesia', 'true', 0, '2026-06-11 23:08:32.033117', '2026-06-11 23:08:32.033117'),
	(31, 'Rodja TV', 'https://rodjatv.com/rodjatv/live.m3u8', 'https://github.com/riotryulianto/iptv-playlists/blob/main/icons/rodjatv.png?raw=true', 'Indonesia', 'true', 0, '2026-06-11 23:08:32.11234', '2026-06-11 23:08:32.11234'),
	(32, 'Rodja TV 1', 'https://op-group1-swiftservehd-1.dens.tv/h/h233/index.m3u8', 'https://github.com/riotryulianto/iptv-playlists/blob/main/icons/rodjatv.png?raw=true', 'Indonesia', 'true', 0, '2026-06-11 23:08:32.151959', '2026-06-11 23:08:32.151959'),
	(2, 'ANTV 1', 'http://203.77.246.2:443/udp/239.1.1.104:5000', 'https://github.com/riotryulianto/iptv-playlists/blob/main/icons/antv.png?raw=true', 'Indonesia', 'false', 0, '2026-06-11 23:08:30.952073', '2026-06-11 23:08:30.952073'),
	(3, 'BTV', 'https://b1news.beritasatumedia.com/Beritasatu/B1News_manifest.m3u8', 'https://github.com/riotryulianto/iptv-playlists/blob/main/icons/btv.png?raw=true', 'Indonesia', 'false', 0, '2026-06-11 23:08:30.991647', '2026-06-11 23:08:30.991647'),
	(5, 'CNBC Indonesia', 'https://live.cnbcindonesia.com/livecnbc/smil:cnbctv.smil/playlist.m3u8', 'https://github.com/riotryulianto/iptv-playlists/blob/main/icons/cnbcindonesia.png?raw=true', 'Indonesia', 'false', 0, '2026-06-11 23:08:31.07137', '2026-06-11 23:08:31.07137'),
	(6, 'CNN Indonesia', 'https://live.cnnindonesia.com/livecnn/smil:cnntv.smil/playlist.m3u8', 'https://github.com/riotryulianto/iptv-playlists/blob/main/icons/cnnindonesia.png?raw=true', 'Indonesia', 'false', 0, '2026-06-11 23:08:31.116838', '2026-06-11 23:08:31.116838'),
	(9, 'Garuda TV (480p) [Geo-blocked]', 'http://vod.linknetott.swiftcontent.com/Content/HLS/Live/Channel(ch45)/index.m3u8', '', '', 'false', 0, '2026-06-11 23:08:31.236416', '2026-06-11 23:08:31.236416'),
	(8, 'Garuda TV (720p)', 'https://etv-cdn.kdb.co.id/GarudaTV-Stream/index.m3u8', '', '', 'false', 0, '2026-06-11 23:08:31.19675', '2026-06-11 23:08:31.19675'),
	(10, 'GTV', 'https://d1abp075u76pbq.cloudfront.net/live/eds/GTV-HD/sa_dash_vmx/GTV-HD.mpd|Referer=https://www.visionplus.id/', 'https://github.com/riotryulianto/iptv-playlists/blob/main/icons/gtv.png?raw=true', 'Indonesia', 'false', 0, '2026-06-11 23:08:31.27614', '2026-06-11 23:08:31.27614'),
	(11, 'IDTV', 'https://b1world.beritasatumedia.com/Beritasatu/B1World_manifest.m3u8', 'https://github.com/riotryulianto/iptv-playlists/blob/main/icons/idtv.png?raw=true', 'Indonesia', 'false', 0, '2026-06-11 23:08:31.315825', '2026-06-11 23:08:31.315825'),
	(13, 'Indonesiana.TV', 'https://dgwubfppws111.cloudfront.net/out/v1/667a86e35ddd496c886fa11598dc184d/index.m3u8', 'https://github.com/riotryulianto/iptv-playlists/blob/main/icons/indonesianatv.png?raw=true', 'Indonesia', 'false', 0, '2026-06-11 23:08:31.395165', '2026-06-11 23:08:31.395165'),
	(14, 'Indonesiana.TV 1', 'https://op-group1-swiftservehd-1.dens.tv/h/h292/index.m3u8', 'https://github.com/riotryulianto/iptv-playlists/blob/main/icons/indonesianatv.png?raw=true', 'Indonesia', 'false', 0, '2026-06-11 23:08:31.43635', '2026-06-11 23:08:31.43635'),
	(15, 'Indosiar', 'https://203.77.246.2:443/udp/239.1.1.110:5000', 'https://github.com/riotryulianto/iptv-playlists/blob/main/icons/indosiar.png?raw=true', 'Indonesia', 'false', 0, '2026-06-11 23:08:31.475942', '2026-06-11 23:08:31.475942'),
	(16, 'iNews', 'https://d1abp075u76pbq.cloudfront.net/live/eds/iNewsTV-HDD/sa_dash_vmx/iNewsTV-HDD.mpd|Referer=https://www.visionplus.id/', 'https://github.com/riotryulianto/iptv-playlists/blob/main/icons/inews.png?raw=true', 'Indonesia', 'false', 0, '2026-06-11 23:08:31.515623', '2026-06-11 23:08:31.515623'),
	(19, 'Kompas TV 2', 'https://ythls-v2.onrender.com/channel/UC5BMIWZe9isJXLZZWPWvBlg.m3u8', 'https://github.com/riotryulianto/iptv-playlists/blob/main/icons/kompastv.png?raw=true', 'Indonesia', 'false', 0, '2026-06-11 23:08:31.635341', '2026-06-11 23:08:31.635341'),
	(24, 'Metro TV 2', 'https://op-group1-swiftservehd-1.dens.tv/h/h211/index.m3u8', 'https://github.com/riotryulianto/iptv-playlists/blob/main/icons/metrotv.png?raw=true', 'Indonesia', 'false', 0, '2026-06-11 23:08:31.834537', '2026-06-11 23:08:31.834537'),
	(25, 'MNCTV', 'https://d1abp075u76pbq.cloudfront.net/live/eds/MNCTV-HD/sa_dash_vmx/MNCTV-HD.mpd|Referer=https://www.visionplus.id/', 'https://github.com/riotryulianto/iptv-playlists/blob/main/icons/mnctv.png?raw=true', 'Indonesia', 'false', 0, '2026-06-11 23:08:31.874386', '2026-06-11 23:08:31.874386'),
	(30, 'RCTI', 'https://d1abp075u76pbq.cloudfront.net/live/eds/RCTI-DD/sa_dash_vmx/RCTI-DD.mpd|Referer=https://www.visionplus.id/', 'https://github.com/riotryulianto/iptv-playlists/blob/main/icons/rcti.png?raw=true', 'Indonesia', 'false', 0, '2026-06-11 23:08:32.072768', '2026-06-11 23:08:32.072768'),
	(33, 'RRI Net', 'https://public-streaming.rri.co.id/memfs/b3169f10-7846-496c-a186-698ea5ddd310.m3u8', 'https://github.com/riotryulianto/iptv-playlists/blob/main/icons/rrinet.png?raw=true', 'Indonesia', 'false', 0, '2026-06-11 23:08:32.191556', '2026-06-11 23:08:32.191556'),
	(35, 'SCTV', 'https://203.77.246.2:443/udp/239.1.1.108:5000', 'https://github.com/riotryulianto/iptv-playlists/blob/main/icons/sctv.png?raw=true', 'Indonesia', 'false', 0, '2026-06-11 23:08:32.270889', '2026-06-11 23:08:32.270889'),
	(34, 'SEA Today', 'https://liveaneviadev.mncnow.id/live/eds/SEA-Channel/sa_dash_vmx/SEA-Channel.mpd', 'https://github.com/riotryulianto/iptv-playlists/blob/main/icons/seatoday.png?raw=true', 'Indonesia', 'false', 0, '2026-06-11 23:08:32.23122', '2026-06-11 23:08:32.23122'),
	(36, 'Trans7', 'https://video.detik.com/trans7/smil:trans7.smil/playlist.m3u8', 'https://github.com/riotryulianto/iptv-playlists/blob/main/icons/trans7.png?raw=true', 'Indonesia', 'false', 0, '2026-06-11 23:08:32.310743', '2026-06-11 23:08:32.310743'),
	(39, 'tvOne 1', 'https://op-group1-swiftservehd-1.dens.tv/h/h40/index.m3u8', 'https://github.com/riotryulianto/iptv-playlists/blob/main/icons/tvone.png?raw=true', 'Indonesia', 'true', 0, '2026-06-11 23:08:32.43078', '2026-06-11 23:08:32.43078'),
	(41, 'TVRI Nasional 1', 'https://op-group1-swiftservesd-1.dens.tv/s/s11/index.m3u8', 'https://github.com/riotryulianto/iptv-playlists/blob/main/icons/tvri.png?raw=true', 'Indonesia', 'true', 0, '2026-06-11 23:08:32.510456', '2026-06-11 23:08:32.510456'),
	(42, 'TVRI Sport', 'https://ott-balancer.tvri.go.id/live/eds/SportHD/hls/SportHD.m3u8', 'https://github.com/riotryulianto/iptv-playlists/blob/main/icons/tvrisport.png?raw=true', 'Indonesia', 'true', 0, '2026-06-11 23:08:32.550392', '2026-06-11 23:08:32.550392'),
	(44, 'TVRI World', 'https://ott-balancer.tvri.go.id/live/eds/TVRIWorld/hls/TVRIWorld.m3u8', 'https://github.com/riotryulianto/iptv-playlists/blob/main/icons/tvriworld.png?raw=true', 'Indonesia', 'true', 0, '2026-06-11 23:08:32.63019', '2026-06-11 23:08:32.63019'),
	(48, 'CinemaWorld', 'https://op-group1-swiftservehd-1.dens.tv/h/h202/index.m3u8', 'https://github.com/riotryulianto/iptv-playlists/blob/main/icons/cinemaworld.png?raw=true', 'Premium', 'true', 0, '2026-06-11 23:08:32.788693', '2026-06-11 23:08:32.788693'),
	(1, 'ANTV', 'https://op-group1-swiftservehd-1.dens.tv/s/s07/index.m3u8', 'https://github.com/riotryulianto/iptv-playlists/blob/main/icons/antv.png?raw=true', 'Indonesia', 'false', 0, '2026-06-11 23:08:30.910453', '2026-06-11 23:08:30.910453'),
	(46, 'Celestial Classic Movies', 'https://op-group1-swiftservehd-1.dens.tv/h/h239/index.m3u8', 'https://github.com/riotryulianto/iptv-playlists/blob/main/icons/ccm.png?raw=true', 'Premium', 'false', 0, '2026-06-11 23:08:32.709426', '2026-06-11 23:08:32.709426'),
	(47, 'Celestial Movies', 'https://op-group1-swiftservehd-1.dens.tv/h/h212/index.m3u8', 'https://github.com/riotryulianto/iptv-playlists/blob/main/icons/celestialmovies.png?raw=true', 'Premium', 'false', 0, '2026-06-11 23:08:32.749161', '2026-06-11 23:08:32.749161'),
	(49, 'HITS', 'https://op-group1-swiftservehd-1.dens.tv/h/h205/index.m3u8', 'https://github.com/riotryulianto/iptv-playlists/blob/main/icons/hits.png?raw=true', 'Premium', 'false', 0, '2026-06-11 23:08:32.828747', '2026-06-11 23:08:32.828747'),
	(50, 'HITS Movies', 'https://op-group1-swiftservehd-1.dens.tv/h/h206/index.m3u8', 'https://github.com/riotryulianto/iptv-playlists/blob/main/icons/hitsmovies.png?raw=true', 'Premium', 'false', 0, '2026-06-11 23:08:32.868332', '2026-06-11 23:08:32.868332'),
	(51, 'KIX', 'https://op-group1-swiftservehd-1.dens.tv/h/h220/index.m3u8', 'https://github.com/riotryulianto/iptv-playlists/blob/main/icons/kix.png?raw=true', 'Premium', 'false', 0, '2026-06-11 23:08:32.908014', '2026-06-11 23:08:32.908014'),
	(52, 'K-Plus', 'https://op-group1-swiftservehd-1.dens.tv/h/h219/index.m3u8', 'https://github.com/riotryulianto/iptv-playlists/blob/main/icons/kplus.png?raw=true', 'Premium', 'false', 0, '2026-06-11 23:08:32.947671', '2026-06-11 23:08:32.947671'),
	(53, 'K-Plus 1', 'https://op-group1-swiftservehd-1.dens.tv/h/h08/index.m3u8', 'https://github.com/riotryulianto/iptv-playlists/blob/main/icons/kplus.png?raw=true', 'Premium', 'false', 0, '2026-06-11 23:08:32.987272', '2026-06-11 23:08:32.987272'),
	(54, 'My Cinema', 'https://op-group1-swiftservehd-1.dens.tv/h/h192/index.m3u8', 'https://github.com/riotryulianto/iptv-playlists/blob/main/icons/mycinema.png?raw=true', 'Premium', 'false', 0, '2026-06-11 23:08:33.026966', '2026-06-11 23:08:33.026966'),
	(55, 'My Cinema Asia', 'https://op-group1-swiftservehd-1.dens.tv/h/h193/index.m3u8', 'https://github.com/riotryulianto/iptv-playlists/blob/main/icons/mycinemaasia.png?raw=true', 'Premium', 'false', 0, '2026-06-11 23:08:33.066741', '2026-06-11 23:08:33.066741'),
	(56, 'My Family', 'https://op-group1-swiftservehd-1.dens.tv/h/h194/index.m3u8', 'https://github.com/riotryulianto/iptv-playlists/blob/main/icons/myfamilychannel.png?raw=true', 'Premium', 'false', 0, '2026-06-11 23:08:33.10641', '2026-06-11 23:08:33.10641'),
	(57, 'My Kidz', 'https://op-group1-swiftservehd-1.dens.tv/h/h191/index.m3u8', 'https://github.com/riotryulianto/iptv-playlists/blob/main/icons/mykidz.png?raw=true', 'Premium', 'false', 0, '2026-06-11 23:08:33.146004', '2026-06-11 23:08:33.146004'),
	(58, 'Rock Action', 'https://op-group1-swiftservehd-1.dens.tv/h/h218/index.m3u8', 'https://github.com/riotryulianto/iptv-playlists/blob/main/icons/rockaction.png?raw=true', 'Premium', 'false', 0, '2026-06-11 23:08:33.185675', '2026-06-11 23:08:33.185675'),
	(59, 'Rock Entertaiment', 'https://op-group1-swiftservehd-1.dens.tv/h/h213/index.m3u8', 'https://github.com/riotryulianto/iptv-playlists/blob/main/icons/rockentertainment.png?raw=true', 'Premium', 'false', 0, '2026-06-11 23:08:33.225831', '2026-06-11 23:08:33.225831'),
	(61, 'tvN Asia', 'https://op-group1-swiftservehd-1.dens.tv/h/h20/index.m3u8', 'https://github.com/riotryulianto/iptv-playlists/blob/main/icons/tvn.png?raw=true', 'Premium', 'false', 0, '2026-06-11 23:08:33.305277', '2026-06-11 23:08:33.305277'),
	(62, 'tvN Movies Asia', 'https://op-group1-swiftservehd-1.dens.tv/h/h214/index.m3u8', 'https://github.com/riotryulianto/iptv-playlists/blob/main/icons/tvnmovies.png?raw=true', 'Premium', 'false', 0, '2026-06-11 23:08:33.344976', '2026-06-11 23:08:33.344976'),
	(38, 'tvOne', 'https://op-group1-swiftservehd-1.dens.tv/h/h224/index.m3u8', 'https://github.com/riotryulianto/iptv-playlists/blob/main/icons/tvone.png?raw=true', 'Indonesia', 'false', 0, '2026-06-11 23:08:32.39116', '2026-06-11 23:08:32.39116'),
	(40, 'TVRI Nasional', 'https://ott-balancer.tvri.go.id/live/eds/Nasional/hls/Nasional.m3u8', 'https://github.com/riotryulianto/iptv-playlists/blob/main/icons/tvri.png?raw=true', 'Indonesia', 'false', 0, '2026-06-11 23:08:32.470533', '2026-06-11 23:08:32.470533'),
	(43, 'TVRI Sport 1', 'https://op-group1-swiftservehd-1.dens.tv/h/h238/index.m3u8', 'https://github.com/riotryulianto/iptv-playlists/blob/main/icons/tvrisport.png?raw=true', 'Indonesia', 'false', 0, '2026-06-11 23:08:32.590543', '2026-06-11 23:08:32.590543'),
	(45, 'VTV', 'https://flv.intechmedia.net/live/ch107.m3u8', 'https://github.com/riotryulianto/iptv-playlists/blob/main/icons/vtv.png?raw=true', 'Indonesia', 'false', 0, '2026-06-11 23:08:32.669775', '2026-06-11 23:08:32.669775'),
	(60, 'Thrill', 'https://op-group1-swiftservehd-1.dens.tv/h/h240/index.m3u8', 'https://github.com/riotryulianto/iptv-playlists/blob/main/icons/thrill.png?raw=true', 'Premium', 'false', 0, '2026-06-11 23:08:33.265507', '2026-06-11 23:08:33.265507'),
	(37, 'Trans TV', 'https://video.detik.com/transtv/smil:transtv.smil/playlist.m3u8', 'https://github.com/riotryulianto/iptv-playlists/blob/main/icons/transtv.png?raw=true', 'Indonesia', 'false', 0, '2026-06-11 23:08:32.350567', '2026-06-11 23:08:32.350567');
/*!40000 ALTER TABLE "iptv_channels" ENABLE KEYS */;

-- Dumping data for table public.islami_artikel: -1 rows
/*!40000 ALTER TABLE "islami_artikel" DISABLE KEYS */;
INSERT INTO "islami_artikel" ("id", "user_id", "judul", "isi", "created_at", "updated_at") VALUES
	(1, NULL, 'Pola Tidur ala Rasulullah', 'Tidur lebih awal setelah Isya, bangun sebelum Subuh. Posisi tidur miring ke kanan, dengan dzikir sebelum tidur.', '2026-05-23 23:43:21.290195', NULL),
	(2, NULL, 'Makan Tidak Berlebihan', 'Sepertiga untuk makanan, sepertiga air, sepertiga udara. Pola makan yang menjaga kesehatan jangka panjang.', '2026-05-23 23:43:21.33081', NULL),
	(3, NULL, 'Berbekam (Hijamah)', 'Sunnah Nabi yang baik dilakukan di tanggal 17, 19, 21 bulan hijriyah untuk membantu sirkulasi darah.', '2026-05-23 23:43:21.370454', NULL),
	(4, NULL, 'Madu, Habbatussauda, Kurma', 'Tiga makanan sunnah yang memiliki manfaat kesehatan luar biasa.', '2026-05-23 23:43:21.410013', NULL),
	(5, NULL, 'Berjalan Kaki & Olahraga', 'Rasulullah menganjurkan memanah, berenang, dan menunggang kuda. Bergeraklah setiap hari.', '2026-05-23 23:43:21.449408', NULL);
/*!40000 ALTER TABLE "islami_artikel" ENABLE KEYS */;

-- Dumping data for table public.islami_badges: -1 rows
/*!40000 ALTER TABLE "islami_badges" DISABLE KEYS */;
/*!40000 ALTER TABLE "islami_badges" ENABLE KEYS */;

-- Dumping data for table public.islami_kajian: -1 rows
/*!40000 ALTER TABLE "islami_kajian" DISABLE KEYS */;
INSERT INTO "islami_kajian" ("id", "user_id", "judul", "isi", "link_video", "created_at", "penulis", "tipe", "link_web", "pdf_path", "updated_at") VALUES
	(2, 2, 'Al Syura 42:52', 'Petunjuk dan al iman', '', '2026-06-08 23:33:23.465479', '', 'buku', '', NULL, NULL);
/*!40000 ALTER TABLE "islami_kajian" ENABLE KEYS */;

-- Dumping data for table public.islami_qa_saved: -1 rows
/*!40000 ALTER TABLE "islami_qa_saved" DISABLE KEYS */;
INSERT INTO "islami_qa_saved" ("id", "user_id", "pertanyaan", "jawaban", "created_at") VALUES
	(1, 2, 'Maksud ayat 7:179', 'Ayat 7:179 dari Surah Al-A''raf menjelaskan tentang sebagian besar golongan jin dan manusia yang akan menjadi penghuni neraka Jahanam. Ayat ini bukan menunjukkan bahwa Allah berbuat zalim, melainkan karena pilihan dan perbuatan mereka sendiri yang mengantarkan mereka pada takdir tersebut.

Allah SWT menyebutkan tiga ciri utama yang menyebabkan mereka tergolong sebagai penghuni neraka:
1.  **Memiliki hati, tetapi tidak dipergunakan untuk memahami:** Mereka dikaruniai akal dan hati nurani, namun tidak menggunakannya untuk merenungkan kebenaran, memahami ayat-ayat Allah, atau mengambil pelajaran dari tanda-tanda kebesaran-Nya.
2.  **Memiliki mata, tetapi tidak dipergunakan untuk melihat:** Mereka memiliki penglihatan, tetapi tidak menggunakannya untuk memperhatikan bukti-bukti kekuasaan Allah di alam semesta atau melihat jalan kebenaran.
3.  **Memiliki telinga, tetapi tidak dipergunakan untuk mendengar:** Mereka memiliki pendengaran, tetapi tidak menggunakannya untuk mendengarkan seruan kebenaran, ayat-ayat Al-Qur''an, atau nasihat para rasul.

Oleh karena itu, Allah menyamakan mereka dengan binatang ternak, bahkan lebih sesat lagi. Binatang ternak hidup berdasarkan insting, sedangkan manusia dan jin diberi akal serta panca indra untuk membedakan yang hak dan batil, namun mereka memilih untuk tidak menggunakannya demi petunjuk. Mereka adalah orang-orang yang lalai (ghaafilun) dari tujuan penciptaan mereka dan dari peringatan Allah.

(Surah Al-A''raf: 179)
Wallahu a''lam.', '2026-06-17 14:53:09.977374'),
	(2, 2, 'Maksud kuat fisik di islam seperti nabi daud?', 'Dalam Islam, maksud "kuat fisik" seperti Nabi Dawud ''alaihissalam tidak hanya merujuk pada kekuatan otot semata, melainkan juga mencakup kesehatan tubuh secara menyeluruh, daya tahan, dan kemampuan untuk melaksanakan tugas-tugas duniawi maupun agama. Nabi Dawud dikenal memiliki kekuatan fisik yang luar biasa, terbukti dari kemampuannya mengalahkan Jalut (Goliath) dalam pertempuran, seperti yang disebutkan dalam Al-Qur''an.

Kekuatan fisik ini memungkinkan beliau untuk berjuang di jalan Allah, memimpin kaumnya, dan melakukan ibadah dengan optimal. Dalam konteks yang lebih luas, Islam mendorong umatnya untuk menjaga kesehatan dan kekuatan fisik agar dapat beribadah dengan baik, mencari nafkah, membela diri dan keluarga, serta berkontribusi positif bagi masyarakat.

Rasulullah ﷺ bersabda: "Mukmin yang kuat lebih baik dan lebih dicintai Allah daripada mukmin yang lemah, dan pada masing-masing ada kebaikan..." (HR. Muslim, no. 2664). Hadits ini menunjukkan bahwa kekuatan fisik yang disertai dengan keimanan adalah sesuatu yang terpuji di sisi Allah, karena dengan tubuh yang kuat, seorang mukmin lebih mampu menjalankan perintah agama, seperti shalat, puasa, haji, jihad, dan membantu sesama.

Oleh karena itu, kuat fisik dalam Islam berarti memiliki tubuh yang sehat dan bugar, yang memungkinkan seseorang untuk beribadah dengan khusyuk, bekerja dengan produktif, dan siap menghadapi tantangan hidup, sebagaimana dicontohkan oleh para nabi dan orang-orang shalih.

Wallahu a''lam.', '2026-06-18 15:00:13.397519');
/*!40000 ALTER TABLE "islami_qa_saved" ENABLE KEYS */;

-- Dumping data for table public.islami_quotes: -1 rows
/*!40000 ALTER TABLE "islami_quotes" DISABLE KEYS */;
/*!40000 ALTER TABLE "islami_quotes" ENABLE KEYS */;

-- Dumping data for table public.islami_streak: -1 rows
/*!40000 ALTER TABLE "islami_streak" DISABLE KEYS */;
INSERT INTO "islami_streak" ("id", "user_id", "tanggal", "quran_done", "dzikir_pagi", "dzikir_petang", "doa_done", "sholat_count", "subuh_walk", "sedekah", "poin") VALUES
	(1, 2, '2026-05-24', 1, 1, 0, 0, 0, 1, 0, 90),
	(10, 14, '2026-05-24', 1, 0, 0, 0, 0, 0, 0, 10),
	(11, 3, '2026-05-26', 1, 0, 0, 0, 0, 0, 0, 20),
	(13, 16, '2026-05-29', 1, 0, 0, 0, 0, 0, 0, 10),
	(14, 20, '2026-05-29', 1, 0, 0, 0, 0, 0, 0, 10),
	(15, 14, '2026-05-29', 1, 0, 0, 0, 0, 0, 0, 10),
	(16, 2, '2026-05-30', 1, 0, 0, 0, 0, 0, 0, 10),
	(17, 3, '2026-05-31', 1, 0, 0, 0, 0, 0, 0, 10),
	(50, 16, '2026-06-01', 1, 0, 0, 0, 0, 0, 0, 10),
	(51, 6, '2026-06-01', 1, 0, 0, 0, 0, 0, 0, 10),
	(52, 2, '2026-06-13', 1, 0, 0, 0, 0, 0, 0, 10);
/*!40000 ALTER TABLE "islami_streak" ENABLE KEYS */;

-- Dumping data for table public.jadwal: -1 rows
/*!40000 ALTER TABLE "jadwal" DISABLE KEYS */;
INSERT INTO "jadwal" ("id", "tanggal", "bulan", "minggu_ke", "jenis", "tempat", "koordinator_id", "konten_obrolan", "catatan", "created_at", "tempat_id", "durasi_menit", "tim_id", "event_id", "jam_mulai", "jam_selesai") VALUES
	(1, '2026-04-16', 'April', 'W3', 'Jogging', 'SR-Panyileukan', 2, '<p>Struktur DK, Indk, Sjrh</p>', '<ol><li>Dedi ada bimbingan skripsi, jadi pulang </li><li>Dani sama Rifat ada Kuliah Online</li></ol>', '2026-05-19 07:50:23.02801', 4, 240, NULL, NULL, '06:10:00', '10:00:00'),
	(2, '2026-04-22', 'April', 'W4', 'Badminton', 'GOR Mayasari', 3, '<p>Tidak Ada</p>', '<p>Tidak Ada</p>', '2026-05-19 07:51:01.708229', 2, 120, NULL, NULL, '16:00:00', '18:00:00'),
	(3, '2026-05-03', 'May', 'W1', 'Jogging', 'Summarecon', 3, '<p>Sharing Hikmah Per Orang</p>', '<ol><li>Dedi Jalan dari Kosan ke Summarecon </li><li>Dedi Cedera kaki</li></ol>', '2026-05-19 07:51:58.579444', 5, 210, NULL, NULL, '07:30:00', '10:00:00'),
	(4, '2026-05-09', 'May', 'W2', 'Futsal', 'GOR Adiguna', 3, '<p>Tidak Ada</p>', '<p>Dedi Jalan dari Kosan ke Adiguna</p>', '2026-05-19 07:52:37.974739', 1, 60, NULL, NULL, '16:00:00', '17:00:00'),
	(5, '2026-05-17', 'May', 'W3', 'Badminton', 'GOR Purbaya', 4, '<p>Sharing Hikmah Per Orang</p>', '<ol><li>Rizal (Rihlah bersama adik Mentornya) </li><li>Fajar S (Part time)</li></ol>', '2026-05-19 07:53:14.399509', 3, 120, NULL, NULL, '08:00:00', '10:00:00'),
	(9, '2026-06-05', 'June', 'W1', 'Jogging', 'Parkiran Taman Sumringah', 2, '<p>Siapakah ''Dia'' menurut kalian?</p>', '<p>Pada telat kunjungannya, namun tetap semangat kompak</p>', '2026-06-02 20:30:34.263032', 5, 150, NULL, NULL, '06:30:00', '09:00:00'),
	(8, '2026-06-02', 'June', 'W1', 'Badminton', 'GOR Gaza', 2, '<p>Shalat bkn hanya aspek ritual, tp 24 jam</p>', '<p>Kompak.. Gaskeun, Makan bersama mie ayam guys</p>', '2026-06-01 13:57:16.375314', 14, 120, NULL, NULL, '16:00:00', '18:00:00'),
	(6, '2026-05-23', 'May', 'W4', 'Badminton', 'GOR Gaza', 3, '<p><br></p>', '<p>Sepi.. dikitan kita main ini</p>', '2026-05-21 15:45:32.456543', 14, 120, NULL, NULL, '16:00:00', '18:00:00'),
	(10, '2026-06-13', 'June', 'W2', 'Jogging', 'Flamboyan Jogging', 14, '<p>Ada Dia nya gk disetiap aktifitas kita</p>', '<p>Kesiangan, kemudian mulai jam 6, 2.4km, sisanya makan dan ngobrol konten</p>', '2026-06-10 21:42:46.741554', 29, 120, NULL, NULL, '06:00:00', '09:00:00'),
	(11, '2026-06-20', 'June', 'W3', 'Badminton', 'GOR Mayasari', 14, '<p><br></p>', '<p><br></p>', '2026-06-15 13:19:58.280744', 13, 120, NULL, NULL, '08:00:00', '10:00:00'),
	(12, '2026-06-16', 'June', 'W3', 'Badminton', 'GOR Gaza', 2, '<p>Yuk, berakrab akrab</p>', '<p><br></p>', '2026-06-16 12:29:48.694775', 14, 120, 8, NULL, '19:00:00', '21:00:00'),
	(13, '2026-06-17', 'June', 'W3', 'Ping Pong', 'Flamboyan Pingpong', 2, '<p>Testing and ngakrab kita</p>', '<p><br></p>', '2026-06-17 20:20:27.906311', 28, 60, NULL, NULL, '21:30:00', '22:30:00'),
	(14, '2026-06-19', 'June', 'W3', 'Renang', 'Kolam Renang BSD', 2, '<p><br></p>', '<p><br></p>', '2026-06-19 13:41:21.425402', 30, 120, NULL, NULL, '14:30:00', '16:30:00');
/*!40000 ALTER TABLE "jadwal" ENABLE KEYS */;

-- Dumping data for table public.jajanan: 7 rows
/*!40000 ALTER TABLE "jajanan" DISABLE KEYS */;
INSERT INTO "jajanan" ("id", "nama", "deskripsi", "harga", "stok", "foto_url", "kategori", "aktif", "created_at", "foto_file_id", "lat", "lng", "jam_buka", "jam_tutup", "toko_id", "hari_buka") VALUES
	(4, 'Nasi Telor Dadar', NULL, 12000, 10, 'https://ik.imagekit.io/ahsansur/sportapp/jajanan/2026/05/Nasi_Dadar_Abin-1780186504-3a1835_9soVpQNTe.jpg', 'Makanan', 'true', '2026-05-30 17:54:08.943507', NULL, -6.934213, 107.716876, '07:00:00', '21:00:00', 5, '0,1,2,3,4,5,6'),
	(5, 'Kopi Susu Caramel Ice', NULL, 20000, 10, 'https://ik.imagekit.io/ahsansur/sportapp/jajanan/2026/05/Kopi_Tekun_Cibiru___Kopi_Susu_Caramel_Ice-1780186465-fc78c6_hoErhR2bZ.jpg', 'Minuman', 'true', '2026-05-30 17:56:18.352873', NULL, -6.932213, 107.715419, '07:00:00', '21:00:00', 4, '0,1,2,3,4,5,6'),
	(2, 'Mie Bakso Urat', NULL, 15000, 9, 'https://ik.imagekit.io/ahsansur/sportapp/jajanan/2026/05/Bakso_Neng_Hajjah___Mie_Bakso_Urat-1780186577-a980f0_QV9JBgCqB.jpg', 'Makanan', 'true', '2026-05-30 17:43:16.278053', NULL, -6.940613, 107.714490, '07:00:00', '21:00:00', 6, '0,1,2,3,4,5,6'),
	(3, 'Tempe Mendoan', NULL, 12000, 10, 'https://ik.imagekit.io/ahsansur/sportapp/jajanan/2026/05/Ayam_penyet_esti___Tempe_Mendoan-1780186536-dcdd7b_q7hTvQ2mX.jpg', 'Snack', 'true', '2026-05-30 17:52:58.119717', NULL, -6.933805, 107.716582, '07:00:00', '21:00:00', 1, '0,1,2,3,4,5,6'),
	(7, 'Blooming Jasmine Milk Tea', NULL, 20000, 10, 'https://ik.imagekit.io/ahsansur/sportapp/jajanan/2026/05/Tianlala_Cibiru___Blooming_Jasmine_Milk_Tea-1780186336-fe1b3e_kFvedWrpy.jpg', 'Minuman', 'true', '2026-05-30 18:00:28.030693', NULL, -6.933354, 107.720471, '07:00:00', '21:00:00', 2, '0,1,2,3,4,5,6'),
	(6, 'Nasi Goreng Hongkong', NULL, 29000, 10, 'https://ik.imagekit.io/ahsansur/sportapp/jajanan/2026/05/Waroeng_Cafe_Yayang___Nasi_Goreng_Hongkong-1780186385-5a253e_IbrFiWzPMh.jpg', 'Makanan', 'true', '2026-05-30 17:58:44.024626', NULL, -6.933812, 107.716533, '07:00:00', '21:00:00', 3, '0,1,2,3,4,5,6'),
	(9, 'Nasi Telor Dadar', NULL, 12000, 10, NULL, 'Makanan', 'true', '2026-06-02 12:47:28.88952', NULL, NULL, NULL, '07:00:00', '21:00:00', 7, '0,1,2,3,4,5,6');
/*!40000 ALTER TABLE "jajanan" ENABLE KEYS */;

-- Dumping data for table public.jajanan_pesanan: 4 rows
/*!40000 ALTER TABLE "jajanan_pesanan" DISABLE KEYS */;
INSERT INTO "jajanan_pesanan" ("id", "kode", "nama_pemesan", "no_wa", "alamat", "catatan", "subtotal", "ongkir", "total", "metode", "status", "kurir_user_id", "created_at", "updated_at", "pickup_lat", "pickup_lng", "payment_status", "midtrans_order_id", "snap_token", "snap_redirect", "stok_dipotong", "driver_lat", "driver_lng", "driver_loc_updated_at", "rating", "rating_komentar", "rating_at", "email_pemesan", "biaya_aplikasi", "biaya_admin", "invoice_sent_at") VALUES
	(2, 'JJN-260530-3974', 'Andin', '081386369207', 'Tes', 'Gerbang Biru', 15000, 5000, 20000, 'cod', 'selesai', 2, '2026-05-30 17:45:28.285732', '2026-05-30 18:28:35.688819', -6.925610, 107.729378, 'pending', NULL, NULL, NULL, 'false', NULL, NULL, NULL, NULL, NULL, NULL, NULL, 0, 0, NULL),
	(38, 'JJN-260601-8E2D', 'Firdam', '6281386369207', 'Ngetes', 'Gerbang hijau', 30000, 5638, 43211, 'midtrans', 'pending_payment', NULL, '2026-06-01 13:13:28.980403', '2026-06-01 13:13:28.980403', -6.925368, 107.729468, 'pending', 'JJN-260601-8E2D', 'ba0c3cad-46b4-4194-ae20-bae0a288f6b8', 'https://app.sandbox.midtrans.com/snap/v4/redirection/ba0c3cad-46b4-4194-ae20-bae0a288f6b8', 'false', NULL, NULL, NULL, NULL, NULL, NULL, NULL, 0, 0, NULL),
	(1, 'JJN-260530-3300', 'Anggi', '081386369207', 'Biru', 'Gerbang biru', 40000, 5000, 45000, 'cod', 'diantar', 4, '2026-05-30 12:24:40.776433', '2026-06-01 14:35:33.005843', NULL, NULL, 'pending', NULL, NULL, NULL, 'false', -6.925610, 107.729378, '2026-06-01 14:15:36.01085+07', NULL, NULL, NULL, NULL, 0, 0, NULL),
	(40, 'JJN-260602-877D', 'Firdam', '6281386369207', 'Cibiru', 'Gerbang', 10000, 5637, 20854, 'midtrans', 'pending_payment', NULL, '2026-06-02 05:34:05.70711', '2026-06-02 05:34:05.70711', -6.925379, 107.729466, 'pending', 'JJN-260602-877D', '99e4c775-9f1b-4206-92f1-aea28de015d3', 'https://app.midtrans.com/snap/v4/redirection/99e4c775-9f1b-4206-92f1-aea28de015d3', 'false', NULL, NULL, NULL, NULL, NULL, NULL, NULL, 0, 0, NULL);
/*!40000 ALTER TABLE "jajanan_pesanan" ENABLE KEYS */;

-- Dumping data for table public.jajanan_pesanan_item: -1 rows
/*!40000 ALTER TABLE "jajanan_pesanan_item" DISABLE KEYS */;
INSERT INTO "jajanan_pesanan_item" ("id", "pesanan_id", "jajanan_id", "nama", "harga", "qty") VALUES
	(1, 1, NULL, '🍕 Pizza', 20000, 2),
	(2, 2, 2, 'Bakso Neng Hajjah - Mie Bakso Urat', 15000, 1),
	(38, 38, 2, 'Mie Bakso Urat', 15000, 2),
	(41, 40, NULL, 'Testes', 10000, 1);
/*!40000 ALTER TABLE "jajanan_pesanan_item" ENABLE KEYS */;

-- Dumping data for table public.jenis_olahraga: -1 rows
/*!40000 ALTER TABLE "jenis_olahraga" DISABLE KEYS */;
INSERT INTO "jenis_olahraga" ("id", "nama", "deskripsi", "created_at") VALUES
	(1, 'Jogging', 'Lari santai outdoor, fokus pada durasi dan jarak.', '2026-05-21 00:40:55.617378'),
	(2, 'Badminton', 'Pertandingan ganda/tunggal di GOR.', '2026-05-21 00:40:55.617378'),
	(3, 'Futsal', 'Sepak bola dalam ruangan, 5 vs 5.', '2026-05-21 00:40:55.617378'),
	(8, 'Hiking', 'Ngalam bagian healing', '2026-05-22 16:19:49.34839'),
	(9, 'Camping', 'Bersama dalam malam', '2026-05-22 16:20:06.583601'),
	(10, 'Gerak Jalan', 'Menjaga intensitas kaki', '2026-05-22 16:20:27.018665'),
	(5, 'Renang', 'Renang gaya yang bagian dari edukasi', '2026-05-21 00:40:55.617378'),
	(11, 'Biliard', 'Kuy, maen bola kecil', '2026-05-23 04:33:57.391667'),
	(12, 'Ping Pong', 'Bola Bolaan Kecil', '2026-05-23 06:40:37.374439'),
	(13, 'Olahraga Pribadi', 'Rumahan', '2026-06-03 05:36:56.762834');
/*!40000 ALTER TABLE "jenis_olahraga" ENABLE KEYS */;

-- Dumping data for table public.kalori_burn_lain: -1 rows
/*!40000 ALTER TABLE "kalori_burn_lain" DISABLE KEYS */;
/*!40000 ALTER TABLE "kalori_burn_lain" ENABLE KEYS */;

-- Dumping data for table public.kalori_defisit_setting: -1 rows
/*!40000 ALTER TABLE "kalori_defisit_setting" DISABLE KEYS */;
INSERT INTO "kalori_defisit_setting" ("user_id", "sumber", "manual_harian", "updated_at") VALUES
	(2, 'jogging', 0, '2026-06-18 22:31:39.027698');
/*!40000 ALTER TABLE "kalori_defisit_setting" ENABLE KEYS */;

-- Dumping data for table public.kalori_log: -1 rows
/*!40000 ALTER TABLE "kalori_log" DISABLE KEYS */;
/*!40000 ALTER TABLE "kalori_log" ENABLE KEYS */;

-- Dumping data for table public.kalori_makanan_log: 6 rows
/*!40000 ALTER TABLE "kalori_makanan_log" DISABLE KEYS */;
INSERT INTO "kalori_makanan_log" ("id", "user_id", "tanggal", "waktu", "nama_makanan", "kalori", "foto_url", "ai_estimasi", "catatan", "created_at", "foto_file_id", "karbohidrat_g", "protein_g", "lemak_g", "serat_g", "gula_g", "sodium_mg", "ai_detail") VALUES
	(17, 2, '2026-06-18', '10:26:00', 'Mie Omelette', 580, 'https://ik.imagekit.io/ahsansur/sportapp/kalori/June_2026/kalori-2-2026-06-18-Mie_Omelette-1781753287_ABPW9JKNb.jpg', 'true', '', '2026-06-18 10:28:08.588067', '6a3365c75c7cd75eb82bfd83', NULL, NULL, NULL, NULL, NULL, NULL, NULL),
	(19, 2, '2026-06-18', '10:31:00', 'Telur Tomat', 150, 'https://ik.imagekit.io/ahsansur/sportapp/kalori/June_2026/kalori-2-2026-06-18-Telur_Tomat-1781753493_TwwzyYd1w.jpg', 'true', '', '2026-06-18 10:31:35.501231', '6a3366965c7cd75eb82fc72a', NULL, NULL, NULL, NULL, NULL, NULL, NULL),
	(21, 2, '2026-06-18', '21:35:00', 'Tempe (Tempe Goreng)', 130, 'https://ik.imagekit.io/ahsansur/sportapp/kalori/June_2026/kalori-2-2026-06-18-Tempe__Tempe_Goreng_-1781793402_1y2wMXiSe.jpg', 'true', 'AI: Satu potong tempe goreng', '2026-06-18 21:36:43.75259', '6a34027b5c7cd75eb8bfe1c4', NULL, NULL, NULL, NULL, NULL, NULL, NULL),
	(20, 2, '2026-06-18', '14:55:00', 'Siomay kecil', 150, 'https://ik.imagekit.io/ahsansur/sportapp/kalori/June_2026/kalori-2-2026-06-18-Siomay_kecil-1781769397_gwXH2z_Y2.jpg', 'true', NULL, '2026-06-18 14:56:39.397485', '6a33a4b65c7cd75eb8fb5312', NULL, NULL, NULL, NULL, NULL, NULL, NULL),
	(15, 2, '2026-06-18', '10:23:00', 'Susu breadbrand 189ml', 120, 'https://ik.imagekit.io/ahsansur/sportapp/kalori/June_2026/kalori-2-2026-06-18-Ausu_breadbrand_189ml-1781753064_Hr3awjQYd.jpg', 'true', NULL, '2026-06-18 10:24:25.767829', '6a3364e95c7cd75eb827fc19', NULL, NULL, NULL, NULL, NULL, NULL, NULL),
	(23, 2, '2026-06-18', '22:32:00', 'Nasi Goreng', 850, 'https://ik.imagekit.io/ahsansur/sportapp/kalori/June_2026/kalori-2-2026-06-18-Nasi_Goreng-1781796981_bVOKgYYjE.jpg', 'true', 'AI: Nasi goreng dengan campuran nasi, sayuran (wortel, daun bawang), dan kemungkinan telur atau potongan daging kecil, digoreng dengan minyak.', '2026-06-18 22:36:23.263828', '6a3410765c7cd75eb82b332d', NULL, NULL, NULL, NULL, NULL, NULL, NULL);
/*!40000 ALTER TABLE "kalori_makanan_log" ENABLE KEYS */;

-- Dumping data for table public.kalori_target: -1 rows
/*!40000 ALTER TABLE "kalori_target" DISABLE KEYS */;
INSERT INTO "kalori_target" ("user_id", "target_harian", "updated_at") VALUES
	(2, 1500, '2026-06-11 23:40:42.808845');
/*!40000 ALTER TABLE "kalori_target" ENABLE KEYS */;

-- Dumping data for table public.kebijakan_privasi: -1 rows
/*!40000 ALTER TABLE "kebijakan_privasi" DISABLE KEYS */;
INSERT INTO "kebijakan_privasi" ("id", "versi", "judul", "konten", "aktif", "created_at", "updated_at") VALUES
	(1, '1.0', 'Kebijakan Privasi (UU PDP No. 27 Tahun 2022)', '<h3>Pendahuluan</h3><p>HapFam SportApp menghormati privasi Anda dan mematuhi UU No. 27 Tahun 2022 tentang Pelindungan Data Pribadi.</p>
<h3>1. Data yang Kami Kumpulkan</h3><ul><li>Data identitas: nama, email, jenis kelamin, nomor WhatsApp</li><li>Data lokasi (saat memesan jajanan/booking lapangan)</li><li>Data aktivitas olahraga, foto profil, postingan</li></ul>
<h3>2. Dasar Pemrosesan</h3><p>Persetujuan Anda saat mendaftar, pelaksanaan kontrak (pemesanan), dan kepentingan sah.</p>
<h3>3. Hak Subjek Data</h3><ul><li>Hak mendapatkan informasi</li><li>Hak akses, koreksi, dan penghapusan</li><li>Hak menarik persetujuan</li><li>Hak menolak pemrosesan otomatis</li></ul>
<h3>4. Keamanan</h3><p>Kami menerapkan enkripsi password (bcrypt), HTTPS, dan kontrol akses berbasis peran.</p>
<h3>5. Pengiriman ke Pihak Ketiga</h3><p>Hanya untuk pemrosesan pembayaran (Midtrans) dan penyimpanan media (ImageKit) sesuai standar industri.</p>
<h3>6. Kontak DPO</h3><p>Hubungi: admin@hapfam.local</p>', 'true', '2026-06-02 07:20:18.842615', '2026-06-02 07:20:18.842615');
/*!40000 ALTER TABLE "kebijakan_privasi" ENABLE KEYS */;

-- Dumping data for table public.live_tracking_contacts: -1 rows
/*!40000 ALTER TABLE "live_tracking_contacts" DISABLE KEYS */;
INSERT INTO "live_tracking_contacts" ("id", "user_id", "nama", "nomor_wa", "email", "relasi", "created_at") VALUES
	(1, 2, 'FIRDAMDAM SASMITA', '081386369207', '', '', '2026-06-15 13:12:32.529833');
/*!40000 ALTER TABLE "live_tracking_contacts" ENABLE KEYS */;

-- Dumping data for table public.live_tracking_points: -1 rows
/*!40000 ALTER TABLE "live_tracking_points" DISABLE KEYS */;
INSERT INTO "live_tracking_points" ("id", "session_id", "lat", "lng", "accuracy_m", "speed_mps", "heading_deg", "ts") VALUES
	(1, 1, -6.9254995900617, 107.72965966931, 182, NULL, NULL, '2026-06-15 12:22:28.118955'),
	(2, 1, -6.9254995900617, 107.72965966931, 182, NULL, NULL, '2026-06-15 12:22:38.760569'),
	(3, 1, -6.9254995900617, 107.72965966931, 182, NULL, NULL, '2026-06-15 12:22:46.523412'),
	(4, 1, -6.9254995900617, 107.72965966931, 182, NULL, NULL, '2026-06-15 12:23:00.985059'),
	(5, 1, -6.9254995900617, 107.72965966931, 182, NULL, NULL, '2026-06-15 12:23:27.848797'),
	(6, 2, -6.92559, 107.729495, 6.6999998092651, 0, NULL, '2026-06-15 13:13:11.339376'),
	(7, 2, -6.9254533, 107.729485, 6.5, 0, NULL, '2026-06-15 13:13:31.299592'),
	(8, 2, -6.9255402, 107.7295132, 6.3109998703003, 0.0029189235065132, NULL, '2026-06-15 13:13:36.789242'),
	(9, 2, -6.9255857, 107.7296431, 5.5799999237061, 0.17421674728394, 232.71476745605, '2026-06-15 13:13:42.144231'),
	(10, 2, -6.9256004, 107.7295793, 4.5999999046326, 0.13238309323788, 246.93435668945, '2026-06-15 13:13:50.215391'),
	(11, 2, -6.9256031, 107.7295964, 3.8659999370575, 0.14976792037487, 316.00170898438, '2026-06-15 13:13:52.238993'),
	(12, 2, -6.9256166, 107.7295947, 3.5659999847412, 0.092682182788849, NULL, '2026-06-15 13:13:57.484518'),
	(13, 4, -6.9255092, 107.7294732, 60, 0.019558385014534, NULL, '2026-06-15 23:06:36.947674'),
	(14, 5, -6.925315, 107.72919, 8.6999998092651, 0, NULL, '2026-06-15 23:08:07.482122'),
	(15, 5, -6.925286, 107.7293804, 8.125, 0.052177578210831, NULL, '2026-06-15 23:08:12.337015'),
	(16, 6, -6.9254835, 107.7295048, 12.39999961853, 0.00088145857444033, NULL, '2026-06-16 06:38:04.208494'),
	(17, 6, -6.9254835, 107.7295048, 12.39999961853, 0.00088145857444033, NULL, '2026-06-16 06:38:09.057206'),
	(18, 6, -6.9254762, 107.7295515, 5.25, 0.19042831659317, 222.55740356445, '2026-06-16 06:38:11.028739'),
	(19, 6, -6.9254762, 107.7295515, 5.25, 0.19042831659317, 222.55740356445, '2026-06-16 06:38:13.641957'),
	(20, 6, -6.9254584, 107.7295635, 2.4800000190735, 0.2450029104948, 295.89877319336, '2026-06-16 06:38:18.841357'),
	(21, 6, -6.9254584, 107.7295635, 2.4800000190735, 0.2450029104948, 295.89877319336, '2026-06-16 06:38:20.793435'),
	(22, 6, -6.9254437, 107.7295496, 2.3280000686646, 0.14841514825821, 316.05264282227, '2026-06-16 06:38:23.386717'),
	(23, 6, -6.9254437, 107.7295496, 2.3280000686646, 0.14841514825821, 316.05264282227, '2026-06-16 06:38:25.3602'),
	(24, 6, -6.9254365, 107.7295572, 2.1500000953674, 0.15555459260941, 54.001270294189, '2026-06-16 06:38:29.729215'),
	(25, 6, -6.9254365, 107.7295572, 2.1500000953674, 0.15555459260941, 54.001270294189, '2026-06-16 06:38:32.358486'),
	(26, 6, -6.9254349, 107.7295497, 2.0569999217987, 0.087235875427723, NULL, '2026-06-16 06:38:36.237158'),
	(27, 6, -6.9254349, 107.7295497, 2.0569999217987, 0.087235875427723, NULL, '2026-06-16 06:38:40.488907');
/*!40000 ALTER TABLE "live_tracking_points" ENABLE KEYS */;

-- Dumping data for table public.live_tracking_sessions: -1 rows
/*!40000 ALTER TABLE "live_tracking_sessions" DISABLE KEYS */;
INSERT INTO "live_tracking_sessions" ("id", "user_id", "token", "judul", "pesan", "olahraga", "started_at", "ended_at", "expires_at", "is_active", "last_lat", "last_lng", "last_seen_at") VALUES
	(1, 2, '13X36YYkNJnx_VveTzxixoxx', 'Lari sore', NULL, 'lari', '2026-06-15 12:22:22.847447', NULL, '2026-06-15 18:22:22.847447', 'true', -6.9254995900617, 107.72965966931, '2026-06-15 12:23:27.9099'),
	(2, 2, 'rNDCnPXZMV4l8hSRsicNUh4b', 'Lari sore', NULL, 'lari', '2026-06-15 13:13:06.764793', NULL, '2026-06-15 19:13:06.764793', 'true', -6.9256166, 107.7295947, '2026-06-15 13:13:57.525854'),
	(3, 2, '9BgjHUJw6fej59GFOuXEbKzB', 'Lari sore', NULL, 'lari', '2026-06-15 17:09:32.45656', NULL, '2026-06-15 23:09:32.45656', 'true', NULL, NULL, NULL),
	(4, 2, 'He38VoG87gKKKj9m5x8fBdXW', 'Lari sore', NULL, 'lari', '2026-06-15 23:06:30.645995', NULL, '2026-06-16 05:06:30.645995', 'true', -6.9255092, 107.7294732, '2026-06-15 23:06:36.988415'),
	(5, 2, 'tnBpARzeM7PypgeKizL1IQrm', 'Lari sore', NULL, 'lari', '2026-06-15 23:08:02.362123', '2026-06-15 23:08:22.625701', '2026-06-16 05:08:02.362123', 'false', -6.925286, 107.7293804, '2026-06-15 23:08:12.377379'),
	(6, 2, 'RLH-hCLjnsGbAT0HPLXIsUkp', 'Lari sore', NULL, 'lari', '2026-06-16 06:38:00.538541', '2026-06-16 06:39:23.027658', '2026-06-16 12:38:00.538541', 'false', -6.9254349, 107.7295497, '2026-06-16 06:38:40.542159');
/*!40000 ALTER TABLE "live_tracking_sessions" ENABLE KEYS */;

-- Dumping data for table public.login_attempts: 368 rows
/*!40000 ALTER TABLE "login_attempts" DISABLE KEYS */;
INSERT INTO "login_attempts" ("id", "email", "ip", "success", "created_at") VALUES
	(1, 'firdam@sport.local', '::1', 1, '2026-05-22 00:12:26.427246'),
	(2, 'firdam@sport.local', '::1', 1, '2026-05-22 00:17:34.01573'),
	(3, 'firdam@sport.local', '::1', 1, '2026-05-22 01:29:24.816901'),
	(4, 'firdam@sport.local', '::1', 1, '2026-05-22 02:37:01.677462'),
	(5, 'firdam@sport.local', '::1', 1, '2026-05-22 02:38:41.215681'),
	(6, 'firdam@sport.local', '::1', 1, '2026-05-22 02:39:11.674584'),
	(7, 'firdam@sport.local', '::1', 1, '2026-05-22 02:43:33.266834'),
	(8, 'firdam@sport.local', '::1', 1, '2026-05-22 02:44:29.827481'),
	(9, 'firdam@sport.local', '::1', 1, '2026-05-22 03:00:43.311588'),
	(10, 'dedi@sport.local', '::1', 1, '2026-05-22 03:22:39.113084'),
	(11, 'firdam@sport.local', '::1', 1, '2026-05-22 03:48:44.556657'),
	(12, 'firdam@sport.local', '::1', 1, '2026-05-22 04:08:55.248041'),
	(13, 'dedi@sport.local', '::1', 1, '2026-05-22 04:15:04.752104'),
	(14, 'firdam@sport.local', '::1', 1, '2026-05-22 04:45:06.775472'),
	(15, 'firdam@sport.local', '::1', 0, '2026-05-22 04:47:57.45418'),
	(16, 'firdam@sport.local', '::1', 1, '2026-05-22 04:48:04.754668'),
	(17, 'firdam@local.sport', '::1', 0, '2026-05-22 04:52:05.704754'),
	(18, 'firdam@sport.local', '::1', 0, '2026-05-22 04:52:22.255597'),
	(19, 'firdam@sport.local', '::1', 1, '2026-05-22 04:52:50.653865'),
	(20, 'firdam@sport.local', '::1', 1, '2026-05-22 05:25:13.391183'),
	(21, 'firdam@sport.local', '::1', 1, '2026-05-22 05:26:07.704106'),
	(22, 'firdam@sport.local', '::1', 1, '2026-05-22 05:47:39.216339'),
	(23, 'aziz@sport.local', '::1', 1, '2026-05-22 05:47:40.208118'),
	(24, 'firdam@sport.local', '::1', 1, '2026-05-22 05:48:56.387582'),
	(25, 'firdam@sport.local', '::1', 1, '2026-05-22 05:53:55.788381'),
	(26, 'firdam@sport.local', '::1', 1, '2026-05-22 06:10:21.948608'),
	(27, 'firdam@sport.local', '::1', 1, '2026-05-22 06:15:10.512396'),
	(28, 'firdam@sport.local', '::1', 0, '2026-05-22 06:17:52.407287'),
	(29, 'firdam@sport.local', '::1', 1, '2026-05-22 06:18:02.606331'),
	(30, 'firdam@sport.local', '::1', 0, '2026-05-22 06:55:25.922506'),
	(31, 'firdam@sport.local', '::1', 1, '2026-05-22 06:55:39.323671'),
	(32, 'rizalsaad1405@gmail.com', '::1', 1, '2026-05-22 09:25:59.055948'),
	(33, 'rizalsaad1405@gmail.com', '::1', 1, '2026-05-22 09:26:01.152729'),
	(34, 'adith@sport.local', '::1', 0, '2026-05-22 09:26:12.665261'),
	(35, 'adithsetiawan62@gmail.com', '::1', 0, '2026-05-22 09:26:28.252302'),
	(36, 'farhan@sport.local', '::1', 1, '2026-05-22 09:26:42.758253'),
	(37, 'adithsetiawan62@gmail.com', '::1', 1, '2026-05-22 09:27:15.67298'),
	(38, 'adithsetiawan62@gmail.com', '::1', 1, '2026-05-22 09:27:17.662859'),
	(39, 'adithsetiawan62@gmail.com', '::1', 1, '2026-05-22 09:27:21.063629'),
	(40, 'adithsetiawan62@gmail.com', '::1', 1, '2026-05-22 09:27:22.960921'),
	(41, 'adithsetiawan62@gmail.com', '::1', 1, '2026-05-22 09:27:24.956696'),
	(42, 'adithsetiawan62@gmail.com', '::1', 1, '2026-05-22 09:27:26.959754'),
	(43, 'adithsetiawan62@gmail.com', '::1', 1, '2026-05-22 09:27:29.063756'),
	(44, 'adithsetiawan62@gmail.com', '::1', 1, '2026-05-22 09:27:31.577118'),
	(45, 'firdam@sport.local', '::1', 0, '2026-05-22 09:32:01.756689'),
	(46, 'firdam@sport.local', '::1', 1, '2026-05-22 09:32:11.957059'),
	(47, 'dani@sport.local', '::1', 1, '2026-05-22 10:33:17.332064'),
	(48, 'firdam@sport.local', '::1', 1, '2026-05-22 12:15:52.764111'),
	(49, 'firdam@sport.local', '::1', 1, '2026-05-22 15:22:45.07098'),
	(50, 'firdam@sport.local', '::1', 1, '2026-05-22 16:02:56.558954'),
	(51, 'firdam@sport.local', '::1', 1, '2026-05-22 16:50:07.36065'),
	(52, 'firdam@sport.local', '::1', 1, '2026-05-22 16:50:29.760719'),
	(53, 'farhan@sport.local', '::1', 1, '2026-05-22 20:32:57.610004'),
	(54, 'firdam@sport.local', '::1', 1, '2026-05-23 04:32:52.006381'),
	(55, 'firdam@sport.local', '::1', 1, '2026-05-23 05:11:39.051908'),
	(56, 'firdam@sport.local', '::1', 1, '2026-05-23 05:45:57.544728'),
	(57, 'firdam@sport.local', '::1', 1, '2026-05-23 05:57:10.94672'),
	(58, 'firdam@sport.local', '::1', 1, '2026-05-23 05:58:14.043684'),
	(59, 'firdam@sport.local', '::1', 1, '2026-05-23 06:01:13.646096'),
	(60, 'dani@sport.local', '::1', 1, '2026-05-23 06:16:18.049163'),
	(61, 'firdam@sport.local', '::1', 1, '2026-05-23 06:40:21.467383'),
	(62, 'firdam@sport.local', '::1', 1, '2026-05-23 07:00:19.265408'),
	(63, 'firdam@sport.local', '::1', 1, '2026-05-23 07:17:49.750471'),
	(64, 'firdam@sport.local', '::1', 1, '2026-05-23 07:51:09.666772'),
	(65, 'firdam@sport.local', '::1', 1, '2026-05-23 07:53:56.730811'),
	(66, 'hanif@sport.local', '::1', 1, '2026-05-23 07:55:42.030535'),
	(67, 'firdam@sport.local', '::1', 1, '2026-05-23 08:00:14.234138'),
	(68, 'firdam@sport.local', '::1', 1, '2026-05-23 08:00:50.925963'),
	(69, 'hanif@sport.local', '::1', 1, '2026-05-23 08:01:10.53084'),
	(70, 'firdam@sport.local', '::1', 1, '2026-05-23 08:01:54.533101'),
	(71, 'firdam@sport.local', '::1', 1, '2026-05-23 08:01:57.43081'),
	(72, 'dani@sport.local', '::1', 1, '2026-05-23 08:04:25.631009'),
	(73, 'firdam@sport.local', '::1', 1, '2026-05-23 08:17:17.036734'),
	(74, 'hanif@sport.local', '::1', 1, '2026-05-23 08:17:57.438327'),
	(75, 'firdam@sport.local', '::1', 1, '2026-05-23 08:18:23.336663'),
	(76, 'farhan@sport.local', '::1', 0, '2026-05-23 09:06:58.780826'),
	(77, 'farhan@sport.local', '::1', 1, '2026-05-23 09:07:15.78216'),
	(78, 'dani@sport.local', '::1', 1, '2026-05-23 09:13:09.993464'),
	(79, 'rifat@sport.local', '::1', 1, '2026-05-23 09:13:59.298529'),
	(80, 'rifat@sport.local', '::1', 1, '2026-05-23 09:14:02.285043'),
	(81, 'rifat@sport.local', '::1', 1, '2026-05-23 09:14:03.576288'),
	(82, 'firdam@sport.local', '::1', 1, '2026-05-23 09:14:49.881582'),
	(83, 'rifat@sport.local', '::1', 0, '2026-05-23 09:14:51.184753'),
	(84, 'rifat@sport.local', '::1', 1, '2026-05-23 09:15:25.480309'),
	(85, 'dani@sport.local', '::1', 1, '2026-05-23 09:16:56.881765'),
	(86, 'firdam@sport.local', '::1', 1, '2026-05-23 10:58:45.370556'),
	(87, 'firdam@sport.local', '::1', 1, '2026-05-23 10:58:48.364178'),
	(88, 'firdam@sport.local', '::1', 1, '2026-05-23 11:26:02.090968'),
	(89, 'firdam@sport.local', '::1', 1, '2026-05-23 14:11:11.46566'),
	(90, 'firdam@sport.local', '::1', 1, '2026-05-23 14:32:36.622198'),
	(91, 'dani@sport.local', '::1', 1, '2026-05-23 15:55:35.428255'),
	(92, 'adithsetiawan62@gmail.com', '::1', 0, '2026-05-23 15:56:11.031084'),
	(93, 'adithsetiawan62@gmail.com', '::1', 0, '2026-05-23 15:56:38.930822'),
	(94, 'adithsetiawan62@gmail.com', '::1', 1, '2026-05-23 15:56:58.428601'),
	(95, 'dani@sport.local', '::1', 1, '2026-05-23 16:24:12.85294'),
	(96, 'adithsetiawan62@gmail.com', '::1', 1, '2026-05-23 16:24:48.460409'),
	(97, 'firdam@sport.local', '::1', 1, '2026-05-23 16:24:55.46588'),
	(98, 'firdam@sport.local', '::1', 1, '2026-05-23 16:24:59.058688'),
	(99, 'faiz@sport.local', '::1', 1, '2026-05-23 16:26:33.246502'),
	(100, 'adithsetiawan62@gmail.com', '::1', 1, '2026-05-23 16:27:59.048286'),
	(101, 'firdam@sport.local', '::1', 1, '2026-05-23 17:01:18.09499'),
	(102, 'firdam@sport.local', '::1', 1, '2026-05-23 17:01:21.102968'),
	(103, 'dedi@sport.local', '::1', 1, '2026-05-23 17:10:11.295735'),
	(104, 'firdam@sport.local', '::1', 1, '2026-05-23 18:31:01.491479'),
	(105, 'firdam@sport.local', '::1', 1, '2026-05-23 18:31:04.477134'),
	(106, 'firdam@sport.local', '::1', 1, '2026-05-23 18:54:13.463847'),
	(107, 'firdam@sport.local', '::1', 1, '2026-05-23 19:05:44.174095'),
	(108, 'farhan@sport.local', '::1', 1, '2026-05-23 19:06:33.775824'),
	(109, 'farhan@sport.local', '::1', 1, '2026-05-23 19:06:36.865871'),
	(110, 'firdam@sport.local', '::1', 1, '2026-05-23 19:10:43.370673'),
	(111, 'firdam@sport.local', '::1', 1, '2026-05-23 21:15:16.789076'),
	(112, 'firdam@sport.local', '::1', 1, '2026-05-23 21:16:21.282745'),
	(113, 'firdam@sport.local', '::1', 1, '2026-05-23 21:16:24.694205'),
	(114, 'hanif@sport.local', '::1', 1, '2026-05-23 21:18:46.803703'),
	(115, 'hanif@sport.local', '::1', 1, '2026-05-23 21:18:47.990227'),
	(116, 'firdam@sport.local', '::1', 1, '2026-05-23 21:21:22.500638'),
	(117, 'firdam@sport.local', '::1', 1, '2026-05-23 21:21:23.688742'),
	(118, 'firdam@sport.local', '::1', 1, '2026-05-23 23:25:04.818341'),
	(119, 'firdam@sport.local', '::1', 1, '2026-05-23 23:39:33.740411'),
	(120, 'firdam@sport.local', '::1', 1, '2026-05-23 23:39:38.048722'),
	(121, 'firdam@sport.local', '::1', 1, '2026-05-23 23:51:18.536705'),
	(122, 'firdam@sport.local', '::1', 1, '2026-05-23 23:51:19.736515'),
	(123, 'firdamdamsasmita@upi.edu', '::1', 1, '2026-05-23 23:52:15.352602'),
	(124, 'firdamdamsasmita@upi.edu', '::1', 1, '2026-05-23 23:52:17.741655'),
	(125, 'firdam@sport.local', '::1', 0, '2026-05-24 00:10:00.031515'),
	(126, 'firdam@sport.local', '::1', 1, '2026-05-24 00:10:24.336'),
	(127, 'firdam@sport.local', '::1', 1, '2026-05-24 00:10:25.537046'),
	(128, 'firdam@sport.local', '::1', 1, '2026-05-24 00:13:55.436265'),
	(129, 'firdam@sport.local', '::1', 0, '2026-05-24 00:16:22.439664'),
	(130, 'firdam@sport.local', '::1', 1, '2026-05-24 00:16:39.039698'),
	(131, 'tes@sport.local', '::1', 1, '2026-05-24 00:18:11.538797'),
	(132, 'firdam@sport.local', '::1', 1, '2026-05-24 00:18:48.337171'),
	(133, 'dani@sport.local', '::1', 1, '2026-05-24 00:23:05.738692'),
	(134, 'firdam@sport.local', '::1', 1, '2026-05-24 00:34:56.950419'),
	(135, 'firdam@sport.local', '::1', 1, '2026-05-24 00:34:58.138956'),
	(136, 'firdam@sport.local', '::1', 1, '2026-05-24 06:00:22.471063'),
	(137, 'firdam@sport.local', '::1', 1, '2026-05-24 06:00:23.667252'),
	(138, 'firdam@sport.local', '::1', 1, '2026-05-24 07:19:08.653942'),
	(139, 'firdam@sport.local', '::1', 1, '2026-05-24 07:24:04.104817'),
	(140, 'firdam@sport.local', '::1', 0, '2026-05-24 07:56:40.571535'),
	(141, 'firdam@sport.local', '::1', 0, '2026-05-24 07:56:48.967109'),
	(142, 'firdam@sport.local', '::1', 0, '2026-05-24 07:56:59.978372'),
	(143, 'firdam@sport.local', '::1', 0, '2026-05-24 07:57:14.366125'),
	(144, 'dani@sport.local', '::1', 0, '2026-05-24 07:57:46.577606'),
	(145, 'firdam@sport.local', '::1', 0, '2026-05-24 08:00:06.864485'),
	(146, 'firdam@sport.local', '::1', 0, '2026-05-24 08:00:44.16464'),
	(147, 'firdam@sport.local', '::1', 1, '2026-05-24 08:10:46.414771'),
	(148, 'firdam@sport.local', '::1', 1, '2026-05-24 08:40:25.235493'),
	(149, 'firdam@sport.local', '::1', 0, '2026-05-24 08:54:52.534767'),
	(150, 'firdam@sport.local', '::1', 1, '2026-05-24 08:55:11.435494'),
	(151, 'firdam@sport.local', '::1', 1, '2026-05-24 08:55:38.835667'),
	(152, 'firdam@sport.local', '::1', 1, '2026-05-24 08:56:14.036775'),
	(153, 'firdam@sport.local', '::1', 1, '2026-05-24 08:56:15.137174'),
	(154, 'tes@sport.local', '::1', 1, '2026-05-24 09:05:12.035483'),
	(155, 'tes@sport.local', '::1', 1, '2026-05-24 09:05:14.240911'),
	(156, 'firdam@sport.local', '::1', 1, '2026-05-24 09:13:32.698431'),
	(157, 'firdam@sport.local', '::1', 1, '2026-05-24 09:39:09.735445'),
	(158, 'dani@sport.local', '::1', 1, '2026-05-24 09:44:32.433449'),
	(159, 'firdam@sport.local', '::1', 1, '2026-05-24 09:45:35.733956'),
	(160, 'firdam@sport.local', '::1', 1, '2026-05-24 09:45:36.93286'),
	(161, 'firdam@sport.local', '::1', 1, '2026-05-24 10:07:38.565108'),
	(162, 'firdam@sport.local', '::1', 1, '2026-05-24 10:19:10.760743'),
	(163, 'firdam@sport.local', '::1', 1, '2026-05-24 10:20:21.459961'),
	(164, 'firdam@sport.local', '::1', 1, '2026-05-24 13:06:19.185657'),
	(165, 'firdam@sport.local', '::1', 1, '2026-05-24 13:06:20.601317'),
	(166, 'firdam@sport.local', '::1', 1, '2026-05-24 13:25:50.18519'),
	(167, 'firdam@sport.local', '::1', 1, '2026-05-24 13:25:51.603675'),
	(168, 'dani@sport.local', '::1', 1, '2026-05-24 13:53:40.399612'),
	(169, 'dani@sport.local', '::1', 1, '2026-05-24 13:53:49.486295'),
	(170, 'dani@sport.local', '::1', 1, '2026-05-24 13:53:50.685468'),
	(171, 'dani@sport.local', '::1', 1, '2026-05-24 13:53:51.885335'),
	(172, 'dani@sport.local', '::1', 1, '2026-05-24 13:53:53.085512'),
	(173, 'dani@sport.local', '::1', 1, '2026-05-24 13:54:07.884485'),
	(174, 'firdam@sport.local', '::1', 1, '2026-05-24 14:38:00.177554'),
	(175, 'firdam@sport.local', '::1', 1, '2026-05-24 14:38:01.380972'),
	(176, 'dani@sport.local', '::1', 1, '2026-05-24 14:46:57.48718'),
	(177, 'dani@sport.local', '::1', 1, '2026-05-24 14:47:07.17703'),
	(178, 'dani@sport.local', '::1', 1, '2026-05-24 14:47:08.595317'),
	(179, 'dani@sport.local', '::1', 1, '2026-05-24 14:47:09.778603'),
	(180, 'dani@sport.local', '::1', 1, '2026-05-24 14:47:10.975287'),
	(181, 'farhan@sport.local', '::1', 1, '2026-05-24 15:08:13.5815'),
	(182, 'rifat@sport.local', '::1', 1, '2026-05-24 15:35:25.178991'),
	(183, 'firdam@sport.local', '::1', 1, '2026-05-24 15:43:07.98022'),
	(184, 'rifat@sport.local', '::1', 0, '2026-05-24 16:40:24.368752'),
	(185, 'rifat@sport.local', '::1', 0, '2026-05-24 16:40:38.870349'),
	(186, 'rifat@sport.local', '::1', 0, '2026-05-24 16:40:47.384306'),
	(187, 'dani@sport.local', '::1', 1, '2026-05-24 16:41:26.106283'),
	(188, 'rifat@sport.local', '::1', 1, '2026-05-24 16:42:36.271745'),
	(189, 'rifat@sport.local', '::1', 1, '2026-05-24 16:42:46.470877'),
	(190, 'rifat@sport.local', '::1', 1, '2026-05-24 16:44:41.270966'),
	(191, 'rifat@sport.local', '::1', 1, '2026-05-24 16:45:33.972304'),
	(192, 'firdam@sport.local', '::1', 1, '2026-05-24 16:47:21.873799'),
	(193, 'firdam@sport.local', '::1', 1, '2026-05-24 16:47:23.289217'),
	(194, 'firdam@sport.local', '::1', 1, '2026-05-24 17:17:38.258654'),
	(195, 'firdam@sport.local', '::1', 0, '2026-05-24 17:26:51.758859'),
	(196, 'firdam@sport.local', '::1', 1, '2026-05-24 17:27:08.058026'),
	(197, 'firdam@sport.local', '::1', 1, '2026-05-24 17:27:09.259693'),
	(198, 'farhan@sport.local', '::1', 1, '2026-05-24 17:45:43.570794'),
	(199, 'firdam@sport.local', '::1', 1, '2026-05-24 17:51:16.328044'),
	(200, 'firdam@sport.local', '::1', 1, '2026-05-24 17:52:17.210753'),
	(201, 'farhan@sport.local', '::1', 1, '2026-05-24 19:45:30.220705'),
	(202, 'firdam@sport.local', '::1', 1, '2026-05-24 21:27:09.619165'),
	(203, 'firdam@sport.local', '::1', 1, '2026-05-24 23:09:14.183005'),
	(204, 'firdam@sport.local', '::1', 1, '2026-05-25 06:12:53.320202'),
	(205, 'firdam@sport.local', '::1', 1, '2026-05-25 14:33:09.209759'),
	(206, 'firdam@sport.local', '::1', 1, '2026-05-25 17:40:51.835472'),
	(207, 'firdam@sport.local', '::1', 1, '2026-05-25 22:51:30.420108'),
	(208, 'firdam@sport.local', '::1', 1, '2026-05-25 23:09:56.046495'),
	(209, 'firdam@sport.local', '::1', 1, '2026-05-26 08:50:54.968428'),
	(210, 'firdam@sport.local', '::1', 1, '2026-05-26 10:06:01.136196'),
	(211, 'firdam@sport.local', '::1', 1, '2026-05-26 10:40:19.054152'),
	(212, 'firdam@sport.local', '::1', 1, '2026-05-26 10:49:20.016167'),
	(213, 'firdam@sport.local', '::1', 1, '2026-05-26 10:59:33.909343'),
	(214, 'rifat@sport.local', '::1', 1, '2026-05-26 11:28:02.69151'),
	(215, 'rifat@sport.local', '::1', 1, '2026-05-26 11:28:39.599941'),
	(216, 'rifat@sport.local', '::1', 1, '2026-05-26 11:28:47.313181'),
	(217, 'adithsetiawan62@gmail.com', '::1', 1, '2026-05-26 11:38:44.391285'),
	(218, 'farhan@sport.local', '::1', 1, '2026-05-26 11:39:08.998148'),
	(219, 'adithsetiawan62@gmail.com', '::1', 1, '2026-05-26 11:40:44.313752'),
	(220, 'firdam@sport.local', '::1', 1, '2026-05-26 15:40:55.097164'),
	(221, 'firdam@sport.local', '::1', 1, '2026-05-26 15:41:28.893999'),
	(222, 'firdam@sport.local', '::1', 1, '2026-05-27 06:46:43.916294'),
	(223, 'firdam@sport.local', '::1', 1, '2026-05-29 05:38:20.376448'),
	(224, 'adithsetiawan62@gmail.com', '::1', 1, '2026-05-29 10:00:59.005647'),
	(225, 'firdam@sport.local', '::1', 1, '2026-05-29 12:48:58.619054'),
	(226, 'firdam@sport.local', '::1', 1, '2026-05-29 12:56:49.119734'),
	(227, 'fajar@sport.local', '::1', 1, '2026-05-29 13:02:23.295608'),
	(228, 'firdam@sport.local', '::1', 1, '2026-05-29 13:53:13.096611'),
	(229, 'dendra@sport.local', '::1', 1, '2026-05-29 13:58:31.086987'),
	(230, 'firdam@sport.local', '::1', 1, '2026-05-29 13:59:34.691233'),
	(231, 'firdam@sport.local', '::1', 1, '2026-05-29 14:21:28.382151'),
	(232, 'firdam@sport.local', '::1', 1, '2026-05-29 14:55:17.585663'),
	(233, 'dani@sport.local', '::1', 1, '2026-05-29 15:05:59.872701'),
	(234, 'fajar@sport.local', '::1', 1, '2026-05-29 15:55:41.274426'),
	(235, 'firdam@sport.local', '::1', 1, '2026-05-29 16:02:07.874481'),
	(236, 'adithsetiawan62@gmail.com', '::1', 1, '2026-05-29 16:05:43.674392'),
	(237, 'firdam@sport.local', '::1', 1, '2026-05-29 17:04:23.736548'),
	(238, 'adithsetiawan62@gmail.com', '::1', 1, '2026-05-29 17:08:11.536964'),
	(239, 'farhan@sport.local', '::1', 1, '2026-05-29 17:24:32.739622'),
	(240, 'firdam@sport.local', '::1', 1, '2026-05-29 20:28:45.605916'),
	(241, 'firdam@sport.local', '::1', 1, '2026-05-29 20:31:58.306581'),
	(242, 'firdam@sport.local', '::1', 1, '2026-05-29 21:11:08.51261'),
	(243, 'firdam@sport.local', '::1', 1, '2026-05-29 21:36:34.035689'),
	(244, 'firdam@sport.local', '::1', 1, '2026-05-29 21:58:15.920093'),
	(245, 'firdam@sport.local', '::1', 1, '2026-05-29 22:14:55.120676'),
	(246, 'firdam@sport.local', '::1', 1, '2026-05-29 22:41:27.803853'),
	(247, 'firdam@sport.local', '::1', 1, '2026-05-29 22:57:39.470241'),
	(248, 'firdam@sport.local', '::1', 1, '2026-05-29 23:09:33.339499'),
	(249, 'farhan@sport.local', '::1', 1, '2026-05-30 07:10:30.138981'),
	(250, 'firdam@sport.local', '::1', 1, '2026-05-30 08:07:07.448765'),
	(251, 'firdam@sport.local', '::1', 1, '2026-05-30 08:08:03.733944'),
	(252, 'firdam@sport.local', '::1', 1, '2026-05-30 08:09:22.239651'),
	(253, 'firdam@sport.local', '::1', 1, '2026-05-30 08:44:39.825668'),
	(254, 'firdam@sport.local', '::1', 1, '2026-05-30 08:45:49.219626'),
	(255, 'firdam@sport.local', '::1', 1, '2026-05-30 09:23:30.091893'),
	(256, 'firdam@sport.local', '::1', 1, '2026-05-30 09:52:59.506263'),
	(257, 'hanif@sport.local', '::1', 1, '2026-05-30 09:55:46.297174'),
	(258, 'firdam@sport.local', '::1', 1, '2026-05-30 11:19:24.327497'),
	(259, 'firdam@sport.local', '::1', 0, '2026-05-30 11:22:12.429735'),
	(260, 'firdam@sport.local', '::1', 1, '2026-05-30 11:22:20.427708'),
	(261, 'firdam@sport.local', '::1', 0, '2026-05-30 11:40:18.638941'),
	(262, 'firdam@sport.local', '::1', 0, '2026-05-30 11:40:27.926208'),
	(263, 'firdam@sport.local', '::1', 1, '2026-05-30 11:40:36.729913'),
	(264, 'firdam@sport.local', '::1', 1, '2026-05-30 12:26:35.428276'),
	(265, 'firdam@sport.local', '::1', 1, '2026-05-30 13:18:34.999448'),
	(266, 'firdam@sport.local', '::1', 1, '2026-05-30 14:58:03.483097'),
	(267, 'rifat@sport.local', '::1', 1, '2026-05-30 16:20:59.291477'),
	(268, 'rifat@sport.local', '::1', 1, '2026-05-30 16:25:40.491661'),
	(269, 'firdam@sport.local', '::1', 1, '2026-05-30 16:32:29.591067'),
	(270, 'firdam@sport.local', '::1', 1, '2026-05-30 16:45:59.986954'),
	(271, 'firdam@sport.local', '::1', 1, '2026-05-30 16:51:44.074789'),
	(272, 'firdam@sport.local', '::1', 1, '2026-05-30 17:39:53.473253'),
	(273, 'firdam@sport.local', '::1', 1, '2026-05-30 17:50:08.074344'),
	(274, 'firdam@sport.local', '::1', 1, '2026-05-30 18:03:41.373338'),
	(275, 'firdam@sport.local', '::1', 1, '2026-05-30 18:16:16.201811'),
	(276, 'firdam@sport.local', '::1', 1, '2026-05-30 21:30:33.93701'),
	(277, 'firdam@sport.local', '::1', 1, '2026-05-30 21:53:40.024054'),
	(278, 'firdam@sport.local', '::1', 1, '2026-05-30 22:52:09.57996'),
	(279, 'firdam@sport.local', '::1', 1, '2026-05-30 22:52:49.465588'),
	(280, 'firdam@sport.local', '::1', 0, '2026-05-31 06:15:20.669998'),
	(281, 'firdam@sport.local', '::1', 1, '2026-05-31 06:15:38.273792'),
	(282, 'firdam@sport.local', '::1', 1, '2026-05-31 06:31:26.958175'),
	(283, 'firdam@sport.local', '::1', 1, '2026-05-31 06:39:32.882247'),
	(284, 'firdam@sport.local', '::1', 1, '2026-05-31 07:11:36.813499'),
	(285, 'firdam@sport.local', '::1', 1, '2026-05-31 11:48:27.824279'),
	(286, 'rifat@sport.local', '::1', 1, '2026-05-31 16:06:02.889833'),
	(287, 'rifat@sport.local', '::1', 1, '2026-05-31 16:09:19.687038'),
	(288, 'firdam@sport.local', '::1', 1, '2026-05-31 19:27:10.512728'),
	(289, 'firdam@sport.local', '::1', 1, '2026-05-31 23:46:41.163239'),
	(290, 'rifat@sport.local', '::1', 1, '2026-05-31 23:50:41.278639'),
	(291, 'dani@sport.local', '::1', 1, '2026-05-31 23:50:46.363918'),
	(292, 'firdam@sport.local', '::1', 1, '2026-06-01 06:11:00.014366'),
	(293, 'farhan@sport.local', '::1', 1, '2026-06-01 09:12:01.863449'),
	(326, 'firdam@sport.local', '::1', 1, '2026-06-01 10:44:01.033806'),
	(327, 'firdam@sport.local', '::1', 1, '2026-06-01 12:31:10.010099'),
	(328, 'dani@sport.local', '::1', 1, '2026-06-01 12:37:47.918355'),
	(329, 'firdam@sport.local', '::1', 1, '2026-06-01 13:00:04.397033'),
	(330, 'dani@sport.local', '::1', 1, '2026-06-01 13:14:50.998276'),
	(331, 'firdam@sport.local', '::1', 1, '2026-06-01 13:56:25.041246'),
	(332, 'firdam@sport.local', '::1', 1, '2026-06-01 14:03:47.926665'),
	(333, 'dani@sport.local', '::1', 0, '2026-06-01 14:08:40.625924'),
	(334, 'dani@sport.local', '::1', 1, '2026-06-01 14:08:52.739123'),
	(335, 'firdam@sport.local', '::1', 1, '2026-06-01 14:32:47.087979'),
	(336, 'firdam@sport.local', '::1', 1, '2026-06-01 15:00:14.549108'),
	(337, 'adithsetiawan62@gmail.com', '::1', 1, '2026-06-01 15:05:56.857392'),
	(338, 'firdam@sport.local', '::1', 1, '2026-06-01 15:31:33.453482'),
	(339, 'firdam@sport.local', '::1', 1, '2026-06-01 15:48:48.690433'),
	(340, 'dani@sport.local', '::1', 1, '2026-06-01 16:32:25.12652'),
	(341, 'firdam@sport.local', '::1', 1, '2026-06-01 16:53:39.427242'),
	(342, 'rifat@sport.local', '::1', 1, '2026-06-01 19:13:46.607896'),
	(343, 'firdam@sport.local', '::1', 1, '2026-06-01 19:14:07.010733'),
	(344, 'rifat@sport.local', '::1', 1, '2026-06-01 19:15:57.078245'),
	(345, 'firdam@sport.local', '::1', 0, '2026-06-01 19:16:40.079613'),
	(346, 'firdam@sport.local', '::1', 1, '2026-06-01 19:16:50.078418'),
	(347, 'firdam@sport.local', '::1', 1, '2026-06-01 19:32:59.975439'),
	(348, 'firdam@sport.local', '::1', 1, '2026-06-01 19:55:24.01756'),
	(349, 'firdam@sport.local', '::1', 1, '2026-06-01 20:41:36.519655'),
	(350, 'firdam@sport.local', '::1', 1, '2026-06-01 20:42:39.420161'),
	(351, 'firdam@sport.local', '::1', 1, '2026-06-01 21:27:41.03711'),
	(352, 'firdam@sport.local', '::1', 1, '2026-06-01 22:05:50.64621'),
	(353, 'dendra@sport.local', '::1', 1, '2026-06-01 22:11:10.646938'),
	(354, 'firdam@sport.local', '::1', 1, '2026-06-01 22:14:35.248438'),
	(355, 'dani@sport.local', '::1', 1, '2026-06-01 22:17:42.850003'),
	(356, 'rifat@sport.local', '::1', 1, '2026-06-01 22:17:51.450672'),
	(357, 'firdam@sport.local', '::1', 1, '2026-06-01 22:28:07.06768'),
	(358, 'firdam@sport.local', '::1', 1, '2026-06-01 22:47:54.771537'),
	(359, 'firdam@sport.local', '::1', 1, '2026-06-02 00:03:54.851303'),
	(360, 'firdam@sport.local', '::1', 1, '2026-06-02 00:26:13.246726'),
	(361, 'firdam@sport.local', '::1', 1, '2026-06-02 05:30:48.355304'),
	(362, 'firdam@sport.local', '::1', 1, '2026-06-02 07:30:47.37703'),
	(363, 'firdam@sport.local', '::1', 1, '2026-06-02 07:33:55.467284'),
	(364, 'farhan@sport.local', '::1', 1, '2026-06-02 08:08:09.37426'),
	(365, 'firdam@sport.local', '::1', 1, '2026-06-02 08:34:27.731107'),
	(366, 'firdam@sport.local', '::1', 1, '2026-06-02 10:03:43.860296'),
	(367, 'dani@sport.local', '::1', 1, '2026-06-02 11:22:50.672741'),
	(368, 'firdam@sport.local', '::1', 1, '2026-06-02 12:27:50.84233'),
	(369, 'dendra@sport.local', '::1', 1, '2026-06-02 13:16:21.606401'),
	(370, 'dani@sport.local', '::1', 1, '2026-06-02 13:20:32.034977'),
	(371, 'rifat@sport.local', '::1', 1, '2026-06-02 13:20:56.713246'),
	(372, 'rifat@sport.local', '::1', 1, '2026-06-02 13:21:17.925249'),
	(373, 'firdam@sport.local', '::1', 1, '2026-06-02 13:25:58.107728'),
	(374, 'rifat@sport.local', '::1', 1, '2026-06-02 16:10:11.944114'),
	(375, 'rian@sport.local', '::1', 1, '2026-06-02 17:43:25.591088'),
	(376, 'rian@sport.local', '::1', 1, '2026-06-02 17:55:00.290807'),
	(377, 'rian@sport.local', '::1', 1, '2026-06-02 17:57:22.591216'),
	(378, 'rian@sport.local', '::1', 1, '2026-06-02 18:11:30.289524'),
	(379, 'firdam@sport.local', '::1', 1, '2026-06-02 20:03:21.214415'),
	(380, 'rian@sport.local', '::1', 1, '2026-06-02 20:09:08.811674'),
	(381, 'firdam@sport.local', '::1', 0, '2026-06-02 22:09:36.65991'),
	(382, 'firdam@sport.local', '::1', 1, '2026-06-02 22:09:49.648998'),
	(383, 'firdam@sport.local', '::1', 1, '2026-06-03 05:35:36.045188'),
	(384, 'rifat@sport.local', '::1', 1, '2026-06-03 05:55:02.45179'),
	(385, 'firdam@sport.local', '::1', 1, '2026-06-03 06:34:59.156733'),
	(386, 'firdam@sport.local', '::1', 1, '2026-06-03 08:44:54.354731'),
	(387, 'firdam@sport.local', '::1', 1, '2026-06-03 09:06:26.818364'),
	(388, 'firdam@sport.local', '::1', 1, '2026-06-03 09:08:06.920454'),
	(389, 'firdam@sport.local', '::1', 1, '2026-06-03 10:24:16.289324'),
	(390, 'firdam@sport.local', '::1', 1, '2026-06-03 10:44:20.354664'),
	(391, 'firdam@sport.local', '::1', 1, '2026-06-03 10:58:48.080541'),
	(392, 'firdam@sport.local', '::1', 1, '2026-06-03 11:21:09.328531'),
	(393, 'firdam@sport.local', '::1', 1, '2026-06-03 12:48:18.643155'),
	(394, 'firdam@sport.local', '::1', 1, '2026-06-03 12:55:46.775053'),
	(395, 'rifat@sport.local', '::1', 1, '2026-06-03 13:37:02.139757'),
	(396, 'rian@sport.local', '::1', 1, '2026-06-03 14:22:50.117221'),
	(397, 'firdam@sport.local', '::1', 1, '2026-06-03 14:29:39.216458'),
	(398, 'rifat@sport.local', '::1', 1, '2026-06-03 17:40:06.031505'),
	(399, 'firdam@sport.local', '::1', 1, '2026-06-04 11:02:10.174945'),
	(400, 'rifat@sport.local', '::1', 1, '2026-06-04 15:32:10.875892'),
	(401, 'dani@sport.local', '::1', 1, '2026-06-04 19:11:52.372798'),
	(402, 'adithsetiawan62@gmail.com', '::1', 0, '2026-06-05 05:35:53.769934'),
	(403, 'adithsetiawan62@gmail.com', '::1', 1, '2026-06-05 05:36:21.67985'),
	(404, 'farhan@sport.local', '::1', 1, '2026-06-05 07:28:42.179172'),
	(405, 'rian@sport.local', '::1', 1, '2026-06-05 07:56:37.294537'),
	(406, 'firdam@sport.local', '::1', 1, '2026-06-06 09:42:26.603209'),
	(407, 'fawaid@sport.local', '::1', 1, '2026-06-06 09:52:10.887817'),
	(408, 'firdam@sport.local', '::1', 1, '2026-06-06 09:53:39.588282'),
	(409, 'firdam@sport.local', '::1', 1, '2026-06-06 10:11:17.488874'),
	(410, 'firdam@sport.local', '::1', 1, '2026-06-06 10:49:03.387263'),
	(411, 'firdam@sport.local', '127.0.0.1', 1, '2026-06-06 11:04:31.234443'),
	(412, 'firdam@sport.local', '::1', 1, '2026-06-06 11:23:17.743555'),
	(413, 'firdam@sport.local', '::1', 1, '2026-06-06 11:51:59.547398'),
	(414, 'firdam@sport.local', '::1', 1, '2026-06-06 12:10:33.448319'),
	(415, 'adithsetiawan62@gmail.com', '::1', 1, '2026-06-06 13:02:23.441669'),
	(416, 'rifat@sport.local', '::1', 1, '2026-06-06 13:21:27.948649'),
	(417, 'rian@sport.local', '::1', 1, '2026-06-06 14:44:45.453667'),
	(418, 'farhan@sport.local', '::1', 1, '2026-06-07 00:53:15.747086'),
	(419, 'farhan@sport.local', '::1', 1, '2026-06-07 07:51:35.252556'),
	(420, 'firdam@sport.local', '::1', 1, '2026-06-07 14:17:38.473898'),
	(421, 'firdam@sport.local', '::1', 1, '2026-06-07 14:19:26.771157'),
	(422, 'firdam@sport.local', '::1', 1, '2026-06-07 14:24:34.712293'),
	(423, 'firdam@sport.local', '::1', 1, '2026-06-07 15:14:51.478802'),
	(424, 'farhan@sport.local', '::1', 1, '2026-06-07 22:25:03.073917'),
	(425, 'aziz@sport.local', '::1', 1, '2026-06-08 14:21:08.706674'),
	(426, 'adithsetiawan62@gmail.com', '::1', 1, '2026-06-09 09:29:49.084351'),
	(427, 'rifat@sport.local', '::1', 1, '2026-06-09 11:23:04.678453'),
	(428, 'firdam@sport.local', '::1', 1, '2026-06-10 05:11:14.675448'),
	(429, 'faiz@sport.local', '::1', 1, '2026-06-10 13:29:37.677378'),
	(430, 'firdam@sport.local', '::1', 1, '2026-06-10 20:56:34.775485'),
	(431, 'fawaid@sport.local', '::1', 1, '2026-06-10 21:08:34.475448'),
	(432, 'dani@sport.local', '::1', 1, '2026-06-11 15:50:30.076569'),
	(433, 'firdam@sport.local', '::1', 1, '2026-06-11 17:26:10.109861'),
	(434, 'firdam@sport.local', '::1', 1, '2026-06-11 17:39:27.417074'),
	(435, 'firdam@sport.local', '::1', 1, '2026-06-11 17:59:42.188244'),
	(436, 'firdam@sport.local', '::1', 1, '2026-06-11 18:34:29.562854'),
	(437, 'firdam@sport.local', '::1', 1, '2026-06-11 19:44:10.798698'),
	(438, 'firdam@sport.local', '::1', 1, '2026-06-11 23:00:24.687116'),
	(439, 'firdam@sport.local', '::1', 1, '2026-06-11 23:03:08.183983'),
	(440, 'firdam@sport.local', '::1', 1, '2026-06-11 23:38:24.547807'),
	(441, 'farhan@sport.local', '::1', 1, '2026-06-12 05:16:01.346344'),
	(442, 'rifat@sport.local', '::1', 1, '2026-06-12 06:28:33.831178'),
	(443, 'firdam@sport.local', '::1', 1, '2026-06-12 07:17:39.128447'),
	(444, 'firdam@sport.local', '::1', 1, '2026-06-12 15:46:53.026051'),
	(445, 'firdam@sport.local', '::1', 1, '2026-06-12 16:22:42.764106'),
	(446, 'adithsetiawan62@gmail.com', '::1', 0, '2026-06-12 16:37:42.781002'),
	(447, 'adithsetiawan62@gmail.com', '::1', 1, '2026-06-12 16:37:59.666862'),
	(448, 'dani@sport.local', '::1', 1, '2026-06-12 19:52:41.46707'),
	(449, 'rifat@sport.local', '::1', 1, '2026-06-12 20:46:31.065758'),
	(450, 'firdam@sport.local', '::1', 1, '2026-06-13 04:26:15.035736'),
	(451, 'rian@sport.local', '::1', 1, '2026-06-13 05:29:11.63445'),
	(452, 'firdam@sport.local', '::1', 1, '2026-06-13 13:32:30.63993'),
	(453, 'firdam@sport.local', '::1', 1, '2026-06-13 14:41:23.708523'),
	(454, 'firdam@sport.local', '::1', 1, '2026-06-13 14:41:47.588459'),
	(455, 'rifat@sport.local', '::1', 1, '2026-06-13 14:45:10.481327'),
	(456, 'rifat@sport.local', '::1', 1, '2026-06-13 14:45:30.487395'),
	(457, 'rifat@sport.local', '::1', 1, '2026-06-13 14:46:00.58091'),
	(458, 'firdam@sport.local', '::1', 1, '2026-06-13 14:58:18.555044'),
	(459, 'firdam@sport.local', '::1', 1, '2026-06-13 14:59:02.660784'),
	(460, 'firdam@sport.local', '::1', 1, '2026-06-13 15:00:30.554749'),
	(461, 'firdam@sport.local', '::1', 1, '2026-06-13 15:30:50.443264'),
	(462, 'firdam@sport.local', '::1', 1, '2026-06-13 15:31:10.226253'),
	(463, 'rifat@sport.local', '::1', 1, '2026-06-13 16:08:08.621027'),
	(464, 'rifat@sport.local', '::1', 1, '2026-06-13 16:08:34.933414'),
	(465, 'rifat@sport.local', '::1', 1, '2026-06-13 16:09:04.029372'),
	(466, 'rifat@sport.local', '::1', 1, '2026-06-13 16:09:28.125685'),
	(467, 'firdam@sport.local', '::1', 1, '2026-06-13 17:57:49.774858'),
	(468, 'firdam@sport.local', '::1', 1, '2026-06-13 18:45:29.854953'),
	(469, 'firdam@sport.local', '::1', 0, '2026-06-13 19:24:01.219366'),
	(470, 'firdam@sport.local', '::1', 1, '2026-06-13 19:24:16.398993'),
	(471, 'faiz@sport.local', '::1', 1, '2026-06-13 20:09:29.804477'),
	(472, 'firdam@sport.local', '::1', 1, '2026-06-13 20:55:12.70395'),
	(473, 'firdam@sport.local', '::1', 1, '2026-06-13 21:00:52.177554'),
	(474, 'adithsetiawan62@gmail.com', '::1', 1, '2026-06-14 09:12:58.676539'),
	(475, 'rifat@sport.local', '::1', 1, '2026-06-14 09:14:14.477216'),
	(476, 'dani@sport.local', '::1', 1, '2026-06-15 07:40:35.761342'),
	(509, 'firdam@sport.local', '::1', 1, '2026-06-15 12:31:08.54824'),
	(510, 'firdam@sport.local', '::1', 1, '2026-06-15 23:11:00.894291'),
	(511, 'rian@sport.local', '::1', 1, '2026-06-16 15:55:17.953733'),
	(512, 'firdam@sport.local', '::1', 1, '2026-06-17 05:20:54.337133'),
	(513, 'firdam@sport.local', '::1', 1, '2026-06-18 08:51:06.390286'),
	(514, 'firdam@sport.local', '::1', 1, '2026-06-18 10:52:43.871437'),
	(515, 'firdam@sport.local', '::1', 1, '2026-06-18 12:30:40.980393'),
	(516, 'farhan@sport.local', '::1', 0, '2026-06-19 11:46:40.66277'),
	(517, 'farhan@sport.local', '::1', 1, '2026-06-19 11:46:53.063065'),
	(518, 'dendra@sport.local', '::1', 1, '2026-06-20 01:25:34.960761'),
	(519, 'dani@sport.local', '::1', 1, '2026-06-20 04:47:00.048023'),
	(520, 'fawaid@sport.local', '::1', 1, '2026-06-20 12:50:00.367152'),
	(521, 'firdam@sport.local', '::1', 1, '2026-06-20 12:51:46.476428'),
	(522, 'dani@sport.local', '100.64.0.7', 1, '2026-06-21 14:58:42.586734'),
	(523, 'firdam@sport.local', '100.64.0.10', 1, '2026-06-21 15:23:21.502266'),
	(524, 'firdam@sport.local', '100.64.0.3', 1, '2026-06-21 16:59:11.29797'),
	(525, 'rifat@sport.local', '100.64.0.5', 0, '2026-06-21 17:07:35.854286'),
	(526, 'rifat@sport.local', '100.64.0.11', 0, '2026-06-21 17:08:25.561438'),
	(527, 'firdam@sport.local', '114.122.83.62', 1, '2026-06-21 17:30:38.194335');
/*!40000 ALTER TABLE "login_attempts" ENABLE KEYS */;

-- Dumping data for table public.login_logs: -1 rows
/*!40000 ALTER TABLE "login_logs" DISABLE KEYS */;
INSERT INTO "login_logs" ("id", "user_id", "ip", "user_agent", "created_at") VALUES
	(1, 2, '::1', 'Mozilla/5.0 (Linux; Android 10; K) AppleWebKit/537.36 (KHTML, like Gecko) Chrome/148.0.0.0 Mobile Safari/537.36', '2026-06-13 14:41:23.77839'),
	(2, 2, '::1', 'Mozilla/5.0 (Linux; Android 10; K) AppleWebKit/537.36 (KHTML, like Gecko) Chrome/148.0.0.0 Mobile Safari/537.36', '2026-06-13 14:41:47.631848'),
	(3, 3, '::1', 'Mozilla/5.0 (Linux; Android 10; K) AppleWebKit/537.36 (KHTML, like Gecko) SamsungBrowser/30.0 Chrome/143.0.0.0 Mobile Safari/537.36', '2026-06-13 14:45:10.52069'),
	(4, 3, '::1', 'Mozilla/5.0 (Linux; Android 10; K) AppleWebKit/537.36 (KHTML, like Gecko) SamsungBrowser/30.0 Chrome/143.0.0.0 Mobile Safari/537.36', '2026-06-13 14:45:30.528078'),
	(5, 3, '::1', 'Mozilla/5.0 (Linux; Android 10; K) AppleWebKit/537.36 (KHTML, like Gecko) SamsungBrowser/30.0 Chrome/143.0.0.0 Mobile Safari/537.36', '2026-06-13 14:46:00.62521'),
	(6, 2, '::1', 'Mozilla/5.0 (Linux; Android 10; K) AppleWebKit/537.36 (KHTML, like Gecko) Chrome/148.0.0.0 Mobile Safari/537.36', '2026-06-13 14:58:18.595039'),
	(7, 2, '::1', 'Mozilla/5.0 (Linux; Android 10; K) AppleWebKit/537.36 (KHTML, like Gecko) Chrome/148.0.0.0 Mobile Safari/537.36', '2026-06-13 14:59:02.706178'),
	(8, 2, '::1', 'Mozilla/5.0 (Windows NT 10.0; Win64; x64; rv:151.0) Gecko/20100101 Firefox/151.0', '2026-06-13 15:00:30.595259'),
	(9, 2, '::1', 'Mozilla/5.0 (Linux; Android 10; K) AppleWebKit/537.36 (KHTML, like Gecko) Chrome/148.0.0.0 Mobile Safari/537.36', '2026-06-13 15:30:50.487872'),
	(10, 2, '::1', 'Mozilla/5.0 (Linux; Android 10; K) AppleWebKit/537.36 (KHTML, like Gecko) Chrome/148.0.0.0 Mobile Safari/537.36', '2026-06-13 15:31:10.265919'),
	(11, 3, '::1', 'Mozilla/5.0 (Linux; Android 10; K) AppleWebKit/537.36 (KHTML, like Gecko) SamsungBrowser/30.0 Chrome/143.0.0.0 Mobile Safari/537.36', '2026-06-13 16:08:08.660811'),
	(12, 3, '::1', 'Mozilla/5.0 (Linux; Android 10; K) AppleWebKit/537.36 (KHTML, like Gecko) SamsungBrowser/30.0 Chrome/143.0.0.0 Mobile Safari/537.36', '2026-06-13 16:08:34.974108'),
	(13, 3, '::1', 'Mozilla/5.0 (Linux; Android 10; K) AppleWebKit/537.36 (KHTML, like Gecko) SamsungBrowser/30.0 Chrome/143.0.0.0 Mobile Safari/537.36', '2026-06-13 16:09:04.069246'),
	(14, 3, '::1', 'Mozilla/5.0 (Linux; Android 10; K) AppleWebKit/537.36 (KHTML, like Gecko) SamsungBrowser/30.0 Chrome/143.0.0.0 Mobile Safari/537.36', '2026-06-13 16:09:28.166187');
/*!40000 ALTER TABLE "login_logs" ENABLE KEYS */;

-- Dumping data for table public.member_eksternal: -1 rows
/*!40000 ALTER TABLE "member_eksternal" DISABLE KEYS */;
INSERT INTO "member_eksternal" ("id", "jadwal_id", "nama_tamu", "dibawa_oleh_id") VALUES
	(4, 4, 'Zacky Arido', 4),
	(5, 4, 'Kean', 4),
	(31, 12, 'Alwi', 4),
	(32, 12, 'Luthfi', 4),
	(33, 12, 'Irfan', 4),
	(34, 12, 'Fahmi', 7),
	(35, 12, 'Hanzalah', 7),
	(36, 11, 'Haikal', 7);
/*!40000 ALTER TABLE "member_eksternal" ENABLE KEYS */;

-- Dumping data for table public.nav_menu: -1 rows
/*!40000 ALTER TABLE "nav_menu" DISABLE KEYS */;
/*!40000 ALTER TABLE "nav_menu" ENABLE KEYS */;

-- Dumping data for table public.notifications: 416 rows
/*!40000 ALTER TABLE "notifications" DISABLE KEYS */;
INSERT INTO "notifications" ("id", "user_id", "jenis", "judul", "isi", "url", "dibaca", "created_at", "dibuat_pada") VALUES
	(438, 2, 'event', 'Absensi Renang tanggal 19 Jun 2026', 'Absensi telah diinput admin untuk kegiatan "Renang" di Kolam Renang BSD. Cek riwayat kamu di aplikasi.', 'https://wa.me/6281386369207?text=Absensi%20telah%20diinput%20admin%20untuk%20kegiatan%20%22Renang%22%20di%20Kolam%20Renang%20BSD.%20Cek%20riwayat%20kamu%20di%20aplikasi.', 1, '2026-06-19 18:07:16.343616', '2026-06-19 18:07:16.343616'),
	(461, 8, 'event', 'Absensi Badminton tanggal 20 Jun 2026', 'Absensi telah diinput admin untuk kegiatan "Badminton" di GOR Mayasari. Cek riwayat kamu di aplikasi.', 'https://wa.me/6282184381823?text=Absensi%20telah%20diinput%20admin%20untuk%20kegiatan%20%22Badminton%22%20di%20GOR%20Mayasari.%20Cek%20riwayat%20kamu%20di%20aplikasi.', 0, '2026-06-19 22:36:01.460164', '2026-06-19 22:36:01.460164'),
	(4, 13, 'event', '🏆 Event baru: Lomba Badminton', 'Daftar sekarang di menu Event.', '/event.php?id=1', 0, '2026-05-22 00:27:56.805361', '2026-06-01 21:23:57.044901'),
	(462, 9, 'event', 'Absensi Badminton tanggal 20 Jun 2026', 'Absensi telah diinput admin untuk kegiatan "Badminton" di GOR Mayasari. Cek riwayat kamu di aplikasi.', 'https://wa.me/6289502639933?text=Absensi%20telah%20diinput%20admin%20untuk%20kegiatan%20%22Badminton%22%20di%20GOR%20Mayasari.%20Cek%20riwayat%20kamu%20di%20aplikasi.', 0, '2026-06-19 22:36:01.543556', '2026-06-19 22:36:01.543556'),
	(6, 8, 'event', '🏆 Event baru: Lomba Badminton', 'Daftar sekarang di menu Event.', '/event.php?id=1', 0, '2026-05-22 00:27:56.885423', '2026-06-01 21:23:57.044901'),
	(7, 6, 'event', '🏆 Event baru: Lomba Badminton', 'Daftar sekarang di menu Event.', '/event.php?id=1', 0, '2026-05-22 00:27:56.92564', '2026-06-01 21:23:57.044901'),
	(8, 7, 'event', '🏆 Event baru: Lomba Badminton', 'Daftar sekarang di menu Event.', '/event.php?id=1', 0, '2026-05-22 00:27:56.965584', '2026-06-01 21:23:57.044901'),
	(11, 15, 'event', '🏆 Event baru: Lomba Badminton', 'Daftar sekarang di menu Event.', '/event.php?id=1', 0, '2026-05-22 00:27:57.085645', '2026-06-01 21:23:57.044901'),
	(12, 10, 'event', '🏆 Event baru: Lomba Badminton', 'Daftar sekarang di menu Event.', '/event.php?id=1', 0, '2026-05-22 00:27:57.125638', '2026-06-01 21:23:57.044901'),
	(13, 9, 'event', '🏆 Event baru: Lomba Badminton', 'Daftar sekarang di menu Event.', '/event.php?id=1', 0, '2026-05-22 00:27:57.165505', '2026-06-01 21:23:57.044901'),
	(14, 11, 'event', '🏆 Event baru: Lomba Badminton', 'Daftar sekarang di menu Event.', '/event.php?id=1', 0, '2026-05-22 00:27:57.205328', '2026-06-01 21:23:57.044901'),
	(15, 5, 'event', '🏆 Event baru: Lomba Badminton', 'Daftar sekarang di menu Event.', '/event.php?id=1', 0, '2026-05-22 00:27:57.245296', '2026-06-01 21:23:57.044901'),
	(18, 8, 'badge', '🏅 Badge baru: All Rounder', 'Hadir di 3 jenis olahraga berbeda', '/profile.php', 0, '2026-05-22 03:22:47.970868', '2026-06-01 21:23:57.044901'),
	(29, 2, 'dm', '💬 Pesan baru dari Dani', 'tes tes', '/dm.php?u=4', 1, '2026-05-24 16:47:46.618028', '2026-06-01 21:23:57.044901'),
	(28, 2, 'dm', '💬 Pesan baru dari Dani', 'kang', '/dm.php?u=4', 1, '2026-05-24 16:45:56.151978', '2026-06-01 21:23:57.044901'),
	(25, 2, 'titip_pesan_reply', '↩️ Dani membalas pesanmu', 'Siapp sudah masuk, makasih kang', '/user.php?id=4#titip-pesan', 1, '2026-05-24 13:55:11.808257', '2026-06-01 21:23:57.044901'),
	(22, 2, 'badge', '🏅 Badge baru: Rajin 4 Minggu', 'Hadir 4 minggu berturut-turut', '/profile.php', 1, '2026-05-23 16:27:31.593629', '2026-06-01 21:23:57.044901'),
	(17, 2, 'booking', 'Booking dibuat', 'Lapangan #3, 2026-05-23 16:00-18:00 (DP belum dibayar)', '/tempat.php', 1, '2026-05-22 00:45:14.401911', '2026-06-01 21:23:57.044901'),
	(16, 2, 'badge', '🏅 Badge baru: All Rounder', 'Hadir di 3 jenis olahraga berbeda', '/profile.php', 1, '2026-05-22 00:37:28.326276', '2026-06-01 21:23:57.044901'),
	(1, 2, 'event', '🏆 Event baru: Lomba Badminton', 'Daftar sekarang di menu Event.', '/event.php?id=1', 1, '2026-05-22 00:27:56.680877', '2026-06-01 21:23:57.044901'),
	(32, 17, 'event', '🎉 Event baru: Nyate Bersama Idul Adha 1447 H', 'Detail di menu Event.', '/event.php?id=2', 0, '2026-05-29 14:58:54.206067', '2026-06-01 21:23:57.044901'),
	(34, 8, 'event', '🎉 Event baru: Nyate Bersama Idul Adha 1447 H', 'Detail di menu Event.', '/event.php?id=2', 0, '2026-05-29 14:58:54.284508', '2026-06-01 21:23:57.044901'),
	(35, 9, 'event', '🎉 Event baru: Nyate Bersama Idul Adha 1447 H', 'Detail di menu Event.', '/event.php?id=2', 0, '2026-05-29 14:58:54.326161', '2026-06-01 21:23:57.044901'),
	(38, 10, 'event', '🎉 Event baru: Nyate Bersama Idul Adha 1447 H', 'Detail di menu Event.', '/event.php?id=2', 0, '2026-05-29 14:58:54.443708', '2026-06-01 21:23:57.044901'),
	(40, 13, 'event', '🎉 Event baru: Nyate Bersama Idul Adha 1447 H', 'Detail di menu Event.', '/event.php?id=2', 0, '2026-05-29 14:58:54.52263', '2026-06-01 21:23:57.044901'),
	(41, 15, 'event', '🎉 Event baru: Nyate Bersama Idul Adha 1447 H', 'Detail di menu Event.', '/event.php?id=2', 0, '2026-05-29 14:58:54.56162', '2026-06-01 21:23:57.044901'),
	(43, 6, 'event', '🎉 Event baru: Nyate Bersama Idul Adha 1447 H', 'Detail di menu Event.', '/event.php?id=2', 0, '2026-05-29 14:58:54.640076', '2026-06-01 21:23:57.044901'),
	(44, 7, 'event', '🎉 Event baru: Nyate Bersama Idul Adha 1447 H', 'Detail di menu Event.', '/event.php?id=2', 0, '2026-05-29 14:58:54.679285', '2026-06-01 21:23:57.044901'),
	(45, 11, 'event', '🎉 Event baru: Nyate Bersama Idul Adha 1447 H', 'Detail di menu Event.', '/event.php?id=2', 0, '2026-05-29 14:58:54.718433', '2026-06-01 21:23:57.044901'),
	(46, 5, 'event', '🎉 Event baru: Nyate Bersama Idul Adha 1447 H', 'Detail di menu Event.', '/event.php?id=2', 0, '2026-05-29 14:58:54.757476', '2026-06-01 21:23:57.044901'),
	(39, 20, 'event', '🎉 Event baru: Nyate Bersama Idul Adha 1447 H', 'Detail di menu Event.', '/event.php?id=2', 1, '2026-05-29 14:58:54.48276', '2026-06-01 21:23:57.044901'),
	(47, 20, 'dm', '💬 Pesan baru dari Firdam', 'Assalamualaikum', '/dm.php?u=2', 0, '2026-05-29 16:11:04.015005', '2026-06-01 21:23:57.044901'),
	(36, 14, 'event', '🎉 Event baru: Nyate Bersama Idul Adha 1447 H', 'Detail di menu Event.', '/event.php?id=2', 1, '2026-05-29 14:58:54.365582', '2026-06-01 21:23:57.044901'),
	(19, 14, 'badge', '🏅 Badge baru: All Rounder', 'Hadir di 3 jenis olahraga berbeda', '/profile.php', 1, '2026-05-22 09:29:51.433106', '2026-06-01 21:23:57.044901'),
	(9, 14, 'event', '🏆 Event baru: Lomba Badminton', 'Daftar sekarang di menu Event.', '/event.php?id=1', 1, '2026-05-22 00:27:57.005545', '2026-06-01 21:23:57.044901'),
	(42, 2, 'event', '🎉 Event baru: Nyate Bersama Idul Adha 1447 H', 'Detail di menu Event.', '/event.php?id=2', 1, '2026-05-29 14:58:54.600808', '2026-06-01 21:23:57.044901'),
	(54, 2, 'dm', '💬 Pesan baru dari Dani', 'Tes', '/dm.php?u=4', 1, '2026-06-01 00:13:11.006352', '2026-06-01 21:23:57.044901'),
	(55, 2, 'dm', '💬 Pesan baru dari Dani', 'Euy', '/dm.php?u=4', 1, '2026-06-01 00:13:30.441056', '2026-06-01 21:23:57.044901'),
	(49, 3, 'event', 'Pendaftaran event berhasil', 'Anda terdaftar di event #2', '/event.php?id=2', 1, '2026-05-31 16:33:14.282903', '2026-06-01 21:23:57.044901'),
	(37, 3, 'event', '🎉 Event baru: Nyate Bersama Idul Adha 1447 H', 'Detail di menu Event.', '/event.php?id=2', 1, '2026-05-29 14:58:54.404635', '2026-06-01 21:23:57.044901'),
	(27, 3, 'badge', '🏅 Badge baru: Rajin 4 Minggu', 'Hadir 4 minggu berturut-turut', '/profile.php', 1, '2026-05-24 15:37:52.588805', '2026-06-01 21:23:57.044901'),
	(21, 3, 'badge', '🏅 Badge baru: All Rounder', 'Hadir di 3 jenis olahraga berbeda', '/profile.php', 1, '2026-05-23 09:18:05.260227', '2026-06-01 21:23:57.044901'),
	(10, 3, 'event', '🏆 Event baru: Lomba Badminton', 'Daftar sekarang di menu Event.', '/event.php?id=1', 1, '2026-05-22 00:27:57.0456', '2026-06-01 21:23:57.044901'),
	(48, 16, 'titip_pesan', '💌 Titip pesan baru dari Firdam', '💪 Tetap Semangat', '/user.php?id=16#titip-pesan', 1, '2026-05-29 17:07:20.677133', '2026-06-01 21:23:57.044901'),
	(33, 16, 'event', '🎉 Event baru: Nyate Bersama Idul Adha 1447 H', 'Detail di menu Event.', '/event.php?id=2', 1, '2026-05-29 14:58:54.245251', '2026-06-01 21:23:57.044901'),
	(422, 3, 'event', 'Absensi Renang tanggal 19 Jun 2026', 'Absensi telah diinput admin untuk kegiatan "Renang" di Kolam Renang BSD. Cek riwayat kamu di aplikasi.', 'https://wa.me/6281369248630?text=Absensi%20telah%20diinput%20admin%20untuk%20kegiatan%20%22Renang%22%20di%20Kolam%20Renang%20BSD.%20Cek%20riwayat%20kamu%20di%20aplikasi.', 0, '2026-06-19 13:42:23.234409', '2026-06-19 13:42:23.234409'),
	(83, 2, 'dm', '💬 Pesan baru dari Dani', 'Cara nambah absen buat ekstern gimana kang?', '/dm.php?u=4', 1, '2026-06-02 13:28:25.269817', '2026-06-02 13:28:25.269817'),
	(85, 2, 'event', 'Pendaftaran event berhasil', 'Anda terdaftar di event #2', '/event.php?id=2', 1, '2026-06-03 14:34:00.990057', '2026-06-03 14:34:00.990057'),
	(87, 3, 'event', 'Absensi Jogging tanggal 05 Jun 2026', 'Absensi telah diinput admin untuk kegiatan "Jogging" di Parkiran Taman Sumringah. Cek riwayat kamu di aplikasi.', 'https://wa.me/6281369248630?text=Absensi%20telah%20diinput%20admin%20untuk%20kegiatan%20%22Jogging%22%20di%20Parkiran%20Taman%20Sumringah.%20Cek%20riwayat%20kamu%20di%20aplikasi.', 1, '2026-06-05 11:08:50.717128', '2026-06-05 11:08:50.717128'),
	(99, 16, 'event', 'Absensi Jogging tanggal 05 Jun 2026', 'Absensi telah diinput admin untuk kegiatan "Jogging" di Parkiran Taman Sumringah. Cek riwayat kamu di aplikasi.', 'https://wa.me/6282118785024?text=Absensi%20telah%20diinput%20admin%20untuk%20kegiatan%20%22Jogging%22%20di%20Parkiran%20Taman%20Sumringah.%20Cek%20riwayat%20kamu%20di%20aplikasi.', 1, '2026-06-05 11:08:51.718888', '2026-06-05 11:08:51.718888'),
	(97, 14, 'event', 'Absensi Jogging tanggal 05 Jun 2026', 'Absensi telah diinput admin untuk kegiatan "Jogging" di Parkiran Taman Sumringah. Cek riwayat kamu di aplikasi.', 'https://wa.me/6287854972839?text=Absensi%20telah%20diinput%20admin%20untuk%20kegiatan%20%22Jogging%22%20di%20Parkiran%20Taman%20Sumringah.%20Cek%20riwayat%20kamu%20di%20aplikasi.', 1, '2026-06-05 11:08:51.554643', '2026-06-05 11:08:51.554643'),
	(423, 4, 'event', 'Absensi Renang tanggal 19 Jun 2026', 'Absensi telah diinput admin untuk kegiatan "Renang" di Kolam Renang BSD. Cek riwayat kamu di aplikasi.', 'https://wa.me/62895337148803?text=Absensi%20telah%20diinput%20admin%20untuk%20kegiatan%20%22Renang%22%20di%20Kolam%20Renang%20BSD.%20Cek%20riwayat%20kamu%20di%20aplikasi.', 1, '2026-06-19 13:42:23.314995', '2026-06-19 13:42:23.314995'),
	(84, 4, 'dm', '💬 Pesan baru dari Firdam', 'Ada di menu input absensi', '/dm.php?u=2', 1, '2026-06-02 20:21:10.06544', '2026-06-02 20:21:10.06544'),
	(489, 2, 'comment', '💬 Fawaid mengomentari post Anda', 'Mantap', '/index.php#feed', 1, '2026-06-20 12:50:33.691277', '2026-06-20 12:50:33.691277'),
	(89, 5, 'event', 'Absensi Jogging tanggal 05 Jun 2026', 'Absensi telah diinput admin untuk kegiatan "Jogging" di Parkiran Taman Sumringah. Cek riwayat kamu di aplikasi.', 'https://wa.me/6289525429272?text=Absensi%20telah%20diinput%20admin%20untuk%20kegiatan%20%22Jogging%22%20di%20Parkiran%20Taman%20Sumringah.%20Cek%20riwayat%20kamu%20di%20aplikasi.', 0, '2026-06-05 11:08:50.888649', '2026-06-05 11:08:50.888649'),
	(90, 6, 'event', 'Absensi Jogging tanggal 05 Jun 2026', 'Absensi telah diinput admin untuk kegiatan "Jogging" di Parkiran Taman Sumringah. Cek riwayat kamu di aplikasi.', 'https://wa.me/6282316481216?text=Absensi%20telah%20diinput%20admin%20untuk%20kegiatan%20%22Jogging%22%20di%20Parkiran%20Taman%20Sumringah.%20Cek%20riwayat%20kamu%20di%20aplikasi.', 0, '2026-06-05 11:08:50.973956', '2026-06-05 11:08:50.973956'),
	(91, 7, 'event', 'Absensi Jogging tanggal 05 Jun 2026', 'Absensi telah diinput admin untuk kegiatan "Jogging" di Parkiran Taman Sumringah. Cek riwayat kamu di aplikasi.', 'https://wa.me/6285814120846?text=Absensi%20telah%20diinput%20admin%20untuk%20kegiatan%20%22Jogging%22%20di%20Parkiran%20Taman%20Sumringah.%20Cek%20riwayat%20kamu%20di%20aplikasi.', 0, '2026-06-05 11:08:51.056553', '2026-06-05 11:08:51.056553'),
	(92, 8, 'event', 'Absensi Jogging tanggal 05 Jun 2026', 'Absensi telah diinput admin untuk kegiatan "Jogging" di Parkiran Taman Sumringah. Cek riwayat kamu di aplikasi.', 'https://wa.me/6282184381823?text=Absensi%20telah%20diinput%20admin%20untuk%20kegiatan%20%22Jogging%22%20di%20Parkiran%20Taman%20Sumringah.%20Cek%20riwayat%20kamu%20di%20aplikasi.', 0, '2026-06-05 11:08:51.139435', '2026-06-05 11:08:51.139435'),
	(93, 9, 'event', 'Absensi Jogging tanggal 05 Jun 2026', 'Absensi telah diinput admin untuk kegiatan "Jogging" di Parkiran Taman Sumringah. Cek riwayat kamu di aplikasi.', 'https://wa.me/6289502639933?text=Absensi%20telah%20diinput%20admin%20untuk%20kegiatan%20%22Jogging%22%20di%20Parkiran%20Taman%20Sumringah.%20Cek%20riwayat%20kamu%20di%20aplikasi.', 0, '2026-06-05 11:08:51.222577', '2026-06-05 11:08:51.222577'),
	(94, 10, 'event', 'Absensi Jogging tanggal 05 Jun 2026', 'Absensi telah diinput admin untuk kegiatan "Jogging" di Parkiran Taman Sumringah. Cek riwayat kamu di aplikasi.', 'https://wa.me/6282320781890?text=Absensi%20telah%20diinput%20admin%20untuk%20kegiatan%20%22Jogging%22%20di%20Parkiran%20Taman%20Sumringah.%20Cek%20riwayat%20kamu%20di%20aplikasi.', 0, '2026-06-05 11:08:51.306901', '2026-06-05 11:08:51.306901'),
	(95, 11, 'event', 'Absensi Jogging tanggal 05 Jun 2026', 'Absensi telah diinput admin untuk kegiatan "Jogging" di Parkiran Taman Sumringah. Cek riwayat kamu di aplikasi.', 'https://wa.me/6285691767966?text=Absensi%20telah%20diinput%20admin%20untuk%20kegiatan%20%22Jogging%22%20di%20Parkiran%20Taman%20Sumringah.%20Cek%20riwayat%20kamu%20di%20aplikasi.', 0, '2026-06-05 11:08:51.389553', '2026-06-05 11:08:51.389553'),
	(96, 13, 'event', 'Absensi Jogging tanggal 05 Jun 2026', 'Absensi telah diinput admin untuk kegiatan "Jogging" di Parkiran Taman Sumringah. Cek riwayat kamu di aplikasi.', 'https://wa.me/6281223450704?text=Absensi%20telah%20diinput%20admin%20untuk%20kegiatan%20%22Jogging%22%20di%20Parkiran%20Taman%20Sumringah.%20Cek%20riwayat%20kamu%20di%20aplikasi.', 0, '2026-06-05 11:08:51.471926', '2026-06-05 11:08:51.471926'),
	(98, 15, 'event', 'Absensi Jogging tanggal 05 Jun 2026', 'Absensi telah diinput admin untuk kegiatan "Jogging" di Parkiran Taman Sumringah. Cek riwayat kamu di aplikasi.', 'https://wa.me/6282117100115?text=Absensi%20telah%20diinput%20admin%20untuk%20kegiatan%20%22Jogging%22%20di%20Parkiran%20Taman%20Sumringah.%20Cek%20riwayat%20kamu%20di%20aplikasi.', 0, '2026-06-05 11:08:51.636638', '2026-06-05 11:08:51.636638'),
	(100, 17, 'event', 'Absensi Jogging tanggal 05 Jun 2026', 'Absensi telah diinput admin untuk kegiatan "Jogging" di Parkiran Taman Sumringah. Cek riwayat kamu di aplikasi.', 'https://wa.me/6282218532348?text=Absensi%20telah%20diinput%20admin%20untuk%20kegiatan%20%22Jogging%22%20di%20Parkiran%20Taman%20Sumringah.%20Cek%20riwayat%20kamu%20di%20aplikasi.', 0, '2026-06-05 11:08:51.802235', '2026-06-05 11:08:51.802235'),
	(101, 20, 'event', 'Absensi Jogging tanggal 05 Jun 2026', 'Absensi telah diinput admin untuk kegiatan "Jogging" di Parkiran Taman Sumringah. Cek riwayat kamu di aplikasi.', 'https://wa.me/6287822615464?text=Absensi%20telah%20diinput%20admin%20untuk%20kegiatan%20%22Jogging%22%20di%20Parkiran%20Taman%20Sumringah.%20Cek%20riwayat%20kamu%20di%20aplikasi.', 0, '2026-06-05 11:08:51.884856', '2026-06-05 11:08:51.884856'),
	(86, 2, 'event', 'Absensi Jogging tanggal 05 Jun 2026', 'Absensi telah diinput admin untuk kegiatan "Jogging" di Parkiran Taman Sumringah. Cek riwayat kamu di aplikasi.', 'https://wa.me/6281386369207?text=Absensi%20telah%20diinput%20admin%20untuk%20kegiatan%20%22Jogging%22%20di%20Parkiran%20Taman%20Sumringah.%20Cek%20riwayat%20kamu%20di%20aplikasi.', 1, '2026-06-05 11:08:50.633609', '2026-06-05 11:08:50.633609'),
	(102, 21, 'event', 'Absensi Jogging tanggal 05 Jun 2026', 'Absensi telah diinput admin untuk kegiatan "Jogging" di Parkiran Taman Sumringah. Cek riwayat kamu di aplikasi.', '/', 0, '2026-06-05 11:08:51.966982', '2026-06-05 11:08:51.966982'),
	(424, 5, 'event', 'Absensi Renang tanggal 19 Jun 2026', 'Absensi telah diinput admin untuk kegiatan "Renang" di Kolam Renang BSD. Cek riwayat kamu di aplikasi.', 'https://wa.me/6289525429272?text=Absensi%20telah%20diinput%20admin%20untuk%20kegiatan%20%22Renang%22%20di%20Kolam%20Renang%20BSD.%20Cek%20riwayat%20kamu%20di%20aplikasi.', 0, '2026-06-19 13:42:23.395128', '2026-06-19 13:42:23.395128'),
	(104, 13, 'event', 'Absensi Badminton tanggal 02 Jun 2026', 'Absensi telah diinput admin untuk kegiatan "Badminton" di GOR Gaza. Cek riwayat kamu di aplikasi.', 'https://wa.me/6281223450704?text=Absensi%20telah%20diinput%20admin%20untuk%20kegiatan%20%22Badminton%22%20di%20GOR%20Gaza.%20Cek%20riwayat%20kamu%20di%20aplikasi.', 0, '2026-06-05 20:20:49.25329', '2026-06-05 20:20:49.25329'),
	(106, 8, 'event', 'Absensi Badminton tanggal 02 Jun 2026', 'Absensi telah diinput admin untuk kegiatan "Badminton" di GOR Gaza. Cek riwayat kamu di aplikasi.', 'https://wa.me/6282184381823?text=Absensi%20telah%20diinput%20admin%20untuk%20kegiatan%20%22Badminton%22%20di%20GOR%20Gaza.%20Cek%20riwayat%20kamu%20di%20aplikasi.', 0, '2026-06-05 20:20:49.412545', '2026-06-05 20:20:49.412545'),
	(107, 6, 'event', 'Absensi Badminton tanggal 02 Jun 2026', 'Absensi telah diinput admin untuk kegiatan "Badminton" di GOR Gaza. Cek riwayat kamu di aplikasi.', 'https://wa.me/6282316481216?text=Absensi%20telah%20diinput%20admin%20untuk%20kegiatan%20%22Badminton%22%20di%20GOR%20Gaza.%20Cek%20riwayat%20kamu%20di%20aplikasi.', 0, '2026-06-05 20:20:49.492124', '2026-06-05 20:20:49.492124'),
	(108, 7, 'event', 'Absensi Badminton tanggal 02 Jun 2026', 'Absensi telah diinput admin untuk kegiatan "Badminton" di GOR Gaza. Cek riwayat kamu di aplikasi.', 'https://wa.me/6285814120846?text=Absensi%20telah%20diinput%20admin%20untuk%20kegiatan%20%22Badminton%22%20di%20GOR%20Gaza.%20Cek%20riwayat%20kamu%20di%20aplikasi.', 0, '2026-06-05 20:20:49.571807', '2026-06-05 20:20:49.571807'),
	(109, 20, 'event', 'Absensi Badminton tanggal 02 Jun 2026', 'Absensi telah diinput admin untuk kegiatan "Badminton" di GOR Gaza. Cek riwayat kamu di aplikasi.', 'https://wa.me/6287822615464?text=Absensi%20telah%20diinput%20admin%20untuk%20kegiatan%20%22Badminton%22%20di%20GOR%20Gaza.%20Cek%20riwayat%20kamu%20di%20aplikasi.', 0, '2026-06-05 20:20:49.650943', '2026-06-05 20:20:49.650943'),
	(490, 2, 'like', '❤️ Fawaid menyukai post Anda', '', '/index.php#feed', 1, '2026-06-20 12:50:56.001661', '2026-06-20 12:50:56.001661'),
	(111, 21, 'event', 'Absensi Badminton tanggal 02 Jun 2026', 'Absensi telah diinput admin untuk kegiatan "Badminton" di GOR Gaza. Cek riwayat kamu di aplikasi.', '/', 0, '2026-06-05 20:20:49.813133', '2026-06-05 20:20:49.813133'),
	(113, 15, 'event', 'Absensi Badminton tanggal 02 Jun 2026', 'Absensi telah diinput admin untuk kegiatan "Badminton" di GOR Gaza. Cek riwayat kamu di aplikasi.', 'https://wa.me/6282117100115?text=Absensi%20telah%20diinput%20admin%20untuk%20kegiatan%20%22Badminton%22%20di%20GOR%20Gaza.%20Cek%20riwayat%20kamu%20di%20aplikasi.', 0, '2026-06-05 20:20:49.972862', '2026-06-05 20:20:49.972862'),
	(114, 9, 'event', 'Absensi Badminton tanggal 02 Jun 2026', 'Absensi telah diinput admin untuk kegiatan "Badminton" di GOR Gaza. Cek riwayat kamu di aplikasi.', 'https://wa.me/6289502639933?text=Absensi%20telah%20diinput%20admin%20untuk%20kegiatan%20%22Badminton%22%20di%20GOR%20Gaza.%20Cek%20riwayat%20kamu%20di%20aplikasi.', 0, '2026-06-05 20:20:50.054761', '2026-06-05 20:20:50.054761'),
	(115, 10, 'event', 'Absensi Badminton tanggal 02 Jun 2026', 'Absensi telah diinput admin untuk kegiatan "Badminton" di GOR Gaza. Cek riwayat kamu di aplikasi.', 'https://wa.me/6282320781890?text=Absensi%20telah%20diinput%20admin%20untuk%20kegiatan%20%22Badminton%22%20di%20GOR%20Gaza.%20Cek%20riwayat%20kamu%20di%20aplikasi.', 0, '2026-06-05 20:20:50.133906', '2026-06-05 20:20:50.133906'),
	(116, 11, 'event', 'Absensi Badminton tanggal 02 Jun 2026', 'Absensi telah diinput admin untuk kegiatan "Badminton" di GOR Gaza. Cek riwayat kamu di aplikasi.', 'https://wa.me/6285691767966?text=Absensi%20telah%20diinput%20admin%20untuk%20kegiatan%20%22Badminton%22%20di%20GOR%20Gaza.%20Cek%20riwayat%20kamu%20di%20aplikasi.', 0, '2026-06-05 20:20:50.213828', '2026-06-05 20:20:50.213828'),
	(118, 17, 'event', 'Absensi Badminton tanggal 02 Jun 2026', 'Absensi telah diinput admin untuk kegiatan "Badminton" di GOR Gaza. Cek riwayat kamu di aplikasi.', 'https://wa.me/6282218532348?text=Absensi%20telah%20diinput%20admin%20untuk%20kegiatan%20%22Badminton%22%20di%20GOR%20Gaza.%20Cek%20riwayat%20kamu%20di%20aplikasi.', 0, '2026-06-05 20:20:50.372629', '2026-06-05 20:20:50.372629'),
	(119, 5, 'event', 'Absensi Badminton tanggal 02 Jun 2026', 'Absensi telah diinput admin untuk kegiatan "Badminton" di GOR Gaza. Cek riwayat kamu di aplikasi.', 'https://wa.me/6289525429272?text=Absensi%20telah%20diinput%20admin%20untuk%20kegiatan%20%22Badminton%22%20di%20GOR%20Gaza.%20Cek%20riwayat%20kamu%20di%20aplikasi.', 0, '2026-06-05 20:20:50.451785', '2026-06-05 20:20:50.451785'),
	(112, 2, 'event', 'Absensi Badminton tanggal 02 Jun 2026', 'Absensi telah diinput admin untuk kegiatan "Badminton" di GOR Gaza. Cek riwayat kamu di aplikasi.', 'https://wa.me/6281386369207?text=Absensi%20telah%20diinput%20admin%20untuk%20kegiatan%20%22Badminton%22%20di%20GOR%20Gaza.%20Cek%20riwayat%20kamu%20di%20aplikasi.', 1, '2026-06-05 20:20:49.892012', '2026-06-05 20:20:49.892012'),
	(120, 11, 'event', 'Pendaftaran event berhasil', 'Anda terdaftar di event #2', '/event.php?id=2', 0, '2026-06-06 14:47:02.784461', '2026-06-06 14:47:02.784461'),
	(122, 3, 'event', 'Absensi Jogging tanggal 13 Jun 2026', 'Absensi telah diinput admin untuk kegiatan "Jogging" di Flamboyan Jogging. Cek riwayat kamu di aplikasi.', 'https://wa.me/6281369248630?text=Absensi%20telah%20diinput%20admin%20untuk%20kegiatan%20%22Jogging%22%20di%20Flamboyan%20Jogging.%20Cek%20riwayat%20kamu%20di%20aplikasi.', 1, '2026-06-13 05:40:36.805833', '2026-06-13 05:40:36.805833'),
	(239, 10, 'event', 'Absensi Badminton tanggal 20 Jun 2026', 'Absensi telah diinput admin untuk kegiatan "Badminton" di GOR Mayasari. Cek riwayat kamu di aplikasi.', 'https://wa.me/6282320781890?text=Absensi%20telah%20diinput%20admin%20untuk%20kegiatan%20%22Badminton%22%20di%20GOR%20Mayasari.%20Cek%20riwayat%20kamu%20di%20aplikasi.', 0, '2026-06-16 15:30:21.018914', '2026-06-16 15:30:21.018914'),
	(240, 11, 'event', 'Absensi Badminton tanggal 20 Jun 2026', 'Absensi telah diinput admin untuk kegiatan "Badminton" di GOR Mayasari. Cek riwayat kamu di aplikasi.', 'https://wa.me/6285691767966?text=Absensi%20telah%20diinput%20admin%20untuk%20kegiatan%20%22Badminton%22%20di%20GOR%20Mayasari.%20Cek%20riwayat%20kamu%20di%20aplikasi.', 0, '2026-06-16 15:30:21.099694', '2026-06-16 15:30:21.099694'),
	(110, 14, 'event', 'Absensi Badminton tanggal 02 Jun 2026', 'Absensi telah diinput admin untuk kegiatan "Badminton" di GOR Gaza. Cek riwayat kamu di aplikasi.', 'https://wa.me/6287854972839?text=Absensi%20telah%20diinput%20admin%20untuk%20kegiatan%20%22Badminton%22%20di%20GOR%20Gaza.%20Cek%20riwayat%20kamu%20di%20aplikasi.', 1, '2026-06-05 20:20:49.732424', '2026-06-05 20:20:49.732424'),
	(124, 5, 'event', 'Absensi Jogging tanggal 13 Jun 2026', 'Absensi telah diinput admin untuk kegiatan "Jogging" di Flamboyan Jogging. Cek riwayat kamu di aplikasi.', 'https://wa.me/6289525429272?text=Absensi%20telah%20diinput%20admin%20untuk%20kegiatan%20%22Jogging%22%20di%20Flamboyan%20Jogging.%20Cek%20riwayat%20kamu%20di%20aplikasi.', 0, '2026-06-13 05:40:36.970393', '2026-06-13 05:40:36.970393'),
	(125, 6, 'event', 'Absensi Jogging tanggal 13 Jun 2026', 'Absensi telah diinput admin untuk kegiatan "Jogging" di Flamboyan Jogging. Cek riwayat kamu di aplikasi.', 'https://wa.me/6282316481216?text=Absensi%20telah%20diinput%20admin%20untuk%20kegiatan%20%22Jogging%22%20di%20Flamboyan%20Jogging.%20Cek%20riwayat%20kamu%20di%20aplikasi.', 0, '2026-06-13 05:40:37.054695', '2026-06-13 05:40:37.054695'),
	(126, 7, 'event', 'Absensi Jogging tanggal 13 Jun 2026', 'Absensi telah diinput admin untuk kegiatan "Jogging" di Flamboyan Jogging. Cek riwayat kamu di aplikasi.', 'https://wa.me/6285814120846?text=Absensi%20telah%20diinput%20admin%20untuk%20kegiatan%20%22Jogging%22%20di%20Flamboyan%20Jogging.%20Cek%20riwayat%20kamu%20di%20aplikasi.', 0, '2026-06-13 05:40:37.135909', '2026-06-13 05:40:37.135909'),
	(127, 8, 'event', 'Absensi Jogging tanggal 13 Jun 2026', 'Absensi telah diinput admin untuk kegiatan "Jogging" di Flamboyan Jogging. Cek riwayat kamu di aplikasi.', 'https://wa.me/6282184381823?text=Absensi%20telah%20diinput%20admin%20untuk%20kegiatan%20%22Jogging%22%20di%20Flamboyan%20Jogging.%20Cek%20riwayat%20kamu%20di%20aplikasi.', 0, '2026-06-13 05:40:37.217424', '2026-06-13 05:40:37.217424'),
	(128, 9, 'event', 'Absensi Jogging tanggal 13 Jun 2026', 'Absensi telah diinput admin untuk kegiatan "Jogging" di Flamboyan Jogging. Cek riwayat kamu di aplikasi.', 'https://wa.me/6289502639933?text=Absensi%20telah%20diinput%20admin%20untuk%20kegiatan%20%22Jogging%22%20di%20Flamboyan%20Jogging.%20Cek%20riwayat%20kamu%20di%20aplikasi.', 0, '2026-06-13 05:40:37.299837', '2026-06-13 05:40:37.299837'),
	(129, 10, 'event', 'Absensi Jogging tanggal 13 Jun 2026', 'Absensi telah diinput admin untuk kegiatan "Jogging" di Flamboyan Jogging. Cek riwayat kamu di aplikasi.', 'https://wa.me/6282320781890?text=Absensi%20telah%20diinput%20admin%20untuk%20kegiatan%20%22Jogging%22%20di%20Flamboyan%20Jogging.%20Cek%20riwayat%20kamu%20di%20aplikasi.', 0, '2026-06-13 05:40:37.38182', '2026-06-13 05:40:37.38182'),
	(130, 11, 'event', 'Absensi Jogging tanggal 13 Jun 2026', 'Absensi telah diinput admin untuk kegiatan "Jogging" di Flamboyan Jogging. Cek riwayat kamu di aplikasi.', 'https://wa.me/6285691767966?text=Absensi%20telah%20diinput%20admin%20untuk%20kegiatan%20%22Jogging%22%20di%20Flamboyan%20Jogging.%20Cek%20riwayat%20kamu%20di%20aplikasi.', 0, '2026-06-13 05:40:37.46669', '2026-06-13 05:40:37.46669'),
	(131, 13, 'event', 'Absensi Jogging tanggal 13 Jun 2026', 'Absensi telah diinput admin untuk kegiatan "Jogging" di Flamboyan Jogging. Cek riwayat kamu di aplikasi.', 'https://wa.me/6281223450704?text=Absensi%20telah%20diinput%20admin%20untuk%20kegiatan%20%22Jogging%22%20di%20Flamboyan%20Jogging.%20Cek%20riwayat%20kamu%20di%20aplikasi.', 0, '2026-06-13 05:40:37.550653', '2026-06-13 05:40:37.550653'),
	(425, 6, 'event', 'Absensi Renang tanggal 19 Jun 2026', 'Absensi telah diinput admin untuk kegiatan "Renang" di Kolam Renang BSD. Cek riwayat kamu di aplikasi.', 'https://wa.me/6282316481216?text=Absensi%20telah%20diinput%20admin%20untuk%20kegiatan%20%22Renang%22%20di%20Kolam%20Renang%20BSD.%20Cek%20riwayat%20kamu%20di%20aplikasi.', 0, '2026-06-19 13:42:23.475356', '2026-06-19 13:42:23.475356'),
	(133, 15, 'event', 'Absensi Jogging tanggal 13 Jun 2026', 'Absensi telah diinput admin untuk kegiatan "Jogging" di Flamboyan Jogging. Cek riwayat kamu di aplikasi.', 'https://wa.me/6282117100115?text=Absensi%20telah%20diinput%20admin%20untuk%20kegiatan%20%22Jogging%22%20di%20Flamboyan%20Jogging.%20Cek%20riwayat%20kamu%20di%20aplikasi.', 0, '2026-06-13 05:40:37.714624', '2026-06-13 05:40:37.714624'),
	(426, 7, 'event', 'Absensi Renang tanggal 19 Jun 2026', 'Absensi telah diinput admin untuk kegiatan "Renang" di Kolam Renang BSD. Cek riwayat kamu di aplikasi.', 'https://wa.me/6285814120846?text=Absensi%20telah%20diinput%20admin%20untuk%20kegiatan%20%22Renang%22%20di%20Kolam%20Renang%20BSD.%20Cek%20riwayat%20kamu%20di%20aplikasi.', 0, '2026-06-19 13:42:23.555823', '2026-06-19 13:42:23.555823'),
	(135, 17, 'event', 'Absensi Jogging tanggal 13 Jun 2026', 'Absensi telah diinput admin untuk kegiatan "Jogging" di Flamboyan Jogging. Cek riwayat kamu di aplikasi.', 'https://wa.me/6282218532348?text=Absensi%20telah%20diinput%20admin%20untuk%20kegiatan%20%22Jogging%22%20di%20Flamboyan%20Jogging.%20Cek%20riwayat%20kamu%20di%20aplikasi.', 0, '2026-06-13 05:40:37.87649', '2026-06-13 05:40:37.87649'),
	(136, 20, 'event', 'Absensi Jogging tanggal 13 Jun 2026', 'Absensi telah diinput admin untuk kegiatan "Jogging" di Flamboyan Jogging. Cek riwayat kamu di aplikasi.', 'https://wa.me/6287822615464?text=Absensi%20telah%20diinput%20admin%20untuk%20kegiatan%20%22Jogging%22%20di%20Flamboyan%20Jogging.%20Cek%20riwayat%20kamu%20di%20aplikasi.', 0, '2026-06-13 05:40:37.957369', '2026-06-13 05:40:37.957369'),
	(137, 21, 'event', 'Absensi Jogging tanggal 13 Jun 2026', 'Absensi telah diinput admin untuk kegiatan "Jogging" di Flamboyan Jogging. Cek riwayat kamu di aplikasi.', '/', 0, '2026-06-13 05:40:38.039415', '2026-06-13 05:40:38.039415'),
	(146, 5, 'event', 'Absensi Jogging tanggal 13 Jun 2026', 'Absensi telah diinput admin untuk kegiatan "Jogging" di Flamboyan Jogging. Cek riwayat kamu di aplikasi.', 'https://wa.me/6289525429272?text=Absensi%20telah%20diinput%20admin%20untuk%20kegiatan%20%22Jogging%22%20di%20Flamboyan%20Jogging.%20Cek%20riwayat%20kamu%20di%20aplikasi.', 0, '2026-06-13 05:40:59.991942', '2026-06-13 05:40:59.991942'),
	(147, 6, 'event', 'Absensi Jogging tanggal 13 Jun 2026', 'Absensi telah diinput admin untuk kegiatan "Jogging" di Flamboyan Jogging. Cek riwayat kamu di aplikasi.', 'https://wa.me/6282316481216?text=Absensi%20telah%20diinput%20admin%20untuk%20kegiatan%20%22Jogging%22%20di%20Flamboyan%20Jogging.%20Cek%20riwayat%20kamu%20di%20aplikasi.', 0, '2026-06-13 05:41:00.075228', '2026-06-13 05:41:00.075228'),
	(144, 3, 'event', 'Absensi Jogging tanggal 13 Jun 2026', 'Absensi telah diinput admin untuk kegiatan "Jogging" di Flamboyan Jogging. Cek riwayat kamu di aplikasi.', 'https://wa.me/6281369248630?text=Absensi%20telah%20diinput%20admin%20untuk%20kegiatan%20%22Jogging%22%20di%20Flamboyan%20Jogging.%20Cek%20riwayat%20kamu%20di%20aplikasi.', 1, '2026-06-13 05:40:59.829215', '2026-06-13 05:40:59.829215'),
	(241, 13, 'event', 'Absensi Badminton tanggal 20 Jun 2026', 'Absensi telah diinput admin untuk kegiatan "Badminton" di GOR Mayasari. Cek riwayat kamu di aplikasi.', 'https://wa.me/6281223450704?text=Absensi%20telah%20diinput%20admin%20untuk%20kegiatan%20%22Badminton%22%20di%20GOR%20Mayasari.%20Cek%20riwayat%20kamu%20di%20aplikasi.', 0, '2026-06-16 15:30:21.181643', '2026-06-16 15:30:21.181643'),
	(243, 15, 'event', 'Absensi Badminton tanggal 20 Jun 2026', 'Absensi telah diinput admin untuk kegiatan "Badminton" di GOR Mayasari. Cek riwayat kamu di aplikasi.', 'https://wa.me/6282117100115?text=Absensi%20telah%20diinput%20admin%20untuk%20kegiatan%20%22Badminton%22%20di%20GOR%20Mayasari.%20Cek%20riwayat%20kamu%20di%20aplikasi.', 0, '2026-06-16 15:30:21.346668', '2026-06-16 15:30:21.346668'),
	(242, 14, 'event', 'Absensi Badminton tanggal 20 Jun 2026', 'Absensi telah diinput admin untuk kegiatan "Badminton" di GOR Mayasari. Cek riwayat kamu di aplikasi.', 'https://wa.me/6287854972839?text=Absensi%20telah%20diinput%20admin%20untuk%20kegiatan%20%22Badminton%22%20di%20GOR%20Mayasari.%20Cek%20riwayat%20kamu%20di%20aplikasi.', 1, '2026-06-16 15:30:21.265504', '2026-06-16 15:30:21.265504'),
	(148, 7, 'event', 'Absensi Jogging tanggal 13 Jun 2026', 'Absensi telah diinput admin untuk kegiatan "Jogging" di Flamboyan Jogging. Cek riwayat kamu di aplikasi.', 'https://wa.me/6285814120846?text=Absensi%20telah%20diinput%20admin%20untuk%20kegiatan%20%22Jogging%22%20di%20Flamboyan%20Jogging.%20Cek%20riwayat%20kamu%20di%20aplikasi.', 0, '2026-06-13 05:41:00.157088', '2026-06-13 05:41:00.157088'),
	(149, 8, 'event', 'Absensi Jogging tanggal 13 Jun 2026', 'Absensi telah diinput admin untuk kegiatan "Jogging" di Flamboyan Jogging. Cek riwayat kamu di aplikasi.', 'https://wa.me/6282184381823?text=Absensi%20telah%20diinput%20admin%20untuk%20kegiatan%20%22Jogging%22%20di%20Flamboyan%20Jogging.%20Cek%20riwayat%20kamu%20di%20aplikasi.', 0, '2026-06-13 05:41:00.242036', '2026-06-13 05:41:00.242036'),
	(150, 9, 'event', 'Absensi Jogging tanggal 13 Jun 2026', 'Absensi telah diinput admin untuk kegiatan "Jogging" di Flamboyan Jogging. Cek riwayat kamu di aplikasi.', 'https://wa.me/6289502639933?text=Absensi%20telah%20diinput%20admin%20untuk%20kegiatan%20%22Jogging%22%20di%20Flamboyan%20Jogging.%20Cek%20riwayat%20kamu%20di%20aplikasi.', 0, '2026-06-13 05:41:00.325067', '2026-06-13 05:41:00.325067'),
	(151, 10, 'event', 'Absensi Jogging tanggal 13 Jun 2026', 'Absensi telah diinput admin untuk kegiatan "Jogging" di Flamboyan Jogging. Cek riwayat kamu di aplikasi.', 'https://wa.me/6282320781890?text=Absensi%20telah%20diinput%20admin%20untuk%20kegiatan%20%22Jogging%22%20di%20Flamboyan%20Jogging.%20Cek%20riwayat%20kamu%20di%20aplikasi.', 0, '2026-06-13 05:41:00.406363', '2026-06-13 05:41:00.406363'),
	(152, 11, 'event', 'Absensi Jogging tanggal 13 Jun 2026', 'Absensi telah diinput admin untuk kegiatan "Jogging" di Flamboyan Jogging. Cek riwayat kamu di aplikasi.', 'https://wa.me/6285691767966?text=Absensi%20telah%20diinput%20admin%20untuk%20kegiatan%20%22Jogging%22%20di%20Flamboyan%20Jogging.%20Cek%20riwayat%20kamu%20di%20aplikasi.', 0, '2026-06-13 05:41:00.487417', '2026-06-13 05:41:00.487417'),
	(153, 13, 'event', 'Absensi Jogging tanggal 13 Jun 2026', 'Absensi telah diinput admin untuk kegiatan "Jogging" di Flamboyan Jogging. Cek riwayat kamu di aplikasi.', 'https://wa.me/6281223450704?text=Absensi%20telah%20diinput%20admin%20untuk%20kegiatan%20%22Jogging%22%20di%20Flamboyan%20Jogging.%20Cek%20riwayat%20kamu%20di%20aplikasi.', 0, '2026-06-13 05:41:00.568996', '2026-06-13 05:41:00.568996'),
	(427, 8, 'event', 'Absensi Renang tanggal 19 Jun 2026', 'Absensi telah diinput admin untuk kegiatan "Renang" di Kolam Renang BSD. Cek riwayat kamu di aplikasi.', 'https://wa.me/6282184381823?text=Absensi%20telah%20diinput%20admin%20untuk%20kegiatan%20%22Renang%22%20di%20Kolam%20Renang%20BSD.%20Cek%20riwayat%20kamu%20di%20aplikasi.', 0, '2026-06-19 13:42:23.636375', '2026-06-19 13:42:23.636375'),
	(155, 15, 'event', 'Absensi Jogging tanggal 13 Jun 2026', 'Absensi telah diinput admin untuk kegiatan "Jogging" di Flamboyan Jogging. Cek riwayat kamu di aplikasi.', 'https://wa.me/6282117100115?text=Absensi%20telah%20diinput%20admin%20untuk%20kegiatan%20%22Jogging%22%20di%20Flamboyan%20Jogging.%20Cek%20riwayat%20kamu%20di%20aplikasi.', 0, '2026-06-13 05:41:00.731354', '2026-06-13 05:41:00.731354'),
	(428, 9, 'event', 'Absensi Renang tanggal 19 Jun 2026', 'Absensi telah diinput admin untuk kegiatan "Renang" di Kolam Renang BSD. Cek riwayat kamu di aplikasi.', 'https://wa.me/6289502639933?text=Absensi%20telah%20diinput%20admin%20untuk%20kegiatan%20%22Renang%22%20di%20Kolam%20Renang%20BSD.%20Cek%20riwayat%20kamu%20di%20aplikasi.', 0, '2026-06-19 13:42:23.716764', '2026-06-19 13:42:23.716764'),
	(157, 17, 'event', 'Absensi Jogging tanggal 13 Jun 2026', 'Absensi telah diinput admin untuk kegiatan "Jogging" di Flamboyan Jogging. Cek riwayat kamu di aplikasi.', 'https://wa.me/6282218532348?text=Absensi%20telah%20diinput%20admin%20untuk%20kegiatan%20%22Jogging%22%20di%20Flamboyan%20Jogging.%20Cek%20riwayat%20kamu%20di%20aplikasi.', 0, '2026-06-13 05:41:00.893032', '2026-06-13 05:41:00.893032'),
	(158, 20, 'event', 'Absensi Jogging tanggal 13 Jun 2026', 'Absensi telah diinput admin untuk kegiatan "Jogging" di Flamboyan Jogging. Cek riwayat kamu di aplikasi.', 'https://wa.me/6287822615464?text=Absensi%20telah%20diinput%20admin%20untuk%20kegiatan%20%22Jogging%22%20di%20Flamboyan%20Jogging.%20Cek%20riwayat%20kamu%20di%20aplikasi.', 0, '2026-06-13 05:41:00.974036', '2026-06-13 05:41:00.974036'),
	(159, 21, 'event', 'Absensi Jogging tanggal 13 Jun 2026', 'Absensi telah diinput admin untuk kegiatan "Jogging" di Flamboyan Jogging. Cek riwayat kamu di aplikasi.', '/', 0, '2026-06-13 05:41:01.055474', '2026-06-13 05:41:01.055474'),
	(168, 5, 'event', 'Absensi Jogging tanggal 13 Jun 2026', 'Absensi telah diinput admin untuk kegiatan "Jogging" di Flamboyan Jogging. Cek riwayat kamu di aplikasi.', 'https://wa.me/6289525429272?text=Absensi%20telah%20diinput%20admin%20untuk%20kegiatan%20%22Jogging%22%20di%20Flamboyan%20Jogging.%20Cek%20riwayat%20kamu%20di%20aplikasi.', 0, '2026-06-13 06:04:03.913913', '2026-06-13 06:04:03.913913'),
	(169, 6, 'event', 'Absensi Jogging tanggal 13 Jun 2026', 'Absensi telah diinput admin untuk kegiatan "Jogging" di Flamboyan Jogging. Cek riwayat kamu di aplikasi.', 'https://wa.me/6282316481216?text=Absensi%20telah%20diinput%20admin%20untuk%20kegiatan%20%22Jogging%22%20di%20Flamboyan%20Jogging.%20Cek%20riwayat%20kamu%20di%20aplikasi.', 0, '2026-06-13 06:04:03.995249', '2026-06-13 06:04:03.995249'),
	(170, 7, 'event', 'Absensi Jogging tanggal 13 Jun 2026', 'Absensi telah diinput admin untuk kegiatan "Jogging" di Flamboyan Jogging. Cek riwayat kamu di aplikasi.', 'https://wa.me/6285814120846?text=Absensi%20telah%20diinput%20admin%20untuk%20kegiatan%20%22Jogging%22%20di%20Flamboyan%20Jogging.%20Cek%20riwayat%20kamu%20di%20aplikasi.', 0, '2026-06-13 06:04:04.077969', '2026-06-13 06:04:04.077969'),
	(171, 8, 'event', 'Absensi Jogging tanggal 13 Jun 2026', 'Absensi telah diinput admin untuk kegiatan "Jogging" di Flamboyan Jogging. Cek riwayat kamu di aplikasi.', 'https://wa.me/6282184381823?text=Absensi%20telah%20diinput%20admin%20untuk%20kegiatan%20%22Jogging%22%20di%20Flamboyan%20Jogging.%20Cek%20riwayat%20kamu%20di%20aplikasi.', 0, '2026-06-13 06:04:04.159494', '2026-06-13 06:04:04.159494'),
	(166, 3, 'event', 'Absensi Jogging tanggal 13 Jun 2026', 'Absensi telah diinput admin untuk kegiatan "Jogging" di Flamboyan Jogging. Cek riwayat kamu di aplikasi.', 'https://wa.me/6281369248630?text=Absensi%20telah%20diinput%20admin%20untuk%20kegiatan%20%22Jogging%22%20di%20Flamboyan%20Jogging.%20Cek%20riwayat%20kamu%20di%20aplikasi.', 1, '2026-06-13 06:04:03.751293', '2026-06-13 06:04:03.751293'),
	(245, 17, 'event', 'Absensi Badminton tanggal 20 Jun 2026', 'Absensi telah diinput admin untuk kegiatan "Badminton" di GOR Mayasari. Cek riwayat kamu di aplikasi.', 'https://wa.me/6282218532348?text=Absensi%20telah%20diinput%20admin%20untuk%20kegiatan%20%22Badminton%22%20di%20GOR%20Mayasari.%20Cek%20riwayat%20kamu%20di%20aplikasi.', 0, '2026-06-16 15:30:21.515254', '2026-06-16 15:30:21.515254'),
	(246, 20, 'event', 'Absensi Badminton tanggal 20 Jun 2026', 'Absensi telah diinput admin untuk kegiatan "Badminton" di GOR Mayasari. Cek riwayat kamu di aplikasi.', 'https://wa.me/6287822615464?text=Absensi%20telah%20diinput%20admin%20untuk%20kegiatan%20%22Badminton%22%20di%20GOR%20Mayasari.%20Cek%20riwayat%20kamu%20di%20aplikasi.', 0, '2026-06-16 15:30:21.596738', '2026-06-16 15:30:21.596738'),
	(247, 21, 'event', 'Absensi Badminton tanggal 20 Jun 2026', 'Absensi telah diinput admin untuk kegiatan "Badminton" di GOR Mayasari. Cek riwayat kamu di aplikasi.', '/', 0, '2026-06-16 15:30:21.677526', '2026-06-16 15:30:21.677526'),
	(154, 14, 'event', 'Absensi Jogging tanggal 13 Jun 2026', 'Absensi telah diinput admin untuk kegiatan "Jogging" di Flamboyan Jogging. Cek riwayat kamu di aplikasi.', 'https://wa.me/6287854972839?text=Absensi%20telah%20diinput%20admin%20untuk%20kegiatan%20%22Jogging%22%20di%20Flamboyan%20Jogging.%20Cek%20riwayat%20kamu%20di%20aplikasi.', 1, '2026-06-13 05:41:00.650496', '2026-06-13 05:41:00.650496'),
	(172, 9, 'event', 'Absensi Jogging tanggal 13 Jun 2026', 'Absensi telah diinput admin untuk kegiatan "Jogging" di Flamboyan Jogging. Cek riwayat kamu di aplikasi.', 'https://wa.me/6289502639933?text=Absensi%20telah%20diinput%20admin%20untuk%20kegiatan%20%22Jogging%22%20di%20Flamboyan%20Jogging.%20Cek%20riwayat%20kamu%20di%20aplikasi.', 0, '2026-06-13 06:04:04.24201', '2026-06-13 06:04:04.24201'),
	(173, 10, 'event', 'Absensi Jogging tanggal 13 Jun 2026', 'Absensi telah diinput admin untuk kegiatan "Jogging" di Flamboyan Jogging. Cek riwayat kamu di aplikasi.', 'https://wa.me/6282320781890?text=Absensi%20telah%20diinput%20admin%20untuk%20kegiatan%20%22Jogging%22%20di%20Flamboyan%20Jogging.%20Cek%20riwayat%20kamu%20di%20aplikasi.', 0, '2026-06-13 06:04:04.325534', '2026-06-13 06:04:04.325534'),
	(174, 11, 'event', 'Absensi Jogging tanggal 13 Jun 2026', 'Absensi telah diinput admin untuk kegiatan "Jogging" di Flamboyan Jogging. Cek riwayat kamu di aplikasi.', 'https://wa.me/6285691767966?text=Absensi%20telah%20diinput%20admin%20untuk%20kegiatan%20%22Jogging%22%20di%20Flamboyan%20Jogging.%20Cek%20riwayat%20kamu%20di%20aplikasi.', 0, '2026-06-13 06:04:04.406505', '2026-06-13 06:04:04.406505'),
	(175, 13, 'event', 'Absensi Jogging tanggal 13 Jun 2026', 'Absensi telah diinput admin untuk kegiatan "Jogging" di Flamboyan Jogging. Cek riwayat kamu di aplikasi.', 'https://wa.me/6281223450704?text=Absensi%20telah%20diinput%20admin%20untuk%20kegiatan%20%22Jogging%22%20di%20Flamboyan%20Jogging.%20Cek%20riwayat%20kamu%20di%20aplikasi.', 0, '2026-06-13 06:04:04.487325', '2026-06-13 06:04:04.487325'),
	(429, 10, 'event', 'Absensi Renang tanggal 19 Jun 2026', 'Absensi telah diinput admin untuk kegiatan "Renang" di Kolam Renang BSD. Cek riwayat kamu di aplikasi.', 'https://wa.me/6282320781890?text=Absensi%20telah%20diinput%20admin%20untuk%20kegiatan%20%22Renang%22%20di%20Kolam%20Renang%20BSD.%20Cek%20riwayat%20kamu%20di%20aplikasi.', 0, '2026-06-19 13:42:23.796819', '2026-06-19 13:42:23.796819'),
	(177, 15, 'event', 'Absensi Jogging tanggal 13 Jun 2026', 'Absensi telah diinput admin untuk kegiatan "Jogging" di Flamboyan Jogging. Cek riwayat kamu di aplikasi.', 'https://wa.me/6282117100115?text=Absensi%20telah%20diinput%20admin%20untuk%20kegiatan%20%22Jogging%22%20di%20Flamboyan%20Jogging.%20Cek%20riwayat%20kamu%20di%20aplikasi.', 0, '2026-06-13 06:04:04.651243', '2026-06-13 06:04:04.651243'),
	(179, 17, 'event', 'Absensi Jogging tanggal 13 Jun 2026', 'Absensi telah diinput admin untuk kegiatan "Jogging" di Flamboyan Jogging. Cek riwayat kamu di aplikasi.', 'https://wa.me/6282218532348?text=Absensi%20telah%20diinput%20admin%20untuk%20kegiatan%20%22Jogging%22%20di%20Flamboyan%20Jogging.%20Cek%20riwayat%20kamu%20di%20aplikasi.', 0, '2026-06-13 06:04:04.814347', '2026-06-13 06:04:04.814347'),
	(180, 20, 'event', 'Absensi Jogging tanggal 13 Jun 2026', 'Absensi telah diinput admin untuk kegiatan "Jogging" di Flamboyan Jogging. Cek riwayat kamu di aplikasi.', 'https://wa.me/6287822615464?text=Absensi%20telah%20diinput%20admin%20untuk%20kegiatan%20%22Jogging%22%20di%20Flamboyan%20Jogging.%20Cek%20riwayat%20kamu%20di%20aplikasi.', 0, '2026-06-13 06:04:04.895272', '2026-06-13 06:04:04.895272'),
	(181, 21, 'event', 'Absensi Jogging tanggal 13 Jun 2026', 'Absensi telah diinput admin untuk kegiatan "Jogging" di Flamboyan Jogging. Cek riwayat kamu di aplikasi.', '/', 0, '2026-06-13 06:04:04.977535', '2026-06-13 06:04:04.977535'),
	(165, 2, 'event', 'Absensi Jogging tanggal 13 Jun 2026', 'Absensi telah diinput admin untuk kegiatan "Jogging" di Flamboyan Jogging. Cek riwayat kamu di aplikasi.', 'https://wa.me/6281386369207?text=Absensi%20telah%20diinput%20admin%20untuk%20kegiatan%20%22Jogging%22%20di%20Flamboyan%20Jogging.%20Cek%20riwayat%20kamu%20di%20aplikasi.', 1, '2026-06-13 06:04:03.669499', '2026-06-13 06:04:03.669499'),
	(143, 2, 'event', 'Absensi Jogging tanggal 13 Jun 2026', 'Absensi telah diinput admin untuk kegiatan "Jogging" di Flamboyan Jogging. Cek riwayat kamu di aplikasi.', 'https://wa.me/6281386369207?text=Absensi%20telah%20diinput%20admin%20untuk%20kegiatan%20%22Jogging%22%20di%20Flamboyan%20Jogging.%20Cek%20riwayat%20kamu%20di%20aplikasi.', 1, '2026-06-13 05:40:59.746836', '2026-06-13 05:40:59.746836'),
	(121, 2, 'event', 'Absensi Jogging tanggal 13 Jun 2026', 'Absensi telah diinput admin untuk kegiatan "Jogging" di Flamboyan Jogging. Cek riwayat kamu di aplikasi.', 'https://wa.me/6281386369207?text=Absensi%20telah%20diinput%20admin%20untuk%20kegiatan%20%22Jogging%22%20di%20Flamboyan%20Jogging.%20Cek%20riwayat%20kamu%20di%20aplikasi.', 1, '2026-06-13 05:40:36.723484', '2026-06-13 05:40:36.723484'),
	(190, 5, 'event', 'Absensi Jogging tanggal 13 Jun 2026', 'Absensi telah diinput admin untuk kegiatan "Jogging" di Flamboyan Jogging. Cek riwayat kamu di aplikasi.', 'https://wa.me/6289525429272?text=Absensi%20telah%20diinput%20admin%20untuk%20kegiatan%20%22Jogging%22%20di%20Flamboyan%20Jogging.%20Cek%20riwayat%20kamu%20di%20aplikasi.', 0, '2026-06-13 07:56:15.851442', '2026-06-13 07:56:15.851442'),
	(191, 6, 'event', 'Absensi Jogging tanggal 13 Jun 2026', 'Absensi telah diinput admin untuk kegiatan "Jogging" di Flamboyan Jogging. Cek riwayat kamu di aplikasi.', 'https://wa.me/6282316481216?text=Absensi%20telah%20diinput%20admin%20untuk%20kegiatan%20%22Jogging%22%20di%20Flamboyan%20Jogging.%20Cek%20riwayat%20kamu%20di%20aplikasi.', 0, '2026-06-13 07:56:15.932051', '2026-06-13 07:56:15.932051'),
	(192, 7, 'event', 'Absensi Jogging tanggal 13 Jun 2026', 'Absensi telah diinput admin untuk kegiatan "Jogging" di Flamboyan Jogging. Cek riwayat kamu di aplikasi.', 'https://wa.me/6285814120846?text=Absensi%20telah%20diinput%20admin%20untuk%20kegiatan%20%22Jogging%22%20di%20Flamboyan%20Jogging.%20Cek%20riwayat%20kamu%20di%20aplikasi.', 0, '2026-06-13 07:56:16.012704', '2026-06-13 07:56:16.012704'),
	(188, 3, 'event', 'Absensi Jogging tanggal 13 Jun 2026', 'Absensi telah diinput admin untuk kegiatan "Jogging" di Flamboyan Jogging. Cek riwayat kamu di aplikasi.', 'https://wa.me/6281369248630?text=Absensi%20telah%20diinput%20admin%20untuk%20kegiatan%20%22Jogging%22%20di%20Flamboyan%20Jogging.%20Cek%20riwayat%20kamu%20di%20aplikasi.', 1, '2026-06-13 07:56:15.688483', '2026-06-13 07:56:15.688483'),
	(251, 5, 'event', 'Absensi Badminton tanggal 20 Jun 2026', 'Absensi telah diinput admin untuk kegiatan "Badminton" di GOR Mayasari. Cek riwayat kamu di aplikasi.', 'https://wa.me/6289525429272?text=Absensi%20telah%20diinput%20admin%20untuk%20kegiatan%20%22Badminton%22%20di%20GOR%20Mayasari.%20Cek%20riwayat%20kamu%20di%20aplikasi.', 0, '2026-06-16 15:30:37.672972', '2026-06-16 15:30:37.672972'),
	(252, 6, 'event', 'Absensi Badminton tanggal 20 Jun 2026', 'Absensi telah diinput admin untuk kegiatan "Badminton" di GOR Mayasari. Cek riwayat kamu di aplikasi.', 'https://wa.me/6282316481216?text=Absensi%20telah%20diinput%20admin%20untuk%20kegiatan%20%22Badminton%22%20di%20GOR%20Mayasari.%20Cek%20riwayat%20kamu%20di%20aplikasi.', 0, '2026-06-16 15:30:37.753997', '2026-06-16 15:30:37.753997'),
	(253, 7, 'event', 'Absensi Badminton tanggal 20 Jun 2026', 'Absensi telah diinput admin untuk kegiatan "Badminton" di GOR Mayasari. Cek riwayat kamu di aplikasi.', 'https://wa.me/6285814120846?text=Absensi%20telah%20diinput%20admin%20untuk%20kegiatan%20%22Badminton%22%20di%20GOR%20Mayasari.%20Cek%20riwayat%20kamu%20di%20aplikasi.', 0, '2026-06-16 15:30:37.835305', '2026-06-16 15:30:37.835305'),
	(176, 14, 'event', 'Absensi Jogging tanggal 13 Jun 2026', 'Absensi telah diinput admin untuk kegiatan "Jogging" di Flamboyan Jogging. Cek riwayat kamu di aplikasi.', 'https://wa.me/6287854972839?text=Absensi%20telah%20diinput%20admin%20untuk%20kegiatan%20%22Jogging%22%20di%20Flamboyan%20Jogging.%20Cek%20riwayat%20kamu%20di%20aplikasi.', 1, '2026-06-13 06:04:04.568505', '2026-06-13 06:04:04.568505'),
	(193, 8, 'event', 'Absensi Jogging tanggal 13 Jun 2026', 'Absensi telah diinput admin untuk kegiatan "Jogging" di Flamboyan Jogging. Cek riwayat kamu di aplikasi.', 'https://wa.me/6282184381823?text=Absensi%20telah%20diinput%20admin%20untuk%20kegiatan%20%22Jogging%22%20di%20Flamboyan%20Jogging.%20Cek%20riwayat%20kamu%20di%20aplikasi.', 0, '2026-06-13 07:56:16.094229', '2026-06-13 07:56:16.094229'),
	(194, 9, 'event', 'Absensi Jogging tanggal 13 Jun 2026', 'Absensi telah diinput admin untuk kegiatan "Jogging" di Flamboyan Jogging. Cek riwayat kamu di aplikasi.', 'https://wa.me/6289502639933?text=Absensi%20telah%20diinput%20admin%20untuk%20kegiatan%20%22Jogging%22%20di%20Flamboyan%20Jogging.%20Cek%20riwayat%20kamu%20di%20aplikasi.', 0, '2026-06-13 07:56:16.174628', '2026-06-13 07:56:16.174628'),
	(195, 10, 'event', 'Absensi Jogging tanggal 13 Jun 2026', 'Absensi telah diinput admin untuk kegiatan "Jogging" di Flamboyan Jogging. Cek riwayat kamu di aplikasi.', 'https://wa.me/6282320781890?text=Absensi%20telah%20diinput%20admin%20untuk%20kegiatan%20%22Jogging%22%20di%20Flamboyan%20Jogging.%20Cek%20riwayat%20kamu%20di%20aplikasi.', 0, '2026-06-13 07:56:16.254495', '2026-06-13 07:56:16.254495'),
	(196, 11, 'event', 'Absensi Jogging tanggal 13 Jun 2026', 'Absensi telah diinput admin untuk kegiatan "Jogging" di Flamboyan Jogging. Cek riwayat kamu di aplikasi.', 'https://wa.me/6285691767966?text=Absensi%20telah%20diinput%20admin%20untuk%20kegiatan%20%22Jogging%22%20di%20Flamboyan%20Jogging.%20Cek%20riwayat%20kamu%20di%20aplikasi.', 0, '2026-06-13 07:56:16.335243', '2026-06-13 07:56:16.335243'),
	(197, 13, 'event', 'Absensi Jogging tanggal 13 Jun 2026', 'Absensi telah diinput admin untuk kegiatan "Jogging" di Flamboyan Jogging. Cek riwayat kamu di aplikasi.', 'https://wa.me/6281223450704?text=Absensi%20telah%20diinput%20admin%20untuk%20kegiatan%20%22Jogging%22%20di%20Flamboyan%20Jogging.%20Cek%20riwayat%20kamu%20di%20aplikasi.', 0, '2026-06-13 07:56:16.414817', '2026-06-13 07:56:16.414817'),
	(430, 11, 'event', 'Absensi Renang tanggal 19 Jun 2026', 'Absensi telah diinput admin untuk kegiatan "Renang" di Kolam Renang BSD. Cek riwayat kamu di aplikasi.', 'https://wa.me/6285691767966?text=Absensi%20telah%20diinput%20admin%20untuk%20kegiatan%20%22Renang%22%20di%20Kolam%20Renang%20BSD.%20Cek%20riwayat%20kamu%20di%20aplikasi.', 0, '2026-06-19 13:42:23.876806', '2026-06-19 13:42:23.876806'),
	(199, 15, 'event', 'Absensi Jogging tanggal 13 Jun 2026', 'Absensi telah diinput admin untuk kegiatan "Jogging" di Flamboyan Jogging. Cek riwayat kamu di aplikasi.', 'https://wa.me/6282117100115?text=Absensi%20telah%20diinput%20admin%20untuk%20kegiatan%20%22Jogging%22%20di%20Flamboyan%20Jogging.%20Cek%20riwayat%20kamu%20di%20aplikasi.', 0, '2026-06-13 07:56:16.575905', '2026-06-13 07:56:16.575905'),
	(201, 17, 'event', 'Absensi Jogging tanggal 13 Jun 2026', 'Absensi telah diinput admin untuk kegiatan "Jogging" di Flamboyan Jogging. Cek riwayat kamu di aplikasi.', 'https://wa.me/6282218532348?text=Absensi%20telah%20diinput%20admin%20untuk%20kegiatan%20%22Jogging%22%20di%20Flamboyan%20Jogging.%20Cek%20riwayat%20kamu%20di%20aplikasi.', 0, '2026-06-13 07:56:16.736883', '2026-06-13 07:56:16.736883'),
	(202, 20, 'event', 'Absensi Jogging tanggal 13 Jun 2026', 'Absensi telah diinput admin untuk kegiatan "Jogging" di Flamboyan Jogging. Cek riwayat kamu di aplikasi.', 'https://wa.me/6287822615464?text=Absensi%20telah%20diinput%20admin%20untuk%20kegiatan%20%22Jogging%22%20di%20Flamboyan%20Jogging.%20Cek%20riwayat%20kamu%20di%20aplikasi.', 0, '2026-06-13 07:56:16.817098', '2026-06-13 07:56:16.817098'),
	(203, 21, 'event', 'Absensi Jogging tanggal 13 Jun 2026', 'Absensi telah diinput admin untuk kegiatan "Jogging" di Flamboyan Jogging. Cek riwayat kamu di aplikasi.', '/', 0, '2026-06-13 07:56:16.897417', '2026-06-13 07:56:16.897417'),
	(187, 2, 'event', 'Absensi Jogging tanggal 13 Jun 2026', 'Absensi telah diinput admin untuk kegiatan "Jogging" di Flamboyan Jogging. Cek riwayat kamu di aplikasi.', 'https://wa.me/6281386369207?text=Absensi%20telah%20diinput%20admin%20untuk%20kegiatan%20%22Jogging%22%20di%20Flamboyan%20Jogging.%20Cek%20riwayat%20kamu%20di%20aplikasi.', 1, '2026-06-13 07:56:15.606066', '2026-06-13 07:56:15.606066'),
	(212, 5, 'event', 'Absensi Jogging tanggal 13 Jun 2026', 'Absensi telah diinput admin untuk kegiatan "Jogging" di Flamboyan Jogging. Cek riwayat kamu di aplikasi.', 'https://wa.me/6289525429272?text=Absensi%20telah%20diinput%20admin%20untuk%20kegiatan%20%22Jogging%22%20di%20Flamboyan%20Jogging.%20Cek%20riwayat%20kamu%20di%20aplikasi.', 0, '2026-06-13 12:57:15.424897', '2026-06-13 12:57:15.424897'),
	(213, 6, 'event', 'Absensi Jogging tanggal 13 Jun 2026', 'Absensi telah diinput admin untuk kegiatan "Jogging" di Flamboyan Jogging. Cek riwayat kamu di aplikasi.', 'https://wa.me/6282316481216?text=Absensi%20telah%20diinput%20admin%20untuk%20kegiatan%20%22Jogging%22%20di%20Flamboyan%20Jogging.%20Cek%20riwayat%20kamu%20di%20aplikasi.', 0, '2026-06-13 12:57:15.508554', '2026-06-13 12:57:15.508554'),
	(214, 7, 'event', 'Absensi Jogging tanggal 13 Jun 2026', 'Absensi telah diinput admin untuk kegiatan "Jogging" di Flamboyan Jogging. Cek riwayat kamu di aplikasi.', 'https://wa.me/6285814120846?text=Absensi%20telah%20diinput%20admin%20untuk%20kegiatan%20%22Jogging%22%20di%20Flamboyan%20Jogging.%20Cek%20riwayat%20kamu%20di%20aplikasi.', 0, '2026-06-13 12:57:15.590087', '2026-06-13 12:57:15.590087'),
	(215, 8, 'event', 'Absensi Jogging tanggal 13 Jun 2026', 'Absensi telah diinput admin untuk kegiatan "Jogging" di Flamboyan Jogging. Cek riwayat kamu di aplikasi.', 'https://wa.me/6282184381823?text=Absensi%20telah%20diinput%20admin%20untuk%20kegiatan%20%22Jogging%22%20di%20Flamboyan%20Jogging.%20Cek%20riwayat%20kamu%20di%20aplikasi.', 0, '2026-06-13 12:57:15.671607', '2026-06-13 12:57:15.671607'),
	(209, 2, 'event', 'Absensi Jogging tanggal 13 Jun 2026', 'Absensi telah diinput admin untuk kegiatan "Jogging" di Flamboyan Jogging. Cek riwayat kamu di aplikasi.', 'https://wa.me/6281386369207?text=Absensi%20telah%20diinput%20admin%20untuk%20kegiatan%20%22Jogging%22%20di%20Flamboyan%20Jogging.%20Cek%20riwayat%20kamu%20di%20aplikasi.', 1, '2026-06-13 12:57:15.179975', '2026-06-13 12:57:15.179975'),
	(210, 3, 'event', 'Absensi Jogging tanggal 13 Jun 2026', 'Absensi telah diinput admin untuk kegiatan "Jogging" di Flamboyan Jogging. Cek riwayat kamu di aplikasi.', 'https://wa.me/6281369248630?text=Absensi%20telah%20diinput%20admin%20untuk%20kegiatan%20%22Jogging%22%20di%20Flamboyan%20Jogging.%20Cek%20riwayat%20kamu%20di%20aplikasi.', 1, '2026-06-13 12:57:15.262031', '2026-06-13 12:57:15.262031'),
	(254, 8, 'event', 'Absensi Badminton tanggal 20 Jun 2026', 'Absensi telah diinput admin untuk kegiatan "Badminton" di GOR Mayasari. Cek riwayat kamu di aplikasi.', 'https://wa.me/6282184381823?text=Absensi%20telah%20diinput%20admin%20untuk%20kegiatan%20%22Badminton%22%20di%20GOR%20Mayasari.%20Cek%20riwayat%20kamu%20di%20aplikasi.', 0, '2026-06-16 15:30:37.916488', '2026-06-16 15:30:37.916488'),
	(255, 9, 'event', 'Absensi Badminton tanggal 20 Jun 2026', 'Absensi telah diinput admin untuk kegiatan "Badminton" di GOR Mayasari. Cek riwayat kamu di aplikasi.', 'https://wa.me/6289502639933?text=Absensi%20telah%20diinput%20admin%20untuk%20kegiatan%20%22Badminton%22%20di%20GOR%20Mayasari.%20Cek%20riwayat%20kamu%20di%20aplikasi.', 0, '2026-06-16 15:30:38.003001', '2026-06-16 15:30:38.003001'),
	(198, 14, 'event', 'Absensi Jogging tanggal 13 Jun 2026', 'Absensi telah diinput admin untuk kegiatan "Jogging" di Flamboyan Jogging. Cek riwayat kamu di aplikasi.', 'https://wa.me/6287854972839?text=Absensi%20telah%20diinput%20admin%20untuk%20kegiatan%20%22Jogging%22%20di%20Flamboyan%20Jogging.%20Cek%20riwayat%20kamu%20di%20aplikasi.', 1, '2026-06-13 07:56:16.495934', '2026-06-13 07:56:16.495934'),
	(216, 9, 'event', 'Absensi Jogging tanggal 13 Jun 2026', 'Absensi telah diinput admin untuk kegiatan "Jogging" di Flamboyan Jogging. Cek riwayat kamu di aplikasi.', 'https://wa.me/6289502639933?text=Absensi%20telah%20diinput%20admin%20untuk%20kegiatan%20%22Jogging%22%20di%20Flamboyan%20Jogging.%20Cek%20riwayat%20kamu%20di%20aplikasi.', 0, '2026-06-13 12:57:15.752859', '2026-06-13 12:57:15.752859'),
	(217, 10, 'event', 'Absensi Jogging tanggal 13 Jun 2026', 'Absensi telah diinput admin untuk kegiatan "Jogging" di Flamboyan Jogging. Cek riwayat kamu di aplikasi.', 'https://wa.me/6282320781890?text=Absensi%20telah%20diinput%20admin%20untuk%20kegiatan%20%22Jogging%22%20di%20Flamboyan%20Jogging.%20Cek%20riwayat%20kamu%20di%20aplikasi.', 0, '2026-06-13 12:57:15.835095', '2026-06-13 12:57:15.835095'),
	(218, 11, 'event', 'Absensi Jogging tanggal 13 Jun 2026', 'Absensi telah diinput admin untuk kegiatan "Jogging" di Flamboyan Jogging. Cek riwayat kamu di aplikasi.', 'https://wa.me/6285691767966?text=Absensi%20telah%20diinput%20admin%20untuk%20kegiatan%20%22Jogging%22%20di%20Flamboyan%20Jogging.%20Cek%20riwayat%20kamu%20di%20aplikasi.', 0, '2026-06-13 12:57:15.916292', '2026-06-13 12:57:15.916292'),
	(219, 13, 'event', 'Absensi Jogging tanggal 13 Jun 2026', 'Absensi telah diinput admin untuk kegiatan "Jogging" di Flamboyan Jogging. Cek riwayat kamu di aplikasi.', 'https://wa.me/6281223450704?text=Absensi%20telah%20diinput%20admin%20untuk%20kegiatan%20%22Jogging%22%20di%20Flamboyan%20Jogging.%20Cek%20riwayat%20kamu%20di%20aplikasi.', 0, '2026-06-13 12:57:15.997465', '2026-06-13 12:57:15.997465'),
	(221, 15, 'event', 'Absensi Jogging tanggal 13 Jun 2026', 'Absensi telah diinput admin untuk kegiatan "Jogging" di Flamboyan Jogging. Cek riwayat kamu di aplikasi.', 'https://wa.me/6282117100115?text=Absensi%20telah%20diinput%20admin%20untuk%20kegiatan%20%22Jogging%22%20di%20Flamboyan%20Jogging.%20Cek%20riwayat%20kamu%20di%20aplikasi.', 0, '2026-06-13 12:57:16.160159', '2026-06-13 12:57:16.160159'),
	(223, 17, 'event', 'Absensi Jogging tanggal 13 Jun 2026', 'Absensi telah diinput admin untuk kegiatan "Jogging" di Flamboyan Jogging. Cek riwayat kamu di aplikasi.', 'https://wa.me/6282218532348?text=Absensi%20telah%20diinput%20admin%20untuk%20kegiatan%20%22Jogging%22%20di%20Flamboyan%20Jogging.%20Cek%20riwayat%20kamu%20di%20aplikasi.', 0, '2026-06-13 12:57:16.323548', '2026-06-13 12:57:16.323548'),
	(224, 20, 'event', 'Absensi Jogging tanggal 13 Jun 2026', 'Absensi telah diinput admin untuk kegiatan "Jogging" di Flamboyan Jogging. Cek riwayat kamu di aplikasi.', 'https://wa.me/6287822615464?text=Absensi%20telah%20diinput%20admin%20untuk%20kegiatan%20%22Jogging%22%20di%20Flamboyan%20Jogging.%20Cek%20riwayat%20kamu%20di%20aplikasi.', 0, '2026-06-13 12:57:16.404557', '2026-06-13 12:57:16.404557'),
	(225, 21, 'event', 'Absensi Jogging tanggal 13 Jun 2026', 'Absensi telah diinput admin untuk kegiatan "Jogging" di Flamboyan Jogging. Cek riwayat kamu di aplikasi.', '/', 0, '2026-06-13 12:57:16.485763', '2026-06-13 12:57:16.485763'),
	(431, 13, 'event', 'Absensi Renang tanggal 19 Jun 2026', 'Absensi telah diinput admin untuk kegiatan "Renang" di Kolam Renang BSD. Cek riwayat kamu di aplikasi.', 'https://wa.me/6281223450704?text=Absensi%20telah%20diinput%20admin%20untuk%20kegiatan%20%22Renang%22%20di%20Kolam%20Renang%20BSD.%20Cek%20riwayat%20kamu%20di%20aplikasi.', 0, '2026-06-19 13:42:23.957033', '2026-06-19 13:42:23.957033'),
	(432, 14, 'event', 'Absensi Renang tanggal 19 Jun 2026', 'Absensi telah diinput admin untuk kegiatan "Renang" di Kolam Renang BSD. Cek riwayat kamu di aplikasi.', 'https://wa.me/6287854972839?text=Absensi%20telah%20diinput%20admin%20untuk%20kegiatan%20%22Renang%22%20di%20Kolam%20Renang%20BSD.%20Cek%20riwayat%20kamu%20di%20aplikasi.', 0, '2026-06-19 13:42:24.072618', '2026-06-19 13:42:24.072618'),
	(117, 3, 'event', 'Absensi Badminton tanggal 02 Jun 2026', 'Absensi telah diinput admin untuk kegiatan "Badminton" di GOR Gaza. Cek riwayat kamu di aplikasi.', 'https://wa.me/6281369248630?text=Absensi%20telah%20diinput%20admin%20untuk%20kegiatan%20%22Badminton%22%20di%20GOR%20Gaza.%20Cek%20riwayat%20kamu%20di%20aplikasi.', 1, '2026-06-05 20:20:50.293472', '2026-06-05 20:20:50.293472'),
	(232, 3, 'event', 'Absensi Badminton tanggal 20 Jun 2026', 'Absensi telah diinput admin untuk kegiatan "Badminton" di GOR Mayasari. Cek riwayat kamu di aplikasi.', 'https://wa.me/6281369248630?text=Absensi%20telah%20diinput%20admin%20untuk%20kegiatan%20%22Badminton%22%20di%20GOR%20Mayasari.%20Cek%20riwayat%20kamu%20di%20aplikasi.', 0, '2026-06-16 15:30:20.426559', '2026-06-16 15:30:20.426559'),
	(234, 5, 'event', 'Absensi Badminton tanggal 20 Jun 2026', 'Absensi telah diinput admin untuk kegiatan "Badminton" di GOR Mayasari. Cek riwayat kamu di aplikasi.', 'https://wa.me/6289525429272?text=Absensi%20telah%20diinput%20admin%20untuk%20kegiatan%20%22Badminton%22%20di%20GOR%20Mayasari.%20Cek%20riwayat%20kamu%20di%20aplikasi.', 0, '2026-06-16 15:30:20.612287', '2026-06-16 15:30:20.612287'),
	(235, 6, 'event', 'Absensi Badminton tanggal 20 Jun 2026', 'Absensi telah diinput admin untuk kegiatan "Badminton" di GOR Mayasari. Cek riwayat kamu di aplikasi.', 'https://wa.me/6282316481216?text=Absensi%20telah%20diinput%20admin%20untuk%20kegiatan%20%22Badminton%22%20di%20GOR%20Mayasari.%20Cek%20riwayat%20kamu%20di%20aplikasi.', 0, '2026-06-16 15:30:20.693099', '2026-06-16 15:30:20.693099'),
	(236, 7, 'event', 'Absensi Badminton tanggal 20 Jun 2026', 'Absensi telah diinput admin untuk kegiatan "Badminton" di GOR Mayasari. Cek riwayat kamu di aplikasi.', 'https://wa.me/6285814120846?text=Absensi%20telah%20diinput%20admin%20untuk%20kegiatan%20%22Badminton%22%20di%20GOR%20Mayasari.%20Cek%20riwayat%20kamu%20di%20aplikasi.', 0, '2026-06-16 15:30:20.773961', '2026-06-16 15:30:20.773961'),
	(237, 8, 'event', 'Absensi Badminton tanggal 20 Jun 2026', 'Absensi telah diinput admin untuk kegiatan "Badminton" di GOR Mayasari. Cek riwayat kamu di aplikasi.', 'https://wa.me/6282184381823?text=Absensi%20telah%20diinput%20admin%20untuk%20kegiatan%20%22Badminton%22%20di%20GOR%20Mayasari.%20Cek%20riwayat%20kamu%20di%20aplikasi.', 0, '2026-06-16 15:30:20.854781', '2026-06-16 15:30:20.854781'),
	(238, 9, 'event', 'Absensi Badminton tanggal 20 Jun 2026', 'Absensi telah diinput admin untuk kegiatan "Badminton" di GOR Mayasari. Cek riwayat kamu di aplikasi.', 'https://wa.me/6289502639933?text=Absensi%20telah%20diinput%20admin%20untuk%20kegiatan%20%22Badminton%22%20di%20GOR%20Mayasari.%20Cek%20riwayat%20kamu%20di%20aplikasi.', 0, '2026-06-16 15:30:20.938007', '2026-06-16 15:30:20.938007'),
	(249, 3, 'event', 'Absensi Badminton tanggal 20 Jun 2026', 'Absensi telah diinput admin untuk kegiatan "Badminton" di GOR Mayasari. Cek riwayat kamu di aplikasi.', 'https://wa.me/6281369248630?text=Absensi%20telah%20diinput%20admin%20untuk%20kegiatan%20%22Badminton%22%20di%20GOR%20Mayasari.%20Cek%20riwayat%20kamu%20di%20aplikasi.', 0, '2026-06-16 15:30:37.506491', '2026-06-16 15:30:37.506491'),
	(222, 16, 'event', 'Absensi Jogging tanggal 13 Jun 2026', 'Absensi telah diinput admin untuk kegiatan "Jogging" di Flamboyan Jogging. Cek riwayat kamu di aplikasi.', 'https://wa.me/6282118785024?text=Absensi%20telah%20diinput%20admin%20untuk%20kegiatan%20%22Jogging%22%20di%20Flamboyan%20Jogging.%20Cek%20riwayat%20kamu%20di%20aplikasi.', 1, '2026-06-13 12:57:16.241707', '2026-06-13 12:57:16.241707'),
	(220, 14, 'event', 'Absensi Jogging tanggal 13 Jun 2026', 'Absensi telah diinput admin untuk kegiatan "Jogging" di Flamboyan Jogging. Cek riwayat kamu di aplikasi.', 'https://wa.me/6287854972839?text=Absensi%20telah%20diinput%20admin%20untuk%20kegiatan%20%22Jogging%22%20di%20Flamboyan%20Jogging.%20Cek%20riwayat%20kamu%20di%20aplikasi.', 1, '2026-06-13 12:57:16.078923', '2026-06-13 12:57:16.078923'),
	(256, 10, 'event', 'Absensi Badminton tanggal 20 Jun 2026', 'Absensi telah diinput admin untuk kegiatan "Badminton" di GOR Mayasari. Cek riwayat kamu di aplikasi.', 'https://wa.me/6282320781890?text=Absensi%20telah%20diinput%20admin%20untuk%20kegiatan%20%22Badminton%22%20di%20GOR%20Mayasari.%20Cek%20riwayat%20kamu%20di%20aplikasi.', 0, '2026-06-16 15:30:38.084001', '2026-06-16 15:30:38.084001'),
	(257, 11, 'event', 'Absensi Badminton tanggal 20 Jun 2026', 'Absensi telah diinput admin untuk kegiatan "Badminton" di GOR Mayasari. Cek riwayat kamu di aplikasi.', 'https://wa.me/6285691767966?text=Absensi%20telah%20diinput%20admin%20untuk%20kegiatan%20%22Badminton%22%20di%20GOR%20Mayasari.%20Cek%20riwayat%20kamu%20di%20aplikasi.', 0, '2026-06-16 15:30:38.166503', '2026-06-16 15:30:38.166503'),
	(258, 13, 'event', 'Absensi Badminton tanggal 20 Jun 2026', 'Absensi telah diinput admin untuk kegiatan "Badminton" di GOR Mayasari. Cek riwayat kamu di aplikasi.', 'https://wa.me/6281223450704?text=Absensi%20telah%20diinput%20admin%20untuk%20kegiatan%20%22Badminton%22%20di%20GOR%20Mayasari.%20Cek%20riwayat%20kamu%20di%20aplikasi.', 0, '2026-06-16 15:30:38.247279', '2026-06-16 15:30:38.247279'),
	(260, 15, 'event', 'Absensi Badminton tanggal 20 Jun 2026', 'Absensi telah diinput admin untuk kegiatan "Badminton" di GOR Mayasari. Cek riwayat kamu di aplikasi.', 'https://wa.me/6282117100115?text=Absensi%20telah%20diinput%20admin%20untuk%20kegiatan%20%22Badminton%22%20di%20GOR%20Mayasari.%20Cek%20riwayat%20kamu%20di%20aplikasi.', 0, '2026-06-16 15:30:38.410412', '2026-06-16 15:30:38.410412'),
	(433, 15, 'event', 'Absensi Renang tanggal 19 Jun 2026', 'Absensi telah diinput admin untuk kegiatan "Renang" di Kolam Renang BSD. Cek riwayat kamu di aplikasi.', 'https://wa.me/6282117100115?text=Absensi%20telah%20diinput%20admin%20untuk%20kegiatan%20%22Renang%22%20di%20Kolam%20Renang%20BSD.%20Cek%20riwayat%20kamu%20di%20aplikasi.', 0, '2026-06-19 13:42:24.152827', '2026-06-19 13:42:24.152827'),
	(262, 17, 'event', 'Absensi Badminton tanggal 20 Jun 2026', 'Absensi telah diinput admin untuk kegiatan "Badminton" di GOR Mayasari. Cek riwayat kamu di aplikasi.', 'https://wa.me/6282218532348?text=Absensi%20telah%20diinput%20admin%20untuk%20kegiatan%20%22Badminton%22%20di%20GOR%20Mayasari.%20Cek%20riwayat%20kamu%20di%20aplikasi.', 0, '2026-06-16 15:30:38.572326', '2026-06-16 15:30:38.572326'),
	(263, 20, 'event', 'Absensi Badminton tanggal 20 Jun 2026', 'Absensi telah diinput admin untuk kegiatan "Badminton" di GOR Mayasari. Cek riwayat kamu di aplikasi.', 'https://wa.me/6287822615464?text=Absensi%20telah%20diinput%20admin%20untuk%20kegiatan%20%22Badminton%22%20di%20GOR%20Mayasari.%20Cek%20riwayat%20kamu%20di%20aplikasi.', 0, '2026-06-16 15:30:38.652824', '2026-06-16 15:30:38.652824'),
	(264, 21, 'event', 'Absensi Badminton tanggal 20 Jun 2026', 'Absensi telah diinput admin untuk kegiatan "Badminton" di GOR Mayasari. Cek riwayat kamu di aplikasi.', '/', 0, '2026-06-16 15:30:38.734081', '2026-06-16 15:30:38.734081'),
	(434, 16, 'event', 'Absensi Renang tanggal 19 Jun 2026', 'Absensi telah diinput admin untuk kegiatan "Renang" di Kolam Renang BSD. Cek riwayat kamu di aplikasi.', 'https://wa.me/6282118785024?text=Absensi%20telah%20diinput%20admin%20untuk%20kegiatan%20%22Renang%22%20di%20Kolam%20Renang%20BSD.%20Cek%20riwayat%20kamu%20di%20aplikasi.', 0, '2026-06-19 13:42:24.232993', '2026-06-19 13:42:24.232993'),
	(266, 3, 'event', 'Absensi Badminton tanggal 20 Jun 2026', 'Absensi telah diinput admin untuk kegiatan "Badminton" di GOR Mayasari. Cek riwayat kamu di aplikasi.', 'https://wa.me/6281369248630?text=Absensi%20telah%20diinput%20admin%20untuk%20kegiatan%20%22Badminton%22%20di%20GOR%20Mayasari.%20Cek%20riwayat%20kamu%20di%20aplikasi.', 0, '2026-06-16 15:31:14.404103', '2026-06-16 15:31:14.404103'),
	(268, 5, 'event', 'Absensi Badminton tanggal 20 Jun 2026', 'Absensi telah diinput admin untuk kegiatan "Badminton" di GOR Mayasari. Cek riwayat kamu di aplikasi.', 'https://wa.me/6289525429272?text=Absensi%20telah%20diinput%20admin%20untuk%20kegiatan%20%22Badminton%22%20di%20GOR%20Mayasari.%20Cek%20riwayat%20kamu%20di%20aplikasi.', 0, '2026-06-16 15:31:14.568769', '2026-06-16 15:31:14.568769'),
	(269, 6, 'event', 'Absensi Badminton tanggal 20 Jun 2026', 'Absensi telah diinput admin untuk kegiatan "Badminton" di GOR Mayasari. Cek riwayat kamu di aplikasi.', 'https://wa.me/6282316481216?text=Absensi%20telah%20diinput%20admin%20untuk%20kegiatan%20%22Badminton%22%20di%20GOR%20Mayasari.%20Cek%20riwayat%20kamu%20di%20aplikasi.', 0, '2026-06-16 15:31:14.650982', '2026-06-16 15:31:14.650982'),
	(270, 7, 'event', 'Absensi Badminton tanggal 20 Jun 2026', 'Absensi telah diinput admin untuk kegiatan "Badminton" di GOR Mayasari. Cek riwayat kamu di aplikasi.', 'https://wa.me/6285814120846?text=Absensi%20telah%20diinput%20admin%20untuk%20kegiatan%20%22Badminton%22%20di%20GOR%20Mayasari.%20Cek%20riwayat%20kamu%20di%20aplikasi.', 0, '2026-06-16 15:31:14.733987', '2026-06-16 15:31:14.733987'),
	(271, 8, 'event', 'Absensi Badminton tanggal 20 Jun 2026', 'Absensi telah diinput admin untuk kegiatan "Badminton" di GOR Mayasari. Cek riwayat kamu di aplikasi.', 'https://wa.me/6282184381823?text=Absensi%20telah%20diinput%20admin%20untuk%20kegiatan%20%22Badminton%22%20di%20GOR%20Mayasari.%20Cek%20riwayat%20kamu%20di%20aplikasi.', 0, '2026-06-16 15:31:14.816543', '2026-06-16 15:31:14.816543'),
	(272, 9, 'event', 'Absensi Badminton tanggal 20 Jun 2026', 'Absensi telah diinput admin untuk kegiatan "Badminton" di GOR Mayasari. Cek riwayat kamu di aplikasi.', 'https://wa.me/6289502639933?text=Absensi%20telah%20diinput%20admin%20untuk%20kegiatan%20%22Badminton%22%20di%20GOR%20Mayasari.%20Cek%20riwayat%20kamu%20di%20aplikasi.', 0, '2026-06-16 15:31:14.898609', '2026-06-16 15:31:14.898609'),
	(273, 10, 'event', 'Absensi Badminton tanggal 20 Jun 2026', 'Absensi telah diinput admin untuk kegiatan "Badminton" di GOR Mayasari. Cek riwayat kamu di aplikasi.', 'https://wa.me/6282320781890?text=Absensi%20telah%20diinput%20admin%20untuk%20kegiatan%20%22Badminton%22%20di%20GOR%20Mayasari.%20Cek%20riwayat%20kamu%20di%20aplikasi.', 0, '2026-06-16 15:31:14.981218', '2026-06-16 15:31:14.981218'),
	(274, 11, 'event', 'Absensi Badminton tanggal 20 Jun 2026', 'Absensi telah diinput admin untuk kegiatan "Badminton" di GOR Mayasari. Cek riwayat kamu di aplikasi.', 'https://wa.me/6285691767966?text=Absensi%20telah%20diinput%20admin%20untuk%20kegiatan%20%22Badminton%22%20di%20GOR%20Mayasari.%20Cek%20riwayat%20kamu%20di%20aplikasi.', 0, '2026-06-16 15:31:15.063416', '2026-06-16 15:31:15.063416'),
	(275, 13, 'event', 'Absensi Badminton tanggal 20 Jun 2026', 'Absensi telah diinput admin untuk kegiatan "Badminton" di GOR Mayasari. Cek riwayat kamu di aplikasi.', 'https://wa.me/6281223450704?text=Absensi%20telah%20diinput%20admin%20untuk%20kegiatan%20%22Badminton%22%20di%20GOR%20Mayasari.%20Cek%20riwayat%20kamu%20di%20aplikasi.', 0, '2026-06-16 15:31:15.145771', '2026-06-16 15:31:15.145771'),
	(277, 15, 'event', 'Absensi Badminton tanggal 20 Jun 2026', 'Absensi telah diinput admin untuk kegiatan "Badminton" di GOR Mayasari. Cek riwayat kamu di aplikasi.', 'https://wa.me/6282117100115?text=Absensi%20telah%20diinput%20admin%20untuk%20kegiatan%20%22Badminton%22%20di%20GOR%20Mayasari.%20Cek%20riwayat%20kamu%20di%20aplikasi.', 0, '2026-06-16 15:31:15.310086', '2026-06-16 15:31:15.310086'),
	(261, 16, 'event', 'Absensi Badminton tanggal 20 Jun 2026', 'Absensi telah diinput admin untuk kegiatan "Badminton" di GOR Mayasari. Cek riwayat kamu di aplikasi.', 'https://wa.me/6282118785024?text=Absensi%20telah%20diinput%20admin%20untuk%20kegiatan%20%22Badminton%22%20di%20GOR%20Mayasari.%20Cek%20riwayat%20kamu%20di%20aplikasi.', 1, '2026-06-16 15:30:38.491111', '2026-06-16 15:30:38.491111'),
	(276, 14, 'event', 'Absensi Badminton tanggal 20 Jun 2026', 'Absensi telah diinput admin untuk kegiatan "Badminton" di GOR Mayasari. Cek riwayat kamu di aplikasi.', 'https://wa.me/6287854972839?text=Absensi%20telah%20diinput%20admin%20untuk%20kegiatan%20%22Badminton%22%20di%20GOR%20Mayasari.%20Cek%20riwayat%20kamu%20di%20aplikasi.', 1, '2026-06-16 15:31:15.227855', '2026-06-16 15:31:15.227855'),
	(279, 17, 'event', 'Absensi Badminton tanggal 20 Jun 2026', 'Absensi telah diinput admin untuk kegiatan "Badminton" di GOR Mayasari. Cek riwayat kamu di aplikasi.', 'https://wa.me/6282218532348?text=Absensi%20telah%20diinput%20admin%20untuk%20kegiatan%20%22Badminton%22%20di%20GOR%20Mayasari.%20Cek%20riwayat%20kamu%20di%20aplikasi.', 0, '2026-06-16 15:31:15.477279', '2026-06-16 15:31:15.477279'),
	(280, 20, 'event', 'Absensi Badminton tanggal 20 Jun 2026', 'Absensi telah diinput admin untuk kegiatan "Badminton" di GOR Mayasari. Cek riwayat kamu di aplikasi.', 'https://wa.me/6287822615464?text=Absensi%20telah%20diinput%20admin%20untuk%20kegiatan%20%22Badminton%22%20di%20GOR%20Mayasari.%20Cek%20riwayat%20kamu%20di%20aplikasi.', 0, '2026-06-16 15:31:15.559874', '2026-06-16 15:31:15.559874'),
	(281, 21, 'event', 'Absensi Badminton tanggal 20 Jun 2026', 'Absensi telah diinput admin untuk kegiatan "Badminton" di GOR Mayasari. Cek riwayat kamu di aplikasi.', '/', 0, '2026-06-16 15:31:15.643121', '2026-06-16 15:31:15.643121'),
	(435, 17, 'event', 'Absensi Renang tanggal 19 Jun 2026', 'Absensi telah diinput admin untuk kegiatan "Renang" di Kolam Renang BSD. Cek riwayat kamu di aplikasi.', 'https://wa.me/6282218532348?text=Absensi%20telah%20diinput%20admin%20untuk%20kegiatan%20%22Renang%22%20di%20Kolam%20Renang%20BSD.%20Cek%20riwayat%20kamu%20di%20aplikasi.', 0, '2026-06-19 13:42:24.312848', '2026-06-19 13:42:24.312848'),
	(283, 3, 'event', 'Absensi Badminton tanggal 20 Jun 2026', 'Absensi telah diinput admin untuk kegiatan "Badminton" di GOR Mayasari. Cek riwayat kamu di aplikasi.', 'https://wa.me/6281369248630?text=Absensi%20telah%20diinput%20admin%20untuk%20kegiatan%20%22Badminton%22%20di%20GOR%20Mayasari.%20Cek%20riwayat%20kamu%20di%20aplikasi.', 0, '2026-06-16 15:31:31.945805', '2026-06-16 15:31:31.945805'),
	(285, 5, 'event', 'Absensi Badminton tanggal 20 Jun 2026', 'Absensi telah diinput admin untuk kegiatan "Badminton" di GOR Mayasari. Cek riwayat kamu di aplikasi.', 'https://wa.me/6289525429272?text=Absensi%20telah%20diinput%20admin%20untuk%20kegiatan%20%22Badminton%22%20di%20GOR%20Mayasari.%20Cek%20riwayat%20kamu%20di%20aplikasi.', 0, '2026-06-16 15:31:32.170427', '2026-06-16 15:31:32.170427'),
	(286, 6, 'event', 'Absensi Badminton tanggal 20 Jun 2026', 'Absensi telah diinput admin untuk kegiatan "Badminton" di GOR Mayasari. Cek riwayat kamu di aplikasi.', 'https://wa.me/6282316481216?text=Absensi%20telah%20diinput%20admin%20untuk%20kegiatan%20%22Badminton%22%20di%20GOR%20Mayasari.%20Cek%20riwayat%20kamu%20di%20aplikasi.', 0, '2026-06-16 15:31:32.277722', '2026-06-16 15:31:32.277722'),
	(287, 7, 'event', 'Absensi Badminton tanggal 20 Jun 2026', 'Absensi telah diinput admin untuk kegiatan "Badminton" di GOR Mayasari. Cek riwayat kamu di aplikasi.', 'https://wa.me/6285814120846?text=Absensi%20telah%20diinput%20admin%20untuk%20kegiatan%20%22Badminton%22%20di%20GOR%20Mayasari.%20Cek%20riwayat%20kamu%20di%20aplikasi.', 0, '2026-06-16 15:31:32.384608', '2026-06-16 15:31:32.384608'),
	(288, 8, 'event', 'Absensi Badminton tanggal 20 Jun 2026', 'Absensi telah diinput admin untuk kegiatan "Badminton" di GOR Mayasari. Cek riwayat kamu di aplikasi.', 'https://wa.me/6282184381823?text=Absensi%20telah%20diinput%20admin%20untuk%20kegiatan%20%22Badminton%22%20di%20GOR%20Mayasari.%20Cek%20riwayat%20kamu%20di%20aplikasi.', 0, '2026-06-16 15:31:32.491661', '2026-06-16 15:31:32.491661'),
	(289, 9, 'event', 'Absensi Badminton tanggal 20 Jun 2026', 'Absensi telah diinput admin untuk kegiatan "Badminton" di GOR Mayasari. Cek riwayat kamu di aplikasi.', 'https://wa.me/6289502639933?text=Absensi%20telah%20diinput%20admin%20untuk%20kegiatan%20%22Badminton%22%20di%20GOR%20Mayasari.%20Cek%20riwayat%20kamu%20di%20aplikasi.', 0, '2026-06-16 15:31:32.598992', '2026-06-16 15:31:32.598992'),
	(290, 10, 'event', 'Absensi Badminton tanggal 20 Jun 2026', 'Absensi telah diinput admin untuk kegiatan "Badminton" di GOR Mayasari. Cek riwayat kamu di aplikasi.', 'https://wa.me/6282320781890?text=Absensi%20telah%20diinput%20admin%20untuk%20kegiatan%20%22Badminton%22%20di%20GOR%20Mayasari.%20Cek%20riwayat%20kamu%20di%20aplikasi.', 0, '2026-06-16 15:31:32.706016', '2026-06-16 15:31:32.706016'),
	(291, 11, 'event', 'Absensi Badminton tanggal 20 Jun 2026', 'Absensi telah diinput admin untuk kegiatan "Badminton" di GOR Mayasari. Cek riwayat kamu di aplikasi.', 'https://wa.me/6285691767966?text=Absensi%20telah%20diinput%20admin%20untuk%20kegiatan%20%22Badminton%22%20di%20GOR%20Mayasari.%20Cek%20riwayat%20kamu%20di%20aplikasi.', 0, '2026-06-16 15:31:32.813137', '2026-06-16 15:31:32.813137'),
	(292, 13, 'event', 'Absensi Badminton tanggal 20 Jun 2026', 'Absensi telah diinput admin untuk kegiatan "Badminton" di GOR Mayasari. Cek riwayat kamu di aplikasi.', 'https://wa.me/6281223450704?text=Absensi%20telah%20diinput%20admin%20untuk%20kegiatan%20%22Badminton%22%20di%20GOR%20Mayasari.%20Cek%20riwayat%20kamu%20di%20aplikasi.', 0, '2026-06-16 15:31:32.920007', '2026-06-16 15:31:32.920007'),
	(436, 20, 'event', 'Absensi Renang tanggal 19 Jun 2026', 'Absensi telah diinput admin untuk kegiatan "Renang" di Kolam Renang BSD. Cek riwayat kamu di aplikasi.', 'https://wa.me/6287822615464?text=Absensi%20telah%20diinput%20admin%20untuk%20kegiatan%20%22Renang%22%20di%20Kolam%20Renang%20BSD.%20Cek%20riwayat%20kamu%20di%20aplikasi.', 0, '2026-06-19 13:42:24.401001', '2026-06-19 13:42:24.401001'),
	(294, 15, 'event', 'Absensi Badminton tanggal 20 Jun 2026', 'Absensi telah diinput admin untuk kegiatan "Badminton" di GOR Mayasari. Cek riwayat kamu di aplikasi.', 'https://wa.me/6282117100115?text=Absensi%20telah%20diinput%20admin%20untuk%20kegiatan%20%22Badminton%22%20di%20GOR%20Mayasari.%20Cek%20riwayat%20kamu%20di%20aplikasi.', 0, '2026-06-16 15:31:33.134263', '2026-06-16 15:31:33.134263'),
	(437, 21, 'event', 'Absensi Renang tanggal 19 Jun 2026', 'Absensi telah diinput admin untuk kegiatan "Renang" di Kolam Renang BSD. Cek riwayat kamu di aplikasi.', '/', 0, '2026-06-19 13:42:24.48474', '2026-06-19 13:42:24.48474'),
	(296, 17, 'event', 'Absensi Badminton tanggal 20 Jun 2026', 'Absensi telah diinput admin untuk kegiatan "Badminton" di GOR Mayasari. Cek riwayat kamu di aplikasi.', 'https://wa.me/6282218532348?text=Absensi%20telah%20diinput%20admin%20untuk%20kegiatan%20%22Badminton%22%20di%20GOR%20Mayasari.%20Cek%20riwayat%20kamu%20di%20aplikasi.', 0, '2026-06-16 15:31:33.348438', '2026-06-16 15:31:33.348438'),
	(297, 20, 'event', 'Absensi Badminton tanggal 20 Jun 2026', 'Absensi telah diinput admin untuk kegiatan "Badminton" di GOR Mayasari. Cek riwayat kamu di aplikasi.', 'https://wa.me/6287822615464?text=Absensi%20telah%20diinput%20admin%20untuk%20kegiatan%20%22Badminton%22%20di%20GOR%20Mayasari.%20Cek%20riwayat%20kamu%20di%20aplikasi.', 0, '2026-06-16 15:31:33.455239', '2026-06-16 15:31:33.455239'),
	(298, 21, 'event', 'Absensi Badminton tanggal 20 Jun 2026', 'Absensi telah diinput admin untuk kegiatan "Badminton" di GOR Mayasari. Cek riwayat kamu di aplikasi.', '/', 0, '2026-06-16 15:31:33.562035', '2026-06-16 15:31:33.562035'),
	(282, 2, 'event', 'Absensi Badminton tanggal 20 Jun 2026', 'Absensi telah diinput admin untuk kegiatan "Badminton" di GOR Mayasari. Cek riwayat kamu di aplikasi.', 'https://wa.me/6281386369207?text=Absensi%20telah%20diinput%20admin%20untuk%20kegiatan%20%22Badminton%22%20di%20GOR%20Mayasari.%20Cek%20riwayat%20kamu%20di%20aplikasi.', 1, '2026-06-16 15:31:31.836925', '2026-06-16 15:31:31.836925'),
	(295, 16, 'event', 'Absensi Badminton tanggal 20 Jun 2026', 'Absensi telah diinput admin untuk kegiatan "Badminton" di GOR Mayasari. Cek riwayat kamu di aplikasi.', 'https://wa.me/6282118785024?text=Absensi%20telah%20diinput%20admin%20untuk%20kegiatan%20%22Badminton%22%20di%20GOR%20Mayasari.%20Cek%20riwayat%20kamu%20di%20aplikasi.', 1, '2026-06-16 15:31:33.241328', '2026-06-16 15:31:33.241328'),
	(293, 14, 'event', 'Absensi Badminton tanggal 20 Jun 2026', 'Absensi telah diinput admin untuk kegiatan "Badminton" di GOR Mayasari. Cek riwayat kamu di aplikasi.', 'https://wa.me/6287854972839?text=Absensi%20telah%20diinput%20admin%20untuk%20kegiatan%20%22Badminton%22%20di%20GOR%20Mayasari.%20Cek%20riwayat%20kamu%20di%20aplikasi.', 1, '2026-06-16 15:31:33.02742', '2026-06-16 15:31:33.02742'),
	(265, 2, 'event', 'Absensi Badminton tanggal 20 Jun 2026', 'Absensi telah diinput admin untuk kegiatan "Badminton" di GOR Mayasari. Cek riwayat kamu di aplikasi.', 'https://wa.me/6281386369207?text=Absensi%20telah%20diinput%20admin%20untuk%20kegiatan%20%22Badminton%22%20di%20GOR%20Mayasari.%20Cek%20riwayat%20kamu%20di%20aplikasi.', 1, '2026-06-16 15:31:14.321219', '2026-06-16 15:31:14.321219'),
	(248, 2, 'event', 'Absensi Badminton tanggal 20 Jun 2026', 'Absensi telah diinput admin untuk kegiatan "Badminton" di GOR Mayasari. Cek riwayat kamu di aplikasi.', 'https://wa.me/6281386369207?text=Absensi%20telah%20diinput%20admin%20untuk%20kegiatan%20%22Badminton%22%20di%20GOR%20Mayasari.%20Cek%20riwayat%20kamu%20di%20aplikasi.', 1, '2026-06-16 15:30:37.424406', '2026-06-16 15:30:37.424406'),
	(231, 2, 'event', 'Absensi Badminton tanggal 20 Jun 2026', 'Absensi telah diinput admin untuk kegiatan "Badminton" di GOR Mayasari. Cek riwayat kamu di aplikasi.', 'https://wa.me/6281386369207?text=Absensi%20telah%20diinput%20admin%20untuk%20kegiatan%20%22Badminton%22%20di%20GOR%20Mayasari.%20Cek%20riwayat%20kamu%20di%20aplikasi.', 1, '2026-06-16 15:30:20.343511', '2026-06-16 15:30:20.343511'),
	(300, 3, 'event', 'Absensi Badminton tanggal 20 Jun 2026', 'Absensi telah diinput admin untuk kegiatan "Badminton" di GOR Mayasari. Cek riwayat kamu di aplikasi.', 'https://wa.me/6281369248630?text=Absensi%20telah%20diinput%20admin%20untuk%20kegiatan%20%22Badminton%22%20di%20GOR%20Mayasari.%20Cek%20riwayat%20kamu%20di%20aplikasi.', 0, '2026-06-16 15:33:45.376046', '2026-06-16 15:33:45.376046'),
	(302, 5, 'event', 'Absensi Badminton tanggal 20 Jun 2026', 'Absensi telah diinput admin untuk kegiatan "Badminton" di GOR Mayasari. Cek riwayat kamu di aplikasi.', 'https://wa.me/6289525429272?text=Absensi%20telah%20diinput%20admin%20untuk%20kegiatan%20%22Badminton%22%20di%20GOR%20Mayasari.%20Cek%20riwayat%20kamu%20di%20aplikasi.', 0, '2026-06-16 15:33:45.536967', '2026-06-16 15:33:45.536967'),
	(303, 6, 'event', 'Absensi Badminton tanggal 20 Jun 2026', 'Absensi telah diinput admin untuk kegiatan "Badminton" di GOR Mayasari. Cek riwayat kamu di aplikasi.', 'https://wa.me/6282316481216?text=Absensi%20telah%20diinput%20admin%20untuk%20kegiatan%20%22Badminton%22%20di%20GOR%20Mayasari.%20Cek%20riwayat%20kamu%20di%20aplikasi.', 0, '2026-06-16 15:33:45.616901', '2026-06-16 15:33:45.616901'),
	(304, 7, 'event', 'Absensi Badminton tanggal 20 Jun 2026', 'Absensi telah diinput admin untuk kegiatan "Badminton" di GOR Mayasari. Cek riwayat kamu di aplikasi.', 'https://wa.me/6285814120846?text=Absensi%20telah%20diinput%20admin%20untuk%20kegiatan%20%22Badminton%22%20di%20GOR%20Mayasari.%20Cek%20riwayat%20kamu%20di%20aplikasi.', 0, '2026-06-16 15:33:45.697341', '2026-06-16 15:33:45.697341'),
	(305, 8, 'event', 'Absensi Badminton tanggal 20 Jun 2026', 'Absensi telah diinput admin untuk kegiatan "Badminton" di GOR Mayasari. Cek riwayat kamu di aplikasi.', 'https://wa.me/6282184381823?text=Absensi%20telah%20diinput%20admin%20untuk%20kegiatan%20%22Badminton%22%20di%20GOR%20Mayasari.%20Cek%20riwayat%20kamu%20di%20aplikasi.', 0, '2026-06-16 15:33:45.777292', '2026-06-16 15:33:45.777292'),
	(306, 9, 'event', 'Absensi Badminton tanggal 20 Jun 2026', 'Absensi telah diinput admin untuk kegiatan "Badminton" di GOR Mayasari. Cek riwayat kamu di aplikasi.', 'https://wa.me/6289502639933?text=Absensi%20telah%20diinput%20admin%20untuk%20kegiatan%20%22Badminton%22%20di%20GOR%20Mayasari.%20Cek%20riwayat%20kamu%20di%20aplikasi.', 0, '2026-06-16 15:33:45.857146', '2026-06-16 15:33:45.857146'),
	(307, 10, 'event', 'Absensi Badminton tanggal 20 Jun 2026', 'Absensi telah diinput admin untuk kegiatan "Badminton" di GOR Mayasari. Cek riwayat kamu di aplikasi.', 'https://wa.me/6282320781890?text=Absensi%20telah%20diinput%20admin%20untuk%20kegiatan%20%22Badminton%22%20di%20GOR%20Mayasari.%20Cek%20riwayat%20kamu%20di%20aplikasi.', 0, '2026-06-16 15:33:45.937099', '2026-06-16 15:33:45.937099'),
	(308, 11, 'event', 'Absensi Badminton tanggal 20 Jun 2026', 'Absensi telah diinput admin untuk kegiatan "Badminton" di GOR Mayasari. Cek riwayat kamu di aplikasi.', 'https://wa.me/6285691767966?text=Absensi%20telah%20diinput%20admin%20untuk%20kegiatan%20%22Badminton%22%20di%20GOR%20Mayasari.%20Cek%20riwayat%20kamu%20di%20aplikasi.', 0, '2026-06-16 15:33:46.017106', '2026-06-16 15:33:46.017106'),
	(309, 13, 'event', 'Absensi Badminton tanggal 20 Jun 2026', 'Absensi telah diinput admin untuk kegiatan "Badminton" di GOR Mayasari. Cek riwayat kamu di aplikasi.', 'https://wa.me/6281223450704?text=Absensi%20telah%20diinput%20admin%20untuk%20kegiatan%20%22Badminton%22%20di%20GOR%20Mayasari.%20Cek%20riwayat%20kamu%20di%20aplikasi.', 0, '2026-06-16 15:33:46.097143', '2026-06-16 15:33:46.097143'),
	(421, 2, 'event', 'Absensi Renang tanggal 19 Jun 2026', 'Absensi telah diinput admin untuk kegiatan "Renang" di Kolam Renang BSD. Cek riwayat kamu di aplikasi.', 'https://wa.me/6281386369207?text=Absensi%20telah%20diinput%20admin%20untuk%20kegiatan%20%22Renang%22%20di%20Kolam%20Renang%20BSD.%20Cek%20riwayat%20kamu%20di%20aplikasi.', 1, '2026-06-19 13:42:23.153062', '2026-06-19 13:42:23.153062'),
	(311, 15, 'event', 'Absensi Badminton tanggal 20 Jun 2026', 'Absensi telah diinput admin untuk kegiatan "Badminton" di GOR Mayasari. Cek riwayat kamu di aplikasi.', 'https://wa.me/6282117100115?text=Absensi%20telah%20diinput%20admin%20untuk%20kegiatan%20%22Badminton%22%20di%20GOR%20Mayasari.%20Cek%20riwayat%20kamu%20di%20aplikasi.', 0, '2026-06-16 15:33:46.25713', '2026-06-16 15:33:46.25713'),
	(313, 17, 'event', 'Absensi Badminton tanggal 20 Jun 2026', 'Absensi telah diinput admin untuk kegiatan "Badminton" di GOR Mayasari. Cek riwayat kamu di aplikasi.', 'https://wa.me/6282218532348?text=Absensi%20telah%20diinput%20admin%20untuk%20kegiatan%20%22Badminton%22%20di%20GOR%20Mayasari.%20Cek%20riwayat%20kamu%20di%20aplikasi.', 0, '2026-06-16 15:33:46.417169', '2026-06-16 15:33:46.417169'),
	(314, 20, 'event', 'Absensi Badminton tanggal 20 Jun 2026', 'Absensi telah diinput admin untuk kegiatan "Badminton" di GOR Mayasari. Cek riwayat kamu di aplikasi.', 'https://wa.me/6287822615464?text=Absensi%20telah%20diinput%20admin%20untuk%20kegiatan%20%22Badminton%22%20di%20GOR%20Mayasari.%20Cek%20riwayat%20kamu%20di%20aplikasi.', 0, '2026-06-16 15:33:46.496988', '2026-06-16 15:33:46.496988'),
	(315, 21, 'event', 'Absensi Badminton tanggal 20 Jun 2026', 'Absensi telah diinput admin untuk kegiatan "Badminton" di GOR Mayasari. Cek riwayat kamu di aplikasi.', '/', 0, '2026-06-16 15:33:46.577162', '2026-06-16 15:33:46.577162'),
	(299, 2, 'event', 'Absensi Badminton tanggal 20 Jun 2026', 'Absensi telah diinput admin untuk kegiatan "Badminton" di GOR Mayasari. Cek riwayat kamu di aplikasi.', 'https://wa.me/6281386369207?text=Absensi%20telah%20diinput%20admin%20untuk%20kegiatan%20%22Badminton%22%20di%20GOR%20Mayasari.%20Cek%20riwayat%20kamu%20di%20aplikasi.', 1, '2026-06-16 15:33:45.293958', '2026-06-16 15:33:45.293958'),
	(317, 3, 'event', 'Absensi Badminton tanggal 16 Jun 2026', 'Absensi telah diinput admin untuk kegiatan "Badminton" di GOR Gaza. Cek riwayat kamu di aplikasi.', 'https://wa.me/6281369248630?text=Absensi%20telah%20diinput%20admin%20untuk%20kegiatan%20%22Badminton%22%20di%20GOR%20Gaza.%20Cek%20riwayat%20kamu%20di%20aplikasi.', 0, '2026-06-16 15:35:15.302236', '2026-06-16 15:35:15.302236'),
	(312, 16, 'event', 'Absensi Badminton tanggal 20 Jun 2026', 'Absensi telah diinput admin untuk kegiatan "Badminton" di GOR Mayasari. Cek riwayat kamu di aplikasi.', 'https://wa.me/6282118785024?text=Absensi%20telah%20diinput%20admin%20untuk%20kegiatan%20%22Badminton%22%20di%20GOR%20Mayasari.%20Cek%20riwayat%20kamu%20di%20aplikasi.', 1, '2026-06-16 15:33:46.33716', '2026-06-16 15:33:46.33716'),
	(310, 14, 'event', 'Absensi Badminton tanggal 20 Jun 2026', 'Absensi telah diinput admin untuk kegiatan "Badminton" di GOR Mayasari. Cek riwayat kamu di aplikasi.', 'https://wa.me/6287854972839?text=Absensi%20telah%20diinput%20admin%20untuk%20kegiatan%20%22Badminton%22%20di%20GOR%20Mayasari.%20Cek%20riwayat%20kamu%20di%20aplikasi.', 1, '2026-06-16 15:33:46.177066', '2026-06-16 15:33:46.177066'),
	(319, 5, 'event', 'Absensi Badminton tanggal 16 Jun 2026', 'Absensi telah diinput admin untuk kegiatan "Badminton" di GOR Gaza. Cek riwayat kamu di aplikasi.', 'https://wa.me/6289525429272?text=Absensi%20telah%20diinput%20admin%20untuk%20kegiatan%20%22Badminton%22%20di%20GOR%20Gaza.%20Cek%20riwayat%20kamu%20di%20aplikasi.', 0, '2026-06-16 15:35:15.514777', '2026-06-16 15:35:15.514777'),
	(320, 6, 'event', 'Absensi Badminton tanggal 16 Jun 2026', 'Absensi telah diinput admin untuk kegiatan "Badminton" di GOR Gaza. Cek riwayat kamu di aplikasi.', 'https://wa.me/6282316481216?text=Absensi%20telah%20diinput%20admin%20untuk%20kegiatan%20%22Badminton%22%20di%20GOR%20Gaza.%20Cek%20riwayat%20kamu%20di%20aplikasi.', 0, '2026-06-16 15:35:15.621116', '2026-06-16 15:35:15.621116'),
	(321, 7, 'event', 'Absensi Badminton tanggal 16 Jun 2026', 'Absensi telah diinput admin untuk kegiatan "Badminton" di GOR Gaza. Cek riwayat kamu di aplikasi.', 'https://wa.me/6285814120846?text=Absensi%20telah%20diinput%20admin%20untuk%20kegiatan%20%22Badminton%22%20di%20GOR%20Gaza.%20Cek%20riwayat%20kamu%20di%20aplikasi.', 0, '2026-06-16 15:35:15.730857', '2026-06-16 15:35:15.730857'),
	(322, 8, 'event', 'Absensi Badminton tanggal 16 Jun 2026', 'Absensi telah diinput admin untuk kegiatan "Badminton" di GOR Gaza. Cek riwayat kamu di aplikasi.', 'https://wa.me/6282184381823?text=Absensi%20telah%20diinput%20admin%20untuk%20kegiatan%20%22Badminton%22%20di%20GOR%20Gaza.%20Cek%20riwayat%20kamu%20di%20aplikasi.', 0, '2026-06-16 15:35:15.837997', '2026-06-16 15:35:15.837997'),
	(323, 9, 'event', 'Absensi Badminton tanggal 16 Jun 2026', 'Absensi telah diinput admin untuk kegiatan "Badminton" di GOR Gaza. Cek riwayat kamu di aplikasi.', 'https://wa.me/6289502639933?text=Absensi%20telah%20diinput%20admin%20untuk%20kegiatan%20%22Badminton%22%20di%20GOR%20Gaza.%20Cek%20riwayat%20kamu%20di%20aplikasi.', 0, '2026-06-16 15:35:15.946007', '2026-06-16 15:35:15.946007'),
	(324, 10, 'event', 'Absensi Badminton tanggal 16 Jun 2026', 'Absensi telah diinput admin untuk kegiatan "Badminton" di GOR Gaza. Cek riwayat kamu di aplikasi.', 'https://wa.me/6282320781890?text=Absensi%20telah%20diinput%20admin%20untuk%20kegiatan%20%22Badminton%22%20di%20GOR%20Gaza.%20Cek%20riwayat%20kamu%20di%20aplikasi.', 0, '2026-06-16 15:35:16.053059', '2026-06-16 15:35:16.053059'),
	(325, 11, 'event', 'Absensi Badminton tanggal 16 Jun 2026', 'Absensi telah diinput admin untuk kegiatan "Badminton" di GOR Gaza. Cek riwayat kamu di aplikasi.', 'https://wa.me/6285691767966?text=Absensi%20telah%20diinput%20admin%20untuk%20kegiatan%20%22Badminton%22%20di%20GOR%20Gaza.%20Cek%20riwayat%20kamu%20di%20aplikasi.', 0, '2026-06-16 15:35:16.15956', '2026-06-16 15:35:16.15956'),
	(326, 13, 'event', 'Absensi Badminton tanggal 16 Jun 2026', 'Absensi telah diinput admin untuk kegiatan "Badminton" di GOR Gaza. Cek riwayat kamu di aplikasi.', 'https://wa.me/6281223450704?text=Absensi%20telah%20diinput%20admin%20untuk%20kegiatan%20%22Badminton%22%20di%20GOR%20Gaza.%20Cek%20riwayat%20kamu%20di%20aplikasi.', 0, '2026-06-16 15:35:16.265826', '2026-06-16 15:35:16.265826'),
	(328, 15, 'event', 'Absensi Badminton tanggal 16 Jun 2026', 'Absensi telah diinput admin untuk kegiatan "Badminton" di GOR Gaza. Cek riwayat kamu di aplikasi.', 'https://wa.me/6282117100115?text=Absensi%20telah%20diinput%20admin%20untuk%20kegiatan%20%22Badminton%22%20di%20GOR%20Gaza.%20Cek%20riwayat%20kamu%20di%20aplikasi.', 0, '2026-06-16 15:35:16.47835', '2026-06-16 15:35:16.47835'),
	(330, 17, 'event', 'Absensi Badminton tanggal 16 Jun 2026', 'Absensi telah diinput admin untuk kegiatan "Badminton" di GOR Gaza. Cek riwayat kamu di aplikasi.', 'https://wa.me/6282218532348?text=Absensi%20telah%20diinput%20admin%20untuk%20kegiatan%20%22Badminton%22%20di%20GOR%20Gaza.%20Cek%20riwayat%20kamu%20di%20aplikasi.', 0, '2026-06-16 15:35:16.691855', '2026-06-16 15:35:16.691855'),
	(331, 20, 'event', 'Absensi Badminton tanggal 16 Jun 2026', 'Absensi telah diinput admin untuk kegiatan "Badminton" di GOR Gaza. Cek riwayat kamu di aplikasi.', 'https://wa.me/6287822615464?text=Absensi%20telah%20diinput%20admin%20untuk%20kegiatan%20%22Badminton%22%20di%20GOR%20Gaza.%20Cek%20riwayat%20kamu%20di%20aplikasi.', 0, '2026-06-16 15:35:16.79777', '2026-06-16 15:35:16.79777'),
	(332, 21, 'event', 'Absensi Badminton tanggal 16 Jun 2026', 'Absensi telah diinput admin untuk kegiatan "Badminton" di GOR Gaza. Cek riwayat kamu di aplikasi.', '/', 0, '2026-06-16 15:35:16.903699', '2026-06-16 15:35:16.903699'),
	(439, 3, 'event', 'Absensi Renang tanggal 19 Jun 2026', 'Absensi telah diinput admin untuk kegiatan "Renang" di Kolam Renang BSD. Cek riwayat kamu di aplikasi.', 'https://wa.me/6281369248630?text=Absensi%20telah%20diinput%20admin%20untuk%20kegiatan%20%22Renang%22%20di%20Kolam%20Renang%20BSD.%20Cek%20riwayat%20kamu%20di%20aplikasi.', 0, '2026-06-19 18:07:16.433698', '2026-06-19 18:07:16.433698'),
	(334, 3, 'event', 'Absensi Badminton tanggal 16 Jun 2026', 'Absensi telah diinput admin untuk kegiatan "Badminton" di GOR Gaza. Cek riwayat kamu di aplikasi.', 'https://wa.me/6281369248630?text=Absensi%20telah%20diinput%20admin%20untuk%20kegiatan%20%22Badminton%22%20di%20GOR%20Gaza.%20Cek%20riwayat%20kamu%20di%20aplikasi.', 0, '2026-06-16 15:37:18.316021', '2026-06-16 15:37:18.316021'),
	(336, 5, 'event', 'Absensi Badminton tanggal 16 Jun 2026', 'Absensi telah diinput admin untuk kegiatan "Badminton" di GOR Gaza. Cek riwayat kamu di aplikasi.', 'https://wa.me/6289525429272?text=Absensi%20telah%20diinput%20admin%20untuk%20kegiatan%20%22Badminton%22%20di%20GOR%20Gaza.%20Cek%20riwayat%20kamu%20di%20aplikasi.', 0, '2026-06-16 15:37:18.505046', '2026-06-16 15:37:18.505046'),
	(337, 6, 'event', 'Absensi Badminton tanggal 16 Jun 2026', 'Absensi telah diinput admin untuk kegiatan "Badminton" di GOR Gaza. Cek riwayat kamu di aplikasi.', 'https://wa.me/6282316481216?text=Absensi%20telah%20diinput%20admin%20untuk%20kegiatan%20%22Badminton%22%20di%20GOR%20Gaza.%20Cek%20riwayat%20kamu%20di%20aplikasi.', 0, '2026-06-16 15:37:18.584499', '2026-06-16 15:37:18.584499'),
	(338, 7, 'event', 'Absensi Badminton tanggal 16 Jun 2026', 'Absensi telah diinput admin untuk kegiatan "Badminton" di GOR Gaza. Cek riwayat kamu di aplikasi.', 'https://wa.me/6285814120846?text=Absensi%20telah%20diinput%20admin%20untuk%20kegiatan%20%22Badminton%22%20di%20GOR%20Gaza.%20Cek%20riwayat%20kamu%20di%20aplikasi.', 0, '2026-06-16 15:37:18.663505', '2026-06-16 15:37:18.663505'),
	(339, 8, 'event', 'Absensi Badminton tanggal 16 Jun 2026', 'Absensi telah diinput admin untuk kegiatan "Badminton" di GOR Gaza. Cek riwayat kamu di aplikasi.', 'https://wa.me/6282184381823?text=Absensi%20telah%20diinput%20admin%20untuk%20kegiatan%20%22Badminton%22%20di%20GOR%20Gaza.%20Cek%20riwayat%20kamu%20di%20aplikasi.', 0, '2026-06-16 15:37:18.742362', '2026-06-16 15:37:18.742362'),
	(329, 16, 'event', 'Absensi Badminton tanggal 16 Jun 2026', 'Absensi telah diinput admin untuk kegiatan "Badminton" di GOR Gaza. Cek riwayat kamu di aplikasi.', 'https://wa.me/6282118785024?text=Absensi%20telah%20diinput%20admin%20untuk%20kegiatan%20%22Badminton%22%20di%20GOR%20Gaza.%20Cek%20riwayat%20kamu%20di%20aplikasi.', 1, '2026-06-16 15:35:16.584453', '2026-06-16 15:35:16.584453'),
	(327, 14, 'event', 'Absensi Badminton tanggal 16 Jun 2026', 'Absensi telah diinput admin untuk kegiatan "Badminton" di GOR Gaza. Cek riwayat kamu di aplikasi.', 'https://wa.me/6287854972839?text=Absensi%20telah%20diinput%20admin%20untuk%20kegiatan%20%22Badminton%22%20di%20GOR%20Gaza.%20Cek%20riwayat%20kamu%20di%20aplikasi.', 1, '2026-06-16 15:35:16.372003', '2026-06-16 15:35:16.372003'),
	(335, 4, 'event', 'Absensi Badminton tanggal 16 Jun 2026', 'Absensi telah diinput admin untuk kegiatan "Badminton" di GOR Gaza. Cek riwayat kamu di aplikasi.', 'https://wa.me/62895337148803?text=Absensi%20telah%20diinput%20admin%20untuk%20kegiatan%20%22Badminton%22%20di%20GOR%20Gaza.%20Cek%20riwayat%20kamu%20di%20aplikasi.', 1, '2026-06-16 15:37:18.395104', '2026-06-16 15:37:18.395104'),
	(340, 9, 'event', 'Absensi Badminton tanggal 16 Jun 2026', 'Absensi telah diinput admin untuk kegiatan "Badminton" di GOR Gaza. Cek riwayat kamu di aplikasi.', 'https://wa.me/6289502639933?text=Absensi%20telah%20diinput%20admin%20untuk%20kegiatan%20%22Badminton%22%20di%20GOR%20Gaza.%20Cek%20riwayat%20kamu%20di%20aplikasi.', 0, '2026-06-16 15:37:18.821555', '2026-06-16 15:37:18.821555'),
	(341, 10, 'event', 'Absensi Badminton tanggal 16 Jun 2026', 'Absensi telah diinput admin untuk kegiatan "Badminton" di GOR Gaza. Cek riwayat kamu di aplikasi.', 'https://wa.me/6282320781890?text=Absensi%20telah%20diinput%20admin%20untuk%20kegiatan%20%22Badminton%22%20di%20GOR%20Gaza.%20Cek%20riwayat%20kamu%20di%20aplikasi.', 0, '2026-06-16 15:37:18.900816', '2026-06-16 15:37:18.900816'),
	(342, 11, 'event', 'Absensi Badminton tanggal 16 Jun 2026', 'Absensi telah diinput admin untuk kegiatan "Badminton" di GOR Gaza. Cek riwayat kamu di aplikasi.', 'https://wa.me/6285691767966?text=Absensi%20telah%20diinput%20admin%20untuk%20kegiatan%20%22Badminton%22%20di%20GOR%20Gaza.%20Cek%20riwayat%20kamu%20di%20aplikasi.', 0, '2026-06-16 15:37:18.979605', '2026-06-16 15:37:18.979605'),
	(343, 13, 'event', 'Absensi Badminton tanggal 16 Jun 2026', 'Absensi telah diinput admin untuk kegiatan "Badminton" di GOR Gaza. Cek riwayat kamu di aplikasi.', 'https://wa.me/6281223450704?text=Absensi%20telah%20diinput%20admin%20untuk%20kegiatan%20%22Badminton%22%20di%20GOR%20Gaza.%20Cek%20riwayat%20kamu%20di%20aplikasi.', 0, '2026-06-16 15:37:19.058615', '2026-06-16 15:37:19.058615'),
	(345, 15, 'event', 'Absensi Badminton tanggal 16 Jun 2026', 'Absensi telah diinput admin untuk kegiatan "Badminton" di GOR Gaza. Cek riwayat kamu di aplikasi.', 'https://wa.me/6282117100115?text=Absensi%20telah%20diinput%20admin%20untuk%20kegiatan%20%22Badminton%22%20di%20GOR%20Gaza.%20Cek%20riwayat%20kamu%20di%20aplikasi.', 0, '2026-06-16 15:37:19.226219', '2026-06-16 15:37:19.226219'),
	(347, 17, 'event', 'Absensi Badminton tanggal 16 Jun 2026', 'Absensi telah diinput admin untuk kegiatan "Badminton" di GOR Gaza. Cek riwayat kamu di aplikasi.', 'https://wa.me/6282218532348?text=Absensi%20telah%20diinput%20admin%20untuk%20kegiatan%20%22Badminton%22%20di%20GOR%20Gaza.%20Cek%20riwayat%20kamu%20di%20aplikasi.', 0, '2026-06-16 15:37:19.383775', '2026-06-16 15:37:19.383775'),
	(348, 20, 'event', 'Absensi Badminton tanggal 16 Jun 2026', 'Absensi telah diinput admin untuk kegiatan "Badminton" di GOR Gaza. Cek riwayat kamu di aplikasi.', 'https://wa.me/6287822615464?text=Absensi%20telah%20diinput%20admin%20untuk%20kegiatan%20%22Badminton%22%20di%20GOR%20Gaza.%20Cek%20riwayat%20kamu%20di%20aplikasi.', 0, '2026-06-16 15:37:19.463139', '2026-06-16 15:37:19.463139'),
	(349, 21, 'event', 'Absensi Badminton tanggal 16 Jun 2026', 'Absensi telah diinput admin untuk kegiatan "Badminton" di GOR Gaza. Cek riwayat kamu di aplikasi.', '/', 0, '2026-06-16 15:37:19.548937', '2026-06-16 15:37:19.548937'),
	(441, 5, 'event', 'Absensi Renang tanggal 19 Jun 2026', 'Absensi telah diinput admin untuk kegiatan "Renang" di Kolam Renang BSD. Cek riwayat kamu di aplikasi.', 'https://wa.me/6289525429272?text=Absensi%20telah%20diinput%20admin%20untuk%20kegiatan%20%22Renang%22%20di%20Kolam%20Renang%20BSD.%20Cek%20riwayat%20kamu%20di%20aplikasi.', 0, '2026-06-19 18:07:16.611031', '2026-06-19 18:07:16.611031'),
	(351, 3, 'event', 'Absensi Badminton tanggal 16 Jun 2026', 'Absensi telah diinput admin untuk kegiatan "Badminton" di GOR Gaza. Cek riwayat kamu di aplikasi.', 'https://wa.me/6281369248630?text=Absensi%20telah%20diinput%20admin%20untuk%20kegiatan%20%22Badminton%22%20di%20GOR%20Gaza.%20Cek%20riwayat%20kamu%20di%20aplikasi.', 0, '2026-06-16 15:37:40.646829', '2026-06-16 15:37:40.646829'),
	(353, 5, 'event', 'Absensi Badminton tanggal 16 Jun 2026', 'Absensi telah diinput admin untuk kegiatan "Badminton" di GOR Gaza. Cek riwayat kamu di aplikasi.', 'https://wa.me/6289525429272?text=Absensi%20telah%20diinput%20admin%20untuk%20kegiatan%20%22Badminton%22%20di%20GOR%20Gaza.%20Cek%20riwayat%20kamu%20di%20aplikasi.', 0, '2026-06-16 15:37:40.807709', '2026-06-16 15:37:40.807709'),
	(354, 6, 'event', 'Absensi Badminton tanggal 16 Jun 2026', 'Absensi telah diinput admin untuk kegiatan "Badminton" di GOR Gaza. Cek riwayat kamu di aplikasi.', 'https://wa.me/6282316481216?text=Absensi%20telah%20diinput%20admin%20untuk%20kegiatan%20%22Badminton%22%20di%20GOR%20Gaza.%20Cek%20riwayat%20kamu%20di%20aplikasi.', 0, '2026-06-16 15:37:40.888614', '2026-06-16 15:37:40.888614'),
	(355, 7, 'event', 'Absensi Badminton tanggal 16 Jun 2026', 'Absensi telah diinput admin untuk kegiatan "Badminton" di GOR Gaza. Cek riwayat kamu di aplikasi.', 'https://wa.me/6285814120846?text=Absensi%20telah%20diinput%20admin%20untuk%20kegiatan%20%22Badminton%22%20di%20GOR%20Gaza.%20Cek%20riwayat%20kamu%20di%20aplikasi.', 0, '2026-06-16 15:37:40.96934', '2026-06-16 15:37:40.96934'),
	(356, 8, 'event', 'Absensi Badminton tanggal 16 Jun 2026', 'Absensi telah diinput admin untuk kegiatan "Badminton" di GOR Gaza. Cek riwayat kamu di aplikasi.', 'https://wa.me/6282184381823?text=Absensi%20telah%20diinput%20admin%20untuk%20kegiatan%20%22Badminton%22%20di%20GOR%20Gaza.%20Cek%20riwayat%20kamu%20di%20aplikasi.', 0, '2026-06-16 15:37:41.050159', '2026-06-16 15:37:41.050159'),
	(357, 9, 'event', 'Absensi Badminton tanggal 16 Jun 2026', 'Absensi telah diinput admin untuk kegiatan "Badminton" di GOR Gaza. Cek riwayat kamu di aplikasi.', 'https://wa.me/6289502639933?text=Absensi%20telah%20diinput%20admin%20untuk%20kegiatan%20%22Badminton%22%20di%20GOR%20Gaza.%20Cek%20riwayat%20kamu%20di%20aplikasi.', 0, '2026-06-16 15:37:41.130578', '2026-06-16 15:37:41.130578'),
	(358, 10, 'event', 'Absensi Badminton tanggal 16 Jun 2026', 'Absensi telah diinput admin untuk kegiatan "Badminton" di GOR Gaza. Cek riwayat kamu di aplikasi.', 'https://wa.me/6282320781890?text=Absensi%20telah%20diinput%20admin%20untuk%20kegiatan%20%22Badminton%22%20di%20GOR%20Gaza.%20Cek%20riwayat%20kamu%20di%20aplikasi.', 0, '2026-06-16 15:37:41.211073', '2026-06-16 15:37:41.211073'),
	(359, 11, 'event', 'Absensi Badminton tanggal 16 Jun 2026', 'Absensi telah diinput admin untuk kegiatan "Badminton" di GOR Gaza. Cek riwayat kamu di aplikasi.', 'https://wa.me/6285691767966?text=Absensi%20telah%20diinput%20admin%20untuk%20kegiatan%20%22Badminton%22%20di%20GOR%20Gaza.%20Cek%20riwayat%20kamu%20di%20aplikasi.', 0, '2026-06-16 15:37:41.291374', '2026-06-16 15:37:41.291374'),
	(360, 13, 'event', 'Absensi Badminton tanggal 16 Jun 2026', 'Absensi telah diinput admin untuk kegiatan "Badminton" di GOR Gaza. Cek riwayat kamu di aplikasi.', 'https://wa.me/6281223450704?text=Absensi%20telah%20diinput%20admin%20untuk%20kegiatan%20%22Badminton%22%20di%20GOR%20Gaza.%20Cek%20riwayat%20kamu%20di%20aplikasi.', 0, '2026-06-16 15:37:41.37183', '2026-06-16 15:37:41.37183'),
	(346, 16, 'event', 'Absensi Badminton tanggal 16 Jun 2026', 'Absensi telah diinput admin untuk kegiatan "Badminton" di GOR Gaza. Cek riwayat kamu di aplikasi.', 'https://wa.me/6282118785024?text=Absensi%20telah%20diinput%20admin%20untuk%20kegiatan%20%22Badminton%22%20di%20GOR%20Gaza.%20Cek%20riwayat%20kamu%20di%20aplikasi.', 1, '2026-06-16 15:37:19.304992', '2026-06-16 15:37:19.304992'),
	(361, 14, 'event', 'Absensi Badminton tanggal 16 Jun 2026', 'Absensi telah diinput admin untuk kegiatan "Badminton" di GOR Gaza. Cek riwayat kamu di aplikasi.', 'https://wa.me/6287854972839?text=Absensi%20telah%20diinput%20admin%20untuk%20kegiatan%20%22Badminton%22%20di%20GOR%20Gaza.%20Cek%20riwayat%20kamu%20di%20aplikasi.', 1, '2026-06-16 15:37:41.454481', '2026-06-16 15:37:41.454481'),
	(362, 15, 'event', 'Absensi Badminton tanggal 16 Jun 2026', 'Absensi telah diinput admin untuk kegiatan "Badminton" di GOR Gaza. Cek riwayat kamu di aplikasi.', 'https://wa.me/6282117100115?text=Absensi%20telah%20diinput%20admin%20untuk%20kegiatan%20%22Badminton%22%20di%20GOR%20Gaza.%20Cek%20riwayat%20kamu%20di%20aplikasi.', 0, '2026-06-16 15:37:41.535348', '2026-06-16 15:37:41.535348'),
	(364, 17, 'event', 'Absensi Badminton tanggal 16 Jun 2026', 'Absensi telah diinput admin untuk kegiatan "Badminton" di GOR Gaza. Cek riwayat kamu di aplikasi.', 'https://wa.me/6282218532348?text=Absensi%20telah%20diinput%20admin%20untuk%20kegiatan%20%22Badminton%22%20di%20GOR%20Gaza.%20Cek%20riwayat%20kamu%20di%20aplikasi.', 0, '2026-06-16 15:37:41.697183', '2026-06-16 15:37:41.697183'),
	(365, 20, 'event', 'Absensi Badminton tanggal 16 Jun 2026', 'Absensi telah diinput admin untuk kegiatan "Badminton" di GOR Gaza. Cek riwayat kamu di aplikasi.', 'https://wa.me/6287822615464?text=Absensi%20telah%20diinput%20admin%20untuk%20kegiatan%20%22Badminton%22%20di%20GOR%20Gaza.%20Cek%20riwayat%20kamu%20di%20aplikasi.', 0, '2026-06-16 15:37:41.777603', '2026-06-16 15:37:41.777603'),
	(366, 21, 'event', 'Absensi Badminton tanggal 16 Jun 2026', 'Absensi telah diinput admin untuk kegiatan "Badminton" di GOR Gaza. Cek riwayat kamu di aplikasi.', '/', 0, '2026-06-16 15:37:41.858351', '2026-06-16 15:37:41.858351'),
	(442, 6, 'event', 'Absensi Renang tanggal 19 Jun 2026', 'Absensi telah diinput admin untuk kegiatan "Renang" di Kolam Renang BSD. Cek riwayat kamu di aplikasi.', 'https://wa.me/6282316481216?text=Absensi%20telah%20diinput%20admin%20untuk%20kegiatan%20%22Renang%22%20di%20Kolam%20Renang%20BSD.%20Cek%20riwayat%20kamu%20di%20aplikasi.', 0, '2026-06-19 18:07:16.692975', '2026-06-19 18:07:16.692975'),
	(368, 3, 'event', 'Absensi Badminton tanggal 16 Jun 2026', 'Absensi telah diinput admin untuk kegiatan "Badminton" di GOR Gaza. Cek riwayat kamu di aplikasi.', 'https://wa.me/6281369248630?text=Absensi%20telah%20diinput%20admin%20untuk%20kegiatan%20%22Badminton%22%20di%20GOR%20Gaza.%20Cek%20riwayat%20kamu%20di%20aplikasi.', 0, '2026-06-16 15:38:12.127378', '2026-06-16 15:38:12.127378'),
	(370, 5, 'event', 'Absensi Badminton tanggal 16 Jun 2026', 'Absensi telah diinput admin untuk kegiatan "Badminton" di GOR Gaza. Cek riwayat kamu di aplikasi.', 'https://wa.me/6289525429272?text=Absensi%20telah%20diinput%20admin%20untuk%20kegiatan%20%22Badminton%22%20di%20GOR%20Gaza.%20Cek%20riwayat%20kamu%20di%20aplikasi.', 0, '2026-06-16 15:38:12.288504', '2026-06-16 15:38:12.288504'),
	(371, 6, 'event', 'Absensi Badminton tanggal 16 Jun 2026', 'Absensi telah diinput admin untuk kegiatan "Badminton" di GOR Gaza. Cek riwayat kamu di aplikasi.', 'https://wa.me/6282316481216?text=Absensi%20telah%20diinput%20admin%20untuk%20kegiatan%20%22Badminton%22%20di%20GOR%20Gaza.%20Cek%20riwayat%20kamu%20di%20aplikasi.', 0, '2026-06-16 15:38:12.36776', '2026-06-16 15:38:12.36776'),
	(372, 7, 'event', 'Absensi Badminton tanggal 16 Jun 2026', 'Absensi telah diinput admin untuk kegiatan "Badminton" di GOR Gaza. Cek riwayat kamu di aplikasi.', 'https://wa.me/6285814120846?text=Absensi%20telah%20diinput%20admin%20untuk%20kegiatan%20%22Badminton%22%20di%20GOR%20Gaza.%20Cek%20riwayat%20kamu%20di%20aplikasi.', 0, '2026-06-16 15:38:12.446684', '2026-06-16 15:38:12.446684'),
	(373, 8, 'event', 'Absensi Badminton tanggal 16 Jun 2026', 'Absensi telah diinput admin untuk kegiatan "Badminton" di GOR Gaza. Cek riwayat kamu di aplikasi.', 'https://wa.me/6282184381823?text=Absensi%20telah%20diinput%20admin%20untuk%20kegiatan%20%22Badminton%22%20di%20GOR%20Gaza.%20Cek%20riwayat%20kamu%20di%20aplikasi.', 0, '2026-06-16 15:38:12.525491', '2026-06-16 15:38:12.525491'),
	(374, 9, 'event', 'Absensi Badminton tanggal 16 Jun 2026', 'Absensi telah diinput admin untuk kegiatan "Badminton" di GOR Gaza. Cek riwayat kamu di aplikasi.', 'https://wa.me/6289502639933?text=Absensi%20telah%20diinput%20admin%20untuk%20kegiatan%20%22Badminton%22%20di%20GOR%20Gaza.%20Cek%20riwayat%20kamu%20di%20aplikasi.', 0, '2026-06-16 15:38:12.605722', '2026-06-16 15:38:12.605722'),
	(375, 10, 'event', 'Absensi Badminton tanggal 16 Jun 2026', 'Absensi telah diinput admin untuk kegiatan "Badminton" di GOR Gaza. Cek riwayat kamu di aplikasi.', 'https://wa.me/6282320781890?text=Absensi%20telah%20diinput%20admin%20untuk%20kegiatan%20%22Badminton%22%20di%20GOR%20Gaza.%20Cek%20riwayat%20kamu%20di%20aplikasi.', 0, '2026-06-16 15:38:12.684793', '2026-06-16 15:38:12.684793'),
	(376, 11, 'event', 'Absensi Badminton tanggal 16 Jun 2026', 'Absensi telah diinput admin untuk kegiatan "Badminton" di GOR Gaza. Cek riwayat kamu di aplikasi.', 'https://wa.me/6285691767966?text=Absensi%20telah%20diinput%20admin%20untuk%20kegiatan%20%22Badminton%22%20di%20GOR%20Gaza.%20Cek%20riwayat%20kamu%20di%20aplikasi.', 0, '2026-06-16 15:38:12.764272', '2026-06-16 15:38:12.764272'),
	(377, 13, 'event', 'Absensi Badminton tanggal 16 Jun 2026', 'Absensi telah diinput admin untuk kegiatan "Badminton" di GOR Gaza. Cek riwayat kamu di aplikasi.', 'https://wa.me/6281223450704?text=Absensi%20telah%20diinput%20admin%20untuk%20kegiatan%20%22Badminton%22%20di%20GOR%20Gaza.%20Cek%20riwayat%20kamu%20di%20aplikasi.', 0, '2026-06-16 15:38:12.843312', '2026-06-16 15:38:12.843312'),
	(443, 7, 'event', 'Absensi Renang tanggal 19 Jun 2026', 'Absensi telah diinput admin untuk kegiatan "Renang" di Kolam Renang BSD. Cek riwayat kamu di aplikasi.', 'https://wa.me/6285814120846?text=Absensi%20telah%20diinput%20admin%20untuk%20kegiatan%20%22Renang%22%20di%20Kolam%20Renang%20BSD.%20Cek%20riwayat%20kamu%20di%20aplikasi.', 0, '2026-06-19 18:07:16.776999', '2026-06-19 18:07:16.776999'),
	(379, 15, 'event', 'Absensi Badminton tanggal 16 Jun 2026', 'Absensi telah diinput admin untuk kegiatan "Badminton" di GOR Gaza. Cek riwayat kamu di aplikasi.', 'https://wa.me/6282117100115?text=Absensi%20telah%20diinput%20admin%20untuk%20kegiatan%20%22Badminton%22%20di%20GOR%20Gaza.%20Cek%20riwayat%20kamu%20di%20aplikasi.', 0, '2026-06-16 15:38:13.001369', '2026-06-16 15:38:13.001369'),
	(381, 17, 'event', 'Absensi Badminton tanggal 16 Jun 2026', 'Absensi telah diinput admin untuk kegiatan "Badminton" di GOR Gaza. Cek riwayat kamu di aplikasi.', 'https://wa.me/6282218532348?text=Absensi%20telah%20diinput%20admin%20untuk%20kegiatan%20%22Badminton%22%20di%20GOR%20Gaza.%20Cek%20riwayat%20kamu%20di%20aplikasi.', 0, '2026-06-16 15:38:13.159319', '2026-06-16 15:38:13.159319'),
	(382, 20, 'event', 'Absensi Badminton tanggal 16 Jun 2026', 'Absensi telah diinput admin untuk kegiatan "Badminton" di GOR Gaza. Cek riwayat kamu di aplikasi.', 'https://wa.me/6287822615464?text=Absensi%20telah%20diinput%20admin%20untuk%20kegiatan%20%22Badminton%22%20di%20GOR%20Gaza.%20Cek%20riwayat%20kamu%20di%20aplikasi.', 0, '2026-06-16 15:38:13.238204', '2026-06-16 15:38:13.238204'),
	(383, 21, 'event', 'Absensi Badminton tanggal 16 Jun 2026', 'Absensi telah diinput admin untuk kegiatan "Badminton" di GOR Gaza. Cek riwayat kamu di aplikasi.', '/', 0, '2026-06-16 15:38:13.317432', '2026-06-16 15:38:13.317432'),
	(367, 2, 'event', 'Absensi Badminton tanggal 16 Jun 2026', 'Absensi telah diinput admin untuk kegiatan "Badminton" di GOR Gaza. Cek riwayat kamu di aplikasi.', 'https://wa.me/6281386369207?text=Absensi%20telah%20diinput%20admin%20untuk%20kegiatan%20%22Badminton%22%20di%20GOR%20Gaza.%20Cek%20riwayat%20kamu%20di%20aplikasi.', 1, '2026-06-16 15:38:12.047659', '2026-06-16 15:38:12.047659'),
	(380, 16, 'event', 'Absensi Badminton tanggal 16 Jun 2026', 'Absensi telah diinput admin untuk kegiatan "Badminton" di GOR Gaza. Cek riwayat kamu di aplikasi.', 'https://wa.me/6282118785024?text=Absensi%20telah%20diinput%20admin%20untuk%20kegiatan%20%22Badminton%22%20di%20GOR%20Gaza.%20Cek%20riwayat%20kamu%20di%20aplikasi.', 1, '2026-06-16 15:38:13.080133', '2026-06-16 15:38:13.080133'),
	(378, 14, 'event', 'Absensi Badminton tanggal 16 Jun 2026', 'Absensi telah diinput admin untuk kegiatan "Badminton" di GOR Gaza. Cek riwayat kamu di aplikasi.', 'https://wa.me/6287854972839?text=Absensi%20telah%20diinput%20admin%20untuk%20kegiatan%20%22Badminton%22%20di%20GOR%20Gaza.%20Cek%20riwayat%20kamu%20di%20aplikasi.', 1, '2026-06-16 15:38:12.922125', '2026-06-16 15:38:12.922125'),
	(350, 2, 'event', 'Absensi Badminton tanggal 16 Jun 2026', 'Absensi telah diinput admin untuk kegiatan "Badminton" di GOR Gaza. Cek riwayat kamu di aplikasi.', 'https://wa.me/6281386369207?text=Absensi%20telah%20diinput%20admin%20untuk%20kegiatan%20%22Badminton%22%20di%20GOR%20Gaza.%20Cek%20riwayat%20kamu%20di%20aplikasi.', 1, '2026-06-16 15:37:40.565345', '2026-06-16 15:37:40.565345'),
	(333, 2, 'event', 'Absensi Badminton tanggal 16 Jun 2026', 'Absensi telah diinput admin untuk kegiatan "Badminton" di GOR Gaza. Cek riwayat kamu di aplikasi.', 'https://wa.me/6281386369207?text=Absensi%20telah%20diinput%20admin%20untuk%20kegiatan%20%22Badminton%22%20di%20GOR%20Gaza.%20Cek%20riwayat%20kamu%20di%20aplikasi.', 1, '2026-06-16 15:37:18.236352', '2026-06-16 15:37:18.236352'),
	(316, 2, 'event', 'Absensi Badminton tanggal 16 Jun 2026', 'Absensi telah diinput admin untuk kegiatan "Badminton" di GOR Gaza. Cek riwayat kamu di aplikasi.', 'https://wa.me/6281386369207?text=Absensi%20telah%20diinput%20admin%20untuk%20kegiatan%20%22Badminton%22%20di%20GOR%20Gaza.%20Cek%20riwayat%20kamu%20di%20aplikasi.', 1, '2026-06-16 15:35:15.195177', '2026-06-16 15:35:15.195177'),
	(363, 16, 'event', 'Absensi Badminton tanggal 16 Jun 2026', 'Absensi telah diinput admin untuk kegiatan "Badminton" di GOR Gaza. Cek riwayat kamu di aplikasi.', 'https://wa.me/6282118785024?text=Absensi%20telah%20diinput%20admin%20untuk%20kegiatan%20%22Badminton%22%20di%20GOR%20Gaza.%20Cek%20riwayat%20kamu%20di%20aplikasi.', 1, '2026-06-16 15:37:41.616146', '2026-06-16 15:37:41.616146'),
	(278, 16, 'event', 'Absensi Badminton tanggal 20 Jun 2026', 'Absensi telah diinput admin untuk kegiatan "Badminton" di GOR Mayasari. Cek riwayat kamu di aplikasi.', 'https://wa.me/6282118785024?text=Absensi%20telah%20diinput%20admin%20untuk%20kegiatan%20%22Badminton%22%20di%20GOR%20Mayasari.%20Cek%20riwayat%20kamu%20di%20aplikasi.', 1, '2026-06-16 15:31:15.392933', '2026-06-16 15:31:15.392933'),
	(244, 16, 'event', 'Absensi Badminton tanggal 20 Jun 2026', 'Absensi telah diinput admin untuk kegiatan "Badminton" di GOR Mayasari. Cek riwayat kamu di aplikasi.', 'https://wa.me/6282118785024?text=Absensi%20telah%20diinput%20admin%20untuk%20kegiatan%20%22Badminton%22%20di%20GOR%20Mayasari.%20Cek%20riwayat%20kamu%20di%20aplikasi.', 1, '2026-06-16 15:30:21.434135', '2026-06-16 15:30:21.434135'),
	(200, 16, 'event', 'Absensi Jogging tanggal 13 Jun 2026', 'Absensi telah diinput admin untuk kegiatan "Jogging" di Flamboyan Jogging. Cek riwayat kamu di aplikasi.', 'https://wa.me/6282118785024?text=Absensi%20telah%20diinput%20admin%20untuk%20kegiatan%20%22Jogging%22%20di%20Flamboyan%20Jogging.%20Cek%20riwayat%20kamu%20di%20aplikasi.', 1, '2026-06-13 07:56:16.656396', '2026-06-13 07:56:16.656396'),
	(178, 16, 'event', 'Absensi Jogging tanggal 13 Jun 2026', 'Absensi telah diinput admin untuk kegiatan "Jogging" di Flamboyan Jogging. Cek riwayat kamu di aplikasi.', 'https://wa.me/6282118785024?text=Absensi%20telah%20diinput%20admin%20untuk%20kegiatan%20%22Jogging%22%20di%20Flamboyan%20Jogging.%20Cek%20riwayat%20kamu%20di%20aplikasi.', 1, '2026-06-13 06:04:04.732811', '2026-06-13 06:04:04.732811'),
	(156, 16, 'event', 'Absensi Jogging tanggal 13 Jun 2026', 'Absensi telah diinput admin untuk kegiatan "Jogging" di Flamboyan Jogging. Cek riwayat kamu di aplikasi.', 'https://wa.me/6282118785024?text=Absensi%20telah%20diinput%20admin%20untuk%20kegiatan%20%22Jogging%22%20di%20Flamboyan%20Jogging.%20Cek%20riwayat%20kamu%20di%20aplikasi.', 1, '2026-06-13 05:41:00.812478', '2026-06-13 05:41:00.812478'),
	(134, 16, 'event', 'Absensi Jogging tanggal 13 Jun 2026', 'Absensi telah diinput admin untuk kegiatan "Jogging" di Flamboyan Jogging. Cek riwayat kamu di aplikasi.', 'https://wa.me/6282118785024?text=Absensi%20telah%20diinput%20admin%20untuk%20kegiatan%20%22Jogging%22%20di%20Flamboyan%20Jogging.%20Cek%20riwayat%20kamu%20di%20aplikasi.', 1, '2026-06-13 05:40:37.795582', '2026-06-13 05:40:37.795582'),
	(103, 16, 'event', 'Absensi Badminton tanggal 02 Jun 2026', 'Absensi telah diinput admin untuk kegiatan "Badminton" di GOR Gaza. Cek riwayat kamu di aplikasi.', 'https://wa.me/6282118785024?text=Absensi%20telah%20diinput%20admin%20untuk%20kegiatan%20%22Badminton%22%20di%20GOR%20Gaza.%20Cek%20riwayat%20kamu%20di%20aplikasi.', 1, '2026-06-05 20:20:49.171271', '2026-06-05 20:20:49.171271'),
	(385, 3, 'event', 'Absensi Badminton tanggal 16 Jun 2026', 'Absensi telah diinput admin untuk kegiatan "Badminton" di GOR Gaza. Cek riwayat kamu di aplikasi.', 'https://wa.me/6281369248630?text=Absensi%20telah%20diinput%20admin%20untuk%20kegiatan%20%22Badminton%22%20di%20GOR%20Gaza.%20Cek%20riwayat%20kamu%20di%20aplikasi.', 0, '2026-06-17 04:36:51.88313', '2026-06-17 04:36:51.88313'),
	(387, 5, 'event', 'Absensi Badminton tanggal 16 Jun 2026', 'Absensi telah diinput admin untuk kegiatan "Badminton" di GOR Gaza. Cek riwayat kamu di aplikasi.', 'https://wa.me/6289525429272?text=Absensi%20telah%20diinput%20admin%20untuk%20kegiatan%20%22Badminton%22%20di%20GOR%20Gaza.%20Cek%20riwayat%20kamu%20di%20aplikasi.', 0, '2026-06-17 04:36:52.041765', '2026-06-17 04:36:52.041765'),
	(388, 6, 'event', 'Absensi Badminton tanggal 16 Jun 2026', 'Absensi telah diinput admin untuk kegiatan "Badminton" di GOR Gaza. Cek riwayat kamu di aplikasi.', 'https://wa.me/6282316481216?text=Absensi%20telah%20diinput%20admin%20untuk%20kegiatan%20%22Badminton%22%20di%20GOR%20Gaza.%20Cek%20riwayat%20kamu%20di%20aplikasi.', 0, '2026-06-17 04:36:52.121113', '2026-06-17 04:36:52.121113'),
	(389, 7, 'event', 'Absensi Badminton tanggal 16 Jun 2026', 'Absensi telah diinput admin untuk kegiatan "Badminton" di GOR Gaza. Cek riwayat kamu di aplikasi.', 'https://wa.me/6285814120846?text=Absensi%20telah%20diinput%20admin%20untuk%20kegiatan%20%22Badminton%22%20di%20GOR%20Gaza.%20Cek%20riwayat%20kamu%20di%20aplikasi.', 0, '2026-06-17 04:36:52.200406', '2026-06-17 04:36:52.200406'),
	(390, 8, 'event', 'Absensi Badminton tanggal 16 Jun 2026', 'Absensi telah diinput admin untuk kegiatan "Badminton" di GOR Gaza. Cek riwayat kamu di aplikasi.', 'https://wa.me/6282184381823?text=Absensi%20telah%20diinput%20admin%20untuk%20kegiatan%20%22Badminton%22%20di%20GOR%20Gaza.%20Cek%20riwayat%20kamu%20di%20aplikasi.', 0, '2026-06-17 04:36:52.279627', '2026-06-17 04:36:52.279627'),
	(391, 9, 'event', 'Absensi Badminton tanggal 16 Jun 2026', 'Absensi telah diinput admin untuk kegiatan "Badminton" di GOR Gaza. Cek riwayat kamu di aplikasi.', 'https://wa.me/6289502639933?text=Absensi%20telah%20diinput%20admin%20untuk%20kegiatan%20%22Badminton%22%20di%20GOR%20Gaza.%20Cek%20riwayat%20kamu%20di%20aplikasi.', 0, '2026-06-17 04:36:52.358842', '2026-06-17 04:36:52.358842'),
	(392, 10, 'event', 'Absensi Badminton tanggal 16 Jun 2026', 'Absensi telah diinput admin untuk kegiatan "Badminton" di GOR Gaza. Cek riwayat kamu di aplikasi.', 'https://wa.me/6282320781890?text=Absensi%20telah%20diinput%20admin%20untuk%20kegiatan%20%22Badminton%22%20di%20GOR%20Gaza.%20Cek%20riwayat%20kamu%20di%20aplikasi.', 0, '2026-06-17 04:36:52.438051', '2026-06-17 04:36:52.438051'),
	(393, 11, 'event', 'Absensi Badminton tanggal 16 Jun 2026', 'Absensi telah diinput admin untuk kegiatan "Badminton" di GOR Gaza. Cek riwayat kamu di aplikasi.', 'https://wa.me/6285691767966?text=Absensi%20telah%20diinput%20admin%20untuk%20kegiatan%20%22Badminton%22%20di%20GOR%20Gaza.%20Cek%20riwayat%20kamu%20di%20aplikasi.', 0, '2026-06-17 04:36:52.517235', '2026-06-17 04:36:52.517235'),
	(394, 13, 'event', 'Absensi Badminton tanggal 16 Jun 2026', 'Absensi telah diinput admin untuk kegiatan "Badminton" di GOR Gaza. Cek riwayat kamu di aplikasi.', 'https://wa.me/6281223450704?text=Absensi%20telah%20diinput%20admin%20untuk%20kegiatan%20%22Badminton%22%20di%20GOR%20Gaza.%20Cek%20riwayat%20kamu%20di%20aplikasi.', 0, '2026-06-17 04:36:52.596342', '2026-06-17 04:36:52.596342'),
	(444, 8, 'event', 'Absensi Renang tanggal 19 Jun 2026', 'Absensi telah diinput admin untuk kegiatan "Renang" di Kolam Renang BSD. Cek riwayat kamu di aplikasi.', 'https://wa.me/6282184381823?text=Absensi%20telah%20diinput%20admin%20untuk%20kegiatan%20%22Renang%22%20di%20Kolam%20Renang%20BSD.%20Cek%20riwayat%20kamu%20di%20aplikasi.', 0, '2026-06-19 18:07:16.861083', '2026-06-19 18:07:16.861083'),
	(396, 15, 'event', 'Absensi Badminton tanggal 16 Jun 2026', 'Absensi telah diinput admin untuk kegiatan "Badminton" di GOR Gaza. Cek riwayat kamu di aplikasi.', 'https://wa.me/6282117100115?text=Absensi%20telah%20diinput%20admin%20untuk%20kegiatan%20%22Badminton%22%20di%20GOR%20Gaza.%20Cek%20riwayat%20kamu%20di%20aplikasi.', 0, '2026-06-17 04:36:52.766688', '2026-06-17 04:36:52.766688'),
	(397, 16, 'event', 'Absensi Badminton tanggal 16 Jun 2026', 'Absensi telah diinput admin untuk kegiatan "Badminton" di GOR Gaza. Cek riwayat kamu di aplikasi.', 'https://wa.me/6282118785024?text=Absensi%20telah%20diinput%20admin%20untuk%20kegiatan%20%22Badminton%22%20di%20GOR%20Gaza.%20Cek%20riwayat%20kamu%20di%20aplikasi.', 0, '2026-06-17 04:36:52.846073', '2026-06-17 04:36:52.846073'),
	(398, 17, 'event', 'Absensi Badminton tanggal 16 Jun 2026', 'Absensi telah diinput admin untuk kegiatan "Badminton" di GOR Gaza. Cek riwayat kamu di aplikasi.', 'https://wa.me/6282218532348?text=Absensi%20telah%20diinput%20admin%20untuk%20kegiatan%20%22Badminton%22%20di%20GOR%20Gaza.%20Cek%20riwayat%20kamu%20di%20aplikasi.', 0, '2026-06-17 04:36:52.925982', '2026-06-17 04:36:52.925982'),
	(399, 20, 'event', 'Absensi Badminton tanggal 16 Jun 2026', 'Absensi telah diinput admin untuk kegiatan "Badminton" di GOR Gaza. Cek riwayat kamu di aplikasi.', 'https://wa.me/6287822615464?text=Absensi%20telah%20diinput%20admin%20untuk%20kegiatan%20%22Badminton%22%20di%20GOR%20Gaza.%20Cek%20riwayat%20kamu%20di%20aplikasi.', 0, '2026-06-17 04:36:53.005165', '2026-06-17 04:36:53.005165'),
	(400, 21, 'event', 'Absensi Badminton tanggal 16 Jun 2026', 'Absensi telah diinput admin untuk kegiatan "Badminton" di GOR Gaza. Cek riwayat kamu di aplikasi.', '/', 0, '2026-06-17 04:36:53.084425', '2026-06-17 04:36:53.084425'),
	(384, 2, 'event', 'Absensi Badminton tanggal 16 Jun 2026', 'Absensi telah diinput admin untuk kegiatan "Badminton" di GOR Gaza. Cek riwayat kamu di aplikasi.', 'https://wa.me/6281386369207?text=Absensi%20telah%20diinput%20admin%20untuk%20kegiatan%20%22Badminton%22%20di%20GOR%20Gaza.%20Cek%20riwayat%20kamu%20di%20aplikasi.', 1, '2026-06-17 04:36:51.803298', '2026-06-17 04:36:51.803298'),
	(401, 16, 'like_aktivitas', '❤️ Firdam menyukai aktivitasmu', 'Klik untuk melihat postinganmu di Riwayat Aktivitas Publik.', '/riwayat.php#act-26', 0, '2026-06-17 04:50:09.102147', '2026-06-17 04:50:09.102147'),
	(402, 16, 'komentar_aktivitas', '💬 Firdam mengomentari aktivitasmu', '👍✨', '/riwayat.php#act-26', 0, '2026-06-17 04:51:00.077264', '2026-06-17 04:51:00.077264'),
	(445, 9, 'event', 'Absensi Renang tanggal 19 Jun 2026', 'Absensi telah diinput admin untuk kegiatan "Renang" di Kolam Renang BSD. Cek riwayat kamu di aplikasi.', 'https://wa.me/6289502639933?text=Absensi%20telah%20diinput%20admin%20untuk%20kegiatan%20%22Renang%22%20di%20Kolam%20Renang%20BSD.%20Cek%20riwayat%20kamu%20di%20aplikasi.', 0, '2026-06-19 18:07:16.947051', '2026-06-19 18:07:16.947051'),
	(404, 3, 'event', 'Absensi Ping Pong tanggal 17 Jun 2026', 'Absensi telah diinput admin untuk kegiatan "Ping Pong" di Flamboyan Pingpong. Cek riwayat kamu di aplikasi.', 'https://wa.me/6281369248630?text=Absensi%20telah%20diinput%20admin%20untuk%20kegiatan%20%22Ping%20Pong%22%20di%20Flamboyan%20Pingpong.%20Cek%20riwayat%20kamu%20di%20aplikasi.', 0, '2026-06-17 23:18:58.9322', '2026-06-17 23:18:58.9322'),
	(406, 5, 'event', 'Absensi Ping Pong tanggal 17 Jun 2026', 'Absensi telah diinput admin untuk kegiatan "Ping Pong" di Flamboyan Pingpong. Cek riwayat kamu di aplikasi.', 'https://wa.me/6289525429272?text=Absensi%20telah%20diinput%20admin%20untuk%20kegiatan%20%22Ping%20Pong%22%20di%20Flamboyan%20Pingpong.%20Cek%20riwayat%20kamu%20di%20aplikasi.', 0, '2026-06-17 23:18:59.093613', '2026-06-17 23:18:59.093613'),
	(407, 6, 'event', 'Absensi Ping Pong tanggal 17 Jun 2026', 'Absensi telah diinput admin untuk kegiatan "Ping Pong" di Flamboyan Pingpong. Cek riwayat kamu di aplikasi.', 'https://wa.me/6282316481216?text=Absensi%20telah%20diinput%20admin%20untuk%20kegiatan%20%22Ping%20Pong%22%20di%20Flamboyan%20Pingpong.%20Cek%20riwayat%20kamu%20di%20aplikasi.', 0, '2026-06-17 23:18:59.174674', '2026-06-17 23:18:59.174674'),
	(408, 7, 'event', 'Absensi Ping Pong tanggal 17 Jun 2026', 'Absensi telah diinput admin untuk kegiatan "Ping Pong" di Flamboyan Pingpong. Cek riwayat kamu di aplikasi.', 'https://wa.me/6285814120846?text=Absensi%20telah%20diinput%20admin%20untuk%20kegiatan%20%22Ping%20Pong%22%20di%20Flamboyan%20Pingpong.%20Cek%20riwayat%20kamu%20di%20aplikasi.', 0, '2026-06-17 23:18:59.255491', '2026-06-17 23:18:59.255491'),
	(409, 8, 'event', 'Absensi Ping Pong tanggal 17 Jun 2026', 'Absensi telah diinput admin untuk kegiatan "Ping Pong" di Flamboyan Pingpong. Cek riwayat kamu di aplikasi.', 'https://wa.me/6282184381823?text=Absensi%20telah%20diinput%20admin%20untuk%20kegiatan%20%22Ping%20Pong%22%20di%20Flamboyan%20Pingpong.%20Cek%20riwayat%20kamu%20di%20aplikasi.', 0, '2026-06-17 23:18:59.336213', '2026-06-17 23:18:59.336213'),
	(410, 9, 'event', 'Absensi Ping Pong tanggal 17 Jun 2026', 'Absensi telah diinput admin untuk kegiatan "Ping Pong" di Flamboyan Pingpong. Cek riwayat kamu di aplikasi.', 'https://wa.me/6289502639933?text=Absensi%20telah%20diinput%20admin%20untuk%20kegiatan%20%22Ping%20Pong%22%20di%20Flamboyan%20Pingpong.%20Cek%20riwayat%20kamu%20di%20aplikasi.', 0, '2026-06-17 23:18:59.417123', '2026-06-17 23:18:59.417123'),
	(411, 10, 'event', 'Absensi Ping Pong tanggal 17 Jun 2026', 'Absensi telah diinput admin untuk kegiatan "Ping Pong" di Flamboyan Pingpong. Cek riwayat kamu di aplikasi.', 'https://wa.me/6282320781890?text=Absensi%20telah%20diinput%20admin%20untuk%20kegiatan%20%22Ping%20Pong%22%20di%20Flamboyan%20Pingpong.%20Cek%20riwayat%20kamu%20di%20aplikasi.', 0, '2026-06-17 23:18:59.497979', '2026-06-17 23:18:59.497979'),
	(412, 11, 'event', 'Absensi Ping Pong tanggal 17 Jun 2026', 'Absensi telah diinput admin untuk kegiatan "Ping Pong" di Flamboyan Pingpong. Cek riwayat kamu di aplikasi.', 'https://wa.me/6285691767966?text=Absensi%20telah%20diinput%20admin%20untuk%20kegiatan%20%22Ping%20Pong%22%20di%20Flamboyan%20Pingpong.%20Cek%20riwayat%20kamu%20di%20aplikasi.', 0, '2026-06-17 23:18:59.578637', '2026-06-17 23:18:59.578637'),
	(413, 13, 'event', 'Absensi Ping Pong tanggal 17 Jun 2026', 'Absensi telah diinput admin untuk kegiatan "Ping Pong" di Flamboyan Pingpong. Cek riwayat kamu di aplikasi.', 'https://wa.me/6281223450704?text=Absensi%20telah%20diinput%20admin%20untuk%20kegiatan%20%22Ping%20Pong%22%20di%20Flamboyan%20Pingpong.%20Cek%20riwayat%20kamu%20di%20aplikasi.', 0, '2026-06-17 23:18:59.660078', '2026-06-17 23:18:59.660078'),
	(446, 10, 'event', 'Absensi Renang tanggal 19 Jun 2026', 'Absensi telah diinput admin untuk kegiatan "Renang" di Kolam Renang BSD. Cek riwayat kamu di aplikasi.', 'https://wa.me/6282320781890?text=Absensi%20telah%20diinput%20admin%20untuk%20kegiatan%20%22Renang%22%20di%20Kolam%20Renang%20BSD.%20Cek%20riwayat%20kamu%20di%20aplikasi.', 0, '2026-06-19 18:07:17.028065', '2026-06-19 18:07:17.028065'),
	(415, 15, 'event', 'Absensi Ping Pong tanggal 17 Jun 2026', 'Absensi telah diinput admin untuk kegiatan "Ping Pong" di Flamboyan Pingpong. Cek riwayat kamu di aplikasi.', 'https://wa.me/6282117100115?text=Absensi%20telah%20diinput%20admin%20untuk%20kegiatan%20%22Ping%20Pong%22%20di%20Flamboyan%20Pingpong.%20Cek%20riwayat%20kamu%20di%20aplikasi.', 0, '2026-06-17 23:18:59.821666', '2026-06-17 23:18:59.821666'),
	(416, 16, 'event', 'Absensi Ping Pong tanggal 17 Jun 2026', 'Absensi telah diinput admin untuk kegiatan "Ping Pong" di Flamboyan Pingpong. Cek riwayat kamu di aplikasi.', 'https://wa.me/6282118785024?text=Absensi%20telah%20diinput%20admin%20untuk%20kegiatan%20%22Ping%20Pong%22%20di%20Flamboyan%20Pingpong.%20Cek%20riwayat%20kamu%20di%20aplikasi.', 0, '2026-06-17 23:18:59.902451', '2026-06-17 23:18:59.902451'),
	(414, 14, 'event', 'Absensi Ping Pong tanggal 17 Jun 2026', 'Absensi telah diinput admin untuk kegiatan "Ping Pong" di Flamboyan Pingpong. Cek riwayat kamu di aplikasi.', 'https://wa.me/6287854972839?text=Absensi%20telah%20diinput%20admin%20untuk%20kegiatan%20%22Ping%20Pong%22%20di%20Flamboyan%20Pingpong.%20Cek%20riwayat%20kamu%20di%20aplikasi.', 1, '2026-06-17 23:18:59.741017', '2026-06-17 23:18:59.741017'),
	(417, 17, 'event', 'Absensi Ping Pong tanggal 17 Jun 2026', 'Absensi telah diinput admin untuk kegiatan "Ping Pong" di Flamboyan Pingpong. Cek riwayat kamu di aplikasi.', 'https://wa.me/6282218532348?text=Absensi%20telah%20diinput%20admin%20untuk%20kegiatan%20%22Ping%20Pong%22%20di%20Flamboyan%20Pingpong.%20Cek%20riwayat%20kamu%20di%20aplikasi.', 0, '2026-06-17 23:18:59.983226', '2026-06-17 23:18:59.983226'),
	(418, 20, 'event', 'Absensi Ping Pong tanggal 17 Jun 2026', 'Absensi telah diinput admin untuk kegiatan "Ping Pong" di Flamboyan Pingpong. Cek riwayat kamu di aplikasi.', 'https://wa.me/6287822615464?text=Absensi%20telah%20diinput%20admin%20untuk%20kegiatan%20%22Ping%20Pong%22%20di%20Flamboyan%20Pingpong.%20Cek%20riwayat%20kamu%20di%20aplikasi.', 0, '2026-06-17 23:19:00.072164', '2026-06-17 23:19:00.072164'),
	(419, 21, 'event', 'Absensi Ping Pong tanggal 17 Jun 2026', 'Absensi telah diinput admin untuk kegiatan "Ping Pong" di Flamboyan Pingpong. Cek riwayat kamu di aplikasi.', '/', 0, '2026-06-17 23:19:00.15316', '2026-06-17 23:19:00.15316'),
	(403, 2, 'event', 'Absensi Ping Pong tanggal 17 Jun 2026', 'Absensi telah diinput admin untuk kegiatan "Ping Pong" di Flamboyan Pingpong. Cek riwayat kamu di aplikasi.', 'https://wa.me/6281386369207?text=Absensi%20telah%20diinput%20admin%20untuk%20kegiatan%20%22Ping%20Pong%22%20di%20Flamboyan%20Pingpong.%20Cek%20riwayat%20kamu%20di%20aplikasi.', 1, '2026-06-17 23:18:58.850833', '2026-06-17 23:18:58.850833'),
	(447, 11, 'event', 'Absensi Renang tanggal 19 Jun 2026', 'Absensi telah diinput admin untuk kegiatan "Renang" di Kolam Renang BSD. Cek riwayat kamu di aplikasi.', 'https://wa.me/6285691767966?text=Absensi%20telah%20diinput%20admin%20untuk%20kegiatan%20%22Renang%22%20di%20Kolam%20Renang%20BSD.%20Cek%20riwayat%20kamu%20di%20aplikasi.', 0, '2026-06-19 18:07:17.108938', '2026-06-19 18:07:17.108938'),
	(420, 2, 'event', 'Pendaftaran event berhasil', 'Anda terdaftar di event #2', '/event.php?id=2', 1, '2026-06-19 09:06:05.346038', '2026-06-19 09:06:05.346038'),
	(395, 14, 'event', 'Absensi Badminton tanggal 16 Jun 2026', 'Absensi telah diinput admin untuk kegiatan "Badminton" di GOR Gaza. Cek riwayat kamu di aplikasi.', 'https://wa.me/6287854972839?text=Absensi%20telah%20diinput%20admin%20untuk%20kegiatan%20%22Badminton%22%20di%20GOR%20Gaza.%20Cek%20riwayat%20kamu%20di%20aplikasi.', 1, '2026-06-17 04:36:52.67538', '2026-06-17 04:36:52.67538'),
	(344, 14, 'event', 'Absensi Badminton tanggal 16 Jun 2026', 'Absensi telah diinput admin untuk kegiatan "Badminton" di GOR Gaza. Cek riwayat kamu di aplikasi.', 'https://wa.me/6287854972839?text=Absensi%20telah%20diinput%20admin%20untuk%20kegiatan%20%22Badminton%22%20di%20GOR%20Gaza.%20Cek%20riwayat%20kamu%20di%20aplikasi.', 1, '2026-06-16 15:37:19.140251', '2026-06-16 15:37:19.140251'),
	(259, 14, 'event', 'Absensi Badminton tanggal 20 Jun 2026', 'Absensi telah diinput admin untuk kegiatan "Badminton" di GOR Mayasari. Cek riwayat kamu di aplikasi.', 'https://wa.me/6287854972839?text=Absensi%20telah%20diinput%20admin%20untuk%20kegiatan%20%22Badminton%22%20di%20GOR%20Mayasari.%20Cek%20riwayat%20kamu%20di%20aplikasi.', 1, '2026-06-16 15:30:38.32855', '2026-06-16 15:30:38.32855'),
	(132, 14, 'event', 'Absensi Jogging tanggal 13 Jun 2026', 'Absensi telah diinput admin untuk kegiatan "Jogging" di Flamboyan Jogging. Cek riwayat kamu di aplikasi.', 'https://wa.me/6287854972839?text=Absensi%20telah%20diinput%20admin%20untuk%20kegiatan%20%22Jogging%22%20di%20Flamboyan%20Jogging.%20Cek%20riwayat%20kamu%20di%20aplikasi.', 1, '2026-06-13 05:40:37.63327', '2026-06-13 05:40:37.63327'),
	(448, 13, 'event', 'Absensi Renang tanggal 19 Jun 2026', 'Absensi telah diinput admin untuk kegiatan "Renang" di Kolam Renang BSD. Cek riwayat kamu di aplikasi.', 'https://wa.me/6281223450704?text=Absensi%20telah%20diinput%20admin%20untuk%20kegiatan%20%22Renang%22%20di%20Kolam%20Renang%20BSD.%20Cek%20riwayat%20kamu%20di%20aplikasi.', 0, '2026-06-19 18:07:17.189391', '2026-06-19 18:07:17.189391'),
	(449, 14, 'event', 'Absensi Renang tanggal 19 Jun 2026', 'Absensi telah diinput admin untuk kegiatan "Renang" di Kolam Renang BSD. Cek riwayat kamu di aplikasi.', 'https://wa.me/6287854972839?text=Absensi%20telah%20diinput%20admin%20untuk%20kegiatan%20%22Renang%22%20di%20Kolam%20Renang%20BSD.%20Cek%20riwayat%20kamu%20di%20aplikasi.', 0, '2026-06-19 18:07:17.270994', '2026-06-19 18:07:17.270994'),
	(450, 15, 'event', 'Absensi Renang tanggal 19 Jun 2026', 'Absensi telah diinput admin untuk kegiatan "Renang" di Kolam Renang BSD. Cek riwayat kamu di aplikasi.', 'https://wa.me/6282117100115?text=Absensi%20telah%20diinput%20admin%20untuk%20kegiatan%20%22Renang%22%20di%20Kolam%20Renang%20BSD.%20Cek%20riwayat%20kamu%20di%20aplikasi.', 0, '2026-06-19 18:07:17.355053', '2026-06-19 18:07:17.355053'),
	(451, 16, 'event', 'Absensi Renang tanggal 19 Jun 2026', 'Absensi telah diinput admin untuk kegiatan "Renang" di Kolam Renang BSD. Cek riwayat kamu di aplikasi.', 'https://wa.me/6282118785024?text=Absensi%20telah%20diinput%20admin%20untuk%20kegiatan%20%22Renang%22%20di%20Kolam%20Renang%20BSD.%20Cek%20riwayat%20kamu%20di%20aplikasi.', 0, '2026-06-19 18:07:17.435921', '2026-06-19 18:07:17.435921'),
	(452, 17, 'event', 'Absensi Renang tanggal 19 Jun 2026', 'Absensi telah diinput admin untuk kegiatan "Renang" di Kolam Renang BSD. Cek riwayat kamu di aplikasi.', 'https://wa.me/6282218532348?text=Absensi%20telah%20diinput%20admin%20untuk%20kegiatan%20%22Renang%22%20di%20Kolam%20Renang%20BSD.%20Cek%20riwayat%20kamu%20di%20aplikasi.', 0, '2026-06-19 18:07:17.525108', '2026-06-19 18:07:17.525108'),
	(453, 20, 'event', 'Absensi Renang tanggal 19 Jun 2026', 'Absensi telah diinput admin untuk kegiatan "Renang" di Kolam Renang BSD. Cek riwayat kamu di aplikasi.', 'https://wa.me/6287822615464?text=Absensi%20telah%20diinput%20admin%20untuk%20kegiatan%20%22Renang%22%20di%20Kolam%20Renang%20BSD.%20Cek%20riwayat%20kamu%20di%20aplikasi.', 0, '2026-06-19 18:07:17.621038', '2026-06-19 18:07:17.621038'),
	(454, 21, 'event', 'Absensi Renang tanggal 19 Jun 2026', 'Absensi telah diinput admin untuk kegiatan "Renang" di Kolam Renang BSD. Cek riwayat kamu di aplikasi.', '/', 0, '2026-06-19 18:07:17.717655', '2026-06-19 18:07:17.717655'),
	(456, 3, 'event', 'Absensi Badminton tanggal 20 Jun 2026', 'Absensi telah diinput admin untuk kegiatan "Badminton" di GOR Mayasari. Cek riwayat kamu di aplikasi.', 'https://wa.me/6281369248630?text=Absensi%20telah%20diinput%20admin%20untuk%20kegiatan%20%22Badminton%22%20di%20GOR%20Mayasari.%20Cek%20riwayat%20kamu%20di%20aplikasi.', 0, '2026-06-19 22:36:01.045545', '2026-06-19 22:36:01.045545'),
	(458, 5, 'event', 'Absensi Badminton tanggal 20 Jun 2026', 'Absensi telah diinput admin untuk kegiatan "Badminton" di GOR Mayasari. Cek riwayat kamu di aplikasi.', 'https://wa.me/6289525429272?text=Absensi%20telah%20diinput%20admin%20untuk%20kegiatan%20%22Badminton%22%20di%20GOR%20Mayasari.%20Cek%20riwayat%20kamu%20di%20aplikasi.', 0, '2026-06-19 22:36:01.211643', '2026-06-19 22:36:01.211643'),
	(459, 6, 'event', 'Absensi Badminton tanggal 20 Jun 2026', 'Absensi telah diinput admin untuk kegiatan "Badminton" di GOR Mayasari. Cek riwayat kamu di aplikasi.', 'https://wa.me/6282316481216?text=Absensi%20telah%20diinput%20admin%20untuk%20kegiatan%20%22Badminton%22%20di%20GOR%20Mayasari.%20Cek%20riwayat%20kamu%20di%20aplikasi.', 0, '2026-06-19 22:36:01.294385', '2026-06-19 22:36:01.294385'),
	(460, 7, 'event', 'Absensi Badminton tanggal 20 Jun 2026', 'Absensi telah diinput admin untuk kegiatan "Badminton" di GOR Mayasari. Cek riwayat kamu di aplikasi.', 'https://wa.me/6285814120846?text=Absensi%20telah%20diinput%20admin%20untuk%20kegiatan%20%22Badminton%22%20di%20GOR%20Mayasari.%20Cek%20riwayat%20kamu%20di%20aplikasi.', 0, '2026-06-19 22:36:01.377296', '2026-06-19 22:36:01.377296'),
	(457, 4, 'event', 'Absensi Badminton tanggal 20 Jun 2026', 'Absensi telah diinput admin untuk kegiatan "Badminton" di GOR Mayasari. Cek riwayat kamu di aplikasi.', 'https://wa.me/62895337148803?text=Absensi%20telah%20diinput%20admin%20untuk%20kegiatan%20%22Badminton%22%20di%20GOR%20Mayasari.%20Cek%20riwayat%20kamu%20di%20aplikasi.', 1, '2026-06-19 22:36:01.128576', '2026-06-19 22:36:01.128576'),
	(463, 10, 'event', 'Absensi Badminton tanggal 20 Jun 2026', 'Absensi telah diinput admin untuk kegiatan "Badminton" di GOR Mayasari. Cek riwayat kamu di aplikasi.', 'https://wa.me/6282320781890?text=Absensi%20telah%20diinput%20admin%20untuk%20kegiatan%20%22Badminton%22%20di%20GOR%20Mayasari.%20Cek%20riwayat%20kamu%20di%20aplikasi.', 0, '2026-06-19 22:36:01.629333', '2026-06-19 22:36:01.629333'),
	(464, 11, 'event', 'Absensi Badminton tanggal 20 Jun 2026', 'Absensi telah diinput admin untuk kegiatan "Badminton" di GOR Mayasari. Cek riwayat kamu di aplikasi.', 'https://wa.me/6285691767966?text=Absensi%20telah%20diinput%20admin%20untuk%20kegiatan%20%22Badminton%22%20di%20GOR%20Mayasari.%20Cek%20riwayat%20kamu%20di%20aplikasi.', 0, '2026-06-19 22:36:01.713112', '2026-06-19 22:36:01.713112'),
	(465, 13, 'event', 'Absensi Badminton tanggal 20 Jun 2026', 'Absensi telah diinput admin untuk kegiatan "Badminton" di GOR Mayasari. Cek riwayat kamu di aplikasi.', 'https://wa.me/6281223450704?text=Absensi%20telah%20diinput%20admin%20untuk%20kegiatan%20%22Badminton%22%20di%20GOR%20Mayasari.%20Cek%20riwayat%20kamu%20di%20aplikasi.', 0, '2026-06-19 22:36:01.795835', '2026-06-19 22:36:01.795835'),
	(466, 14, 'event', 'Absensi Badminton tanggal 20 Jun 2026', 'Absensi telah diinput admin untuk kegiatan "Badminton" di GOR Mayasari. Cek riwayat kamu di aplikasi.', 'https://wa.me/6287854972839?text=Absensi%20telah%20diinput%20admin%20untuk%20kegiatan%20%22Badminton%22%20di%20GOR%20Mayasari.%20Cek%20riwayat%20kamu%20di%20aplikasi.', 0, '2026-06-19 22:36:01.880472', '2026-06-19 22:36:01.880472'),
	(467, 15, 'event', 'Absensi Badminton tanggal 20 Jun 2026', 'Absensi telah diinput admin untuk kegiatan "Badminton" di GOR Mayasari. Cek riwayat kamu di aplikasi.', 'https://wa.me/6282117100115?text=Absensi%20telah%20diinput%20admin%20untuk%20kegiatan%20%22Badminton%22%20di%20GOR%20Mayasari.%20Cek%20riwayat%20kamu%20di%20aplikasi.', 0, '2026-06-19 22:36:01.96331', '2026-06-19 22:36:01.96331'),
	(468, 16, 'event', 'Absensi Badminton tanggal 20 Jun 2026', 'Absensi telah diinput admin untuk kegiatan "Badminton" di GOR Mayasari. Cek riwayat kamu di aplikasi.', 'https://wa.me/6282118785024?text=Absensi%20telah%20diinput%20admin%20untuk%20kegiatan%20%22Badminton%22%20di%20GOR%20Mayasari.%20Cek%20riwayat%20kamu%20di%20aplikasi.', 0, '2026-06-19 22:36:02.049117', '2026-06-19 22:36:02.049117'),
	(469, 17, 'event', 'Absensi Badminton tanggal 20 Jun 2026', 'Absensi telah diinput admin untuk kegiatan "Badminton" di GOR Mayasari. Cek riwayat kamu di aplikasi.', 'https://wa.me/6282218532348?text=Absensi%20telah%20diinput%20admin%20untuk%20kegiatan%20%22Badminton%22%20di%20GOR%20Mayasari.%20Cek%20riwayat%20kamu%20di%20aplikasi.', 0, '2026-06-19 22:36:02.132972', '2026-06-19 22:36:02.132972'),
	(470, 20, 'event', 'Absensi Badminton tanggal 20 Jun 2026', 'Absensi telah diinput admin untuk kegiatan "Badminton" di GOR Mayasari. Cek riwayat kamu di aplikasi.', 'https://wa.me/6287822615464?text=Absensi%20telah%20diinput%20admin%20untuk%20kegiatan%20%22Badminton%22%20di%20GOR%20Mayasari.%20Cek%20riwayat%20kamu%20di%20aplikasi.', 0, '2026-06-19 22:36:02.21721', '2026-06-19 22:36:02.21721'),
	(471, 21, 'event', 'Absensi Badminton tanggal 20 Jun 2026', 'Absensi telah diinput admin untuk kegiatan "Badminton" di GOR Mayasari. Cek riwayat kamu di aplikasi.', '/', 0, '2026-06-19 22:36:02.300228', '2026-06-19 22:36:02.300228'),
	(455, 2, 'event', 'Absensi Badminton tanggal 20 Jun 2026', 'Absensi telah diinput admin untuk kegiatan "Badminton" di GOR Mayasari. Cek riwayat kamu di aplikasi.', 'https://wa.me/6281386369207?text=Absensi%20telah%20diinput%20admin%20untuk%20kegiatan%20%22Badminton%22%20di%20GOR%20Mayasari.%20Cek%20riwayat%20kamu%20di%20aplikasi.', 1, '2026-06-19 22:36:00.960549', '2026-06-19 22:36:00.960549'),
	(440, 4, 'event', 'Absensi Renang tanggal 19 Jun 2026', 'Absensi telah diinput admin untuk kegiatan "Renang" di Kolam Renang BSD. Cek riwayat kamu di aplikasi.', 'https://wa.me/62895337148803?text=Absensi%20telah%20diinput%20admin%20untuk%20kegiatan%20%22Renang%22%20di%20Kolam%20Renang%20BSD.%20Cek%20riwayat%20kamu%20di%20aplikasi.', 1, '2026-06-19 18:07:16.516987', '2026-06-19 18:07:16.516987'),
	(405, 4, 'event', 'Absensi Ping Pong tanggal 17 Jun 2026', 'Absensi telah diinput admin untuk kegiatan "Ping Pong" di Flamboyan Pingpong. Cek riwayat kamu di aplikasi.', 'https://wa.me/62895337148803?text=Absensi%20telah%20diinput%20admin%20untuk%20kegiatan%20%22Ping%20Pong%22%20di%20Flamboyan%20Pingpong.%20Cek%20riwayat%20kamu%20di%20aplikasi.', 1, '2026-06-17 23:18:59.012965', '2026-06-17 23:18:59.012965'),
	(386, 4, 'event', 'Absensi Badminton tanggal 16 Jun 2026', 'Absensi telah diinput admin untuk kegiatan "Badminton" di GOR Gaza. Cek riwayat kamu di aplikasi.', 'https://wa.me/62895337148803?text=Absensi%20telah%20diinput%20admin%20untuk%20kegiatan%20%22Badminton%22%20di%20GOR%20Gaza.%20Cek%20riwayat%20kamu%20di%20aplikasi.', 1, '2026-06-17 04:36:51.962476', '2026-06-17 04:36:51.962476'),
	(369, 4, 'event', 'Absensi Badminton tanggal 16 Jun 2026', 'Absensi telah diinput admin untuk kegiatan "Badminton" di GOR Gaza. Cek riwayat kamu di aplikasi.', 'https://wa.me/62895337148803?text=Absensi%20telah%20diinput%20admin%20untuk%20kegiatan%20%22Badminton%22%20di%20GOR%20Gaza.%20Cek%20riwayat%20kamu%20di%20aplikasi.', 1, '2026-06-16 15:38:12.209618', '2026-06-16 15:38:12.209618'),
	(352, 4, 'event', 'Absensi Badminton tanggal 16 Jun 2026', 'Absensi telah diinput admin untuk kegiatan "Badminton" di GOR Gaza. Cek riwayat kamu di aplikasi.', 'https://wa.me/62895337148803?text=Absensi%20telah%20diinput%20admin%20untuk%20kegiatan%20%22Badminton%22%20di%20GOR%20Gaza.%20Cek%20riwayat%20kamu%20di%20aplikasi.', 1, '2026-06-16 15:37:40.727443', '2026-06-16 15:37:40.727443'),
	(318, 4, 'event', 'Absensi Badminton tanggal 16 Jun 2026', 'Absensi telah diinput admin untuk kegiatan "Badminton" di GOR Gaza. Cek riwayat kamu di aplikasi.', 'https://wa.me/62895337148803?text=Absensi%20telah%20diinput%20admin%20untuk%20kegiatan%20%22Badminton%22%20di%20GOR%20Gaza.%20Cek%20riwayat%20kamu%20di%20aplikasi.', 1, '2026-06-16 15:35:15.408405', '2026-06-16 15:35:15.408405'),
	(301, 4, 'event', 'Absensi Badminton tanggal 20 Jun 2026', 'Absensi telah diinput admin untuk kegiatan "Badminton" di GOR Mayasari. Cek riwayat kamu di aplikasi.', 'https://wa.me/62895337148803?text=Absensi%20telah%20diinput%20admin%20untuk%20kegiatan%20%22Badminton%22%20di%20GOR%20Mayasari.%20Cek%20riwayat%20kamu%20di%20aplikasi.', 1, '2026-06-16 15:33:45.457355', '2026-06-16 15:33:45.457355'),
	(284, 4, 'event', 'Absensi Badminton tanggal 20 Jun 2026', 'Absensi telah diinput admin untuk kegiatan "Badminton" di GOR Mayasari. Cek riwayat kamu di aplikasi.', 'https://wa.me/62895337148803?text=Absensi%20telah%20diinput%20admin%20untuk%20kegiatan%20%22Badminton%22%20di%20GOR%20Mayasari.%20Cek%20riwayat%20kamu%20di%20aplikasi.', 1, '2026-06-16 15:31:32.054712', '2026-06-16 15:31:32.054712'),
	(267, 4, 'event', 'Absensi Badminton tanggal 20 Jun 2026', 'Absensi telah diinput admin untuk kegiatan "Badminton" di GOR Mayasari. Cek riwayat kamu di aplikasi.', 'https://wa.me/62895337148803?text=Absensi%20telah%20diinput%20admin%20untuk%20kegiatan%20%22Badminton%22%20di%20GOR%20Mayasari.%20Cek%20riwayat%20kamu%20di%20aplikasi.', 1, '2026-06-16 15:31:14.486714', '2026-06-16 15:31:14.486714'),
	(250, 4, 'event', 'Absensi Badminton tanggal 20 Jun 2026', 'Absensi telah diinput admin untuk kegiatan "Badminton" di GOR Mayasari. Cek riwayat kamu di aplikasi.', 'https://wa.me/62895337148803?text=Absensi%20telah%20diinput%20admin%20untuk%20kegiatan%20%22Badminton%22%20di%20GOR%20Mayasari.%20Cek%20riwayat%20kamu%20di%20aplikasi.', 1, '2026-06-16 15:30:37.591934', '2026-06-16 15:30:37.591934'),
	(233, 4, 'event', 'Absensi Badminton tanggal 20 Jun 2026', 'Absensi telah diinput admin untuk kegiatan "Badminton" di GOR Mayasari. Cek riwayat kamu di aplikasi.', 'https://wa.me/62895337148803?text=Absensi%20telah%20diinput%20admin%20untuk%20kegiatan%20%22Badminton%22%20di%20GOR%20Mayasari.%20Cek%20riwayat%20kamu%20di%20aplikasi.', 1, '2026-06-16 15:30:20.508394', '2026-06-16 15:30:20.508394'),
	(211, 4, 'event', 'Absensi Jogging tanggal 13 Jun 2026', 'Absensi telah diinput admin untuk kegiatan "Jogging" di Flamboyan Jogging. Cek riwayat kamu di aplikasi.', 'https://wa.me/62895337148803?text=Absensi%20telah%20diinput%20admin%20untuk%20kegiatan%20%22Jogging%22%20di%20Flamboyan%20Jogging.%20Cek%20riwayat%20kamu%20di%20aplikasi.', 1, '2026-06-13 12:57:15.343624', '2026-06-13 12:57:15.343624'),
	(189, 4, 'event', 'Absensi Jogging tanggal 13 Jun 2026', 'Absensi telah diinput admin untuk kegiatan "Jogging" di Flamboyan Jogging. Cek riwayat kamu di aplikasi.', 'https://wa.me/62895337148803?text=Absensi%20telah%20diinput%20admin%20untuk%20kegiatan%20%22Jogging%22%20di%20Flamboyan%20Jogging.%20Cek%20riwayat%20kamu%20di%20aplikasi.', 1, '2026-06-13 07:56:15.769615', '2026-06-13 07:56:15.769615'),
	(167, 4, 'event', 'Absensi Jogging tanggal 13 Jun 2026', 'Absensi telah diinput admin untuk kegiatan "Jogging" di Flamboyan Jogging. Cek riwayat kamu di aplikasi.', 'https://wa.me/62895337148803?text=Absensi%20telah%20diinput%20admin%20untuk%20kegiatan%20%22Jogging%22%20di%20Flamboyan%20Jogging.%20Cek%20riwayat%20kamu%20di%20aplikasi.', 1, '2026-06-13 06:04:03.832426', '2026-06-13 06:04:03.832426'),
	(145, 4, 'event', 'Absensi Jogging tanggal 13 Jun 2026', 'Absensi telah diinput admin untuk kegiatan "Jogging" di Flamboyan Jogging. Cek riwayat kamu di aplikasi.', 'https://wa.me/62895337148803?text=Absensi%20telah%20diinput%20admin%20untuk%20kegiatan%20%22Jogging%22%20di%20Flamboyan%20Jogging.%20Cek%20riwayat%20kamu%20di%20aplikasi.', 1, '2026-06-13 05:40:59.910441', '2026-06-13 05:40:59.910441'),
	(123, 4, 'event', 'Absensi Jogging tanggal 13 Jun 2026', 'Absensi telah diinput admin untuk kegiatan "Jogging" di Flamboyan Jogging. Cek riwayat kamu di aplikasi.', 'https://wa.me/62895337148803?text=Absensi%20telah%20diinput%20admin%20untuk%20kegiatan%20%22Jogging%22%20di%20Flamboyan%20Jogging.%20Cek%20riwayat%20kamu%20di%20aplikasi.', 1, '2026-06-13 05:40:36.886955', '2026-06-13 05:40:36.886955'),
	(105, 4, 'event', 'Absensi Badminton tanggal 02 Jun 2026', 'Absensi telah diinput admin untuk kegiatan "Badminton" di GOR Gaza. Cek riwayat kamu di aplikasi.', 'https://wa.me/62895337148803?text=Absensi%20telah%20diinput%20admin%20untuk%20kegiatan%20%22Badminton%22%20di%20GOR%20Gaza.%20Cek%20riwayat%20kamu%20di%20aplikasi.', 1, '2026-06-05 20:20:49.33298', '2026-06-05 20:20:49.33298'),
	(88, 4, 'event', 'Absensi Jogging tanggal 05 Jun 2026', 'Absensi telah diinput admin untuk kegiatan "Jogging" di Parkiran Taman Sumringah. Cek riwayat kamu di aplikasi.', 'https://wa.me/62895337148803?text=Absensi%20telah%20diinput%20admin%20untuk%20kegiatan%20%22Jogging%22%20di%20Parkiran%20Taman%20Sumringah.%20Cek%20riwayat%20kamu%20di%20aplikasi.', 1, '2026-06-05 11:08:50.802138', '2026-06-05 11:08:50.802138'),
	(53, 4, 'dm', '💬 Pesan baru dari Firdam', 'Dan', '/dm.php?u=2', 1, '2026-06-01 00:12:43.915597', '2026-06-01 21:23:57.044901'),
	(52, 4, 'dm', '💬 Pesan baru dari Firdam', 'Dan', '/dm.php?u=2', 1, '2026-06-01 00:12:38.298878', '2026-06-01 21:23:57.044901'),
	(51, 4, 'dm', '💬 Pesan baru dari Firdam', 'Tes', '/dm.php?u=2', 1, '2026-06-01 00:12:20.653809', '2026-06-01 21:23:57.044901'),
	(50, 4, 'dm', '💬 Pesan baru dari Firdam', 'Tes', '/dm.php?u=2', 1, '2026-06-01 00:12:11.93225', '2026-06-01 21:23:57.044901'),
	(31, 4, 'event', '🎉 Event baru: Nyate Bersama Idul Adha 1447 H', 'Detail di menu Event.', '/event.php?id=2', 1, '2026-05-29 14:58:54.166954', '2026-06-01 21:23:57.044901'),
	(26, 4, 'titip_pesan', '💌 Titip pesan baru dari Firdam', 'Okay', '/user.php?id=4#titip-pesan', 1, '2026-05-24 14:05:36.654331', '2026-06-01 21:23:57.044901'),
	(24, 4, 'badge', '🏅 Badge baru: Rajin 4 Minggu', 'Hadir 4 minggu berturut-turut', '/profile.php', 1, '2026-05-24 13:54:15.697312', '2026-06-01 21:23:57.044901'),
	(23, 4, 'titip_pesan', '💌 Titip pesan baru dari Firdam', 'Sudah dikirim sisa dp modul 1 ya dan', '/user.php?id=4#titip-pesan', 1, '2026-05-24 13:44:59.686455', '2026-06-01 21:23:57.044901'),
	(20, 4, 'badge', '🏅 Badge baru: All Rounder', 'Hadir di 3 jenis olahraga berbeda', '/profile.php', 1, '2026-05-22 10:34:05.881776', '2026-06-01 21:23:57.044901'),
	(2, 4, 'event', '🏆 Event baru: Lomba Badminton', 'Daftar sekarang di menu Event.', '/event.php?id=1', 1, '2026-05-22 00:27:56.72524', '2026-06-01 21:23:57.044901'),
	(473, 3, 'event', 'Absensi Badminton tanggal 20 Jun 2026', 'Absensi telah diinput admin untuk kegiatan "Badminton" di GOR Mayasari. Cek riwayat kamu di aplikasi.', 'https://wa.me/6281369248630?text=Absensi%20telah%20diinput%20admin%20untuk%20kegiatan%20%22Badminton%22%20di%20GOR%20Mayasari.%20Cek%20riwayat%20kamu%20di%20aplikasi.', 0, '2026-06-20 10:01:29.233564', '2026-06-20 10:01:29.233564'),
	(474, 4, 'event', 'Absensi Badminton tanggal 20 Jun 2026', 'Absensi telah diinput admin untuk kegiatan "Badminton" di GOR Mayasari. Cek riwayat kamu di aplikasi.', 'https://wa.me/62895337148803?text=Absensi%20telah%20diinput%20admin%20untuk%20kegiatan%20%22Badminton%22%20di%20GOR%20Mayasari.%20Cek%20riwayat%20kamu%20di%20aplikasi.', 0, '2026-06-20 10:01:29.313459', '2026-06-20 10:01:29.313459'),
	(475, 5, 'event', 'Absensi Badminton tanggal 20 Jun 2026', 'Absensi telah diinput admin untuk kegiatan "Badminton" di GOR Mayasari. Cek riwayat kamu di aplikasi.', 'https://wa.me/6289525429272?text=Absensi%20telah%20diinput%20admin%20untuk%20kegiatan%20%22Badminton%22%20di%20GOR%20Mayasari.%20Cek%20riwayat%20kamu%20di%20aplikasi.', 0, '2026-06-20 10:01:29.392629', '2026-06-20 10:01:29.392629'),
	(476, 6, 'event', 'Absensi Badminton tanggal 20 Jun 2026', 'Absensi telah diinput admin untuk kegiatan "Badminton" di GOR Mayasari. Cek riwayat kamu di aplikasi.', 'https://wa.me/6282316481216?text=Absensi%20telah%20diinput%20admin%20untuk%20kegiatan%20%22Badminton%22%20di%20GOR%20Mayasari.%20Cek%20riwayat%20kamu%20di%20aplikasi.', 0, '2026-06-20 10:01:29.471919', '2026-06-20 10:01:29.471919'),
	(477, 7, 'event', 'Absensi Badminton tanggal 20 Jun 2026', 'Absensi telah diinput admin untuk kegiatan "Badminton" di GOR Mayasari. Cek riwayat kamu di aplikasi.', 'https://wa.me/6285814120846?text=Absensi%20telah%20diinput%20admin%20untuk%20kegiatan%20%22Badminton%22%20di%20GOR%20Mayasari.%20Cek%20riwayat%20kamu%20di%20aplikasi.', 0, '2026-06-20 10:01:29.551602', '2026-06-20 10:01:29.551602'),
	(478, 8, 'event', 'Absensi Badminton tanggal 20 Jun 2026', 'Absensi telah diinput admin untuk kegiatan "Badminton" di GOR Mayasari. Cek riwayat kamu di aplikasi.', 'https://wa.me/6282184381823?text=Absensi%20telah%20diinput%20admin%20untuk%20kegiatan%20%22Badminton%22%20di%20GOR%20Mayasari.%20Cek%20riwayat%20kamu%20di%20aplikasi.', 0, '2026-06-20 10:01:29.631169', '2026-06-20 10:01:29.631169'),
	(479, 9, 'event', 'Absensi Badminton tanggal 20 Jun 2026', 'Absensi telah diinput admin untuk kegiatan "Badminton" di GOR Mayasari. Cek riwayat kamu di aplikasi.', 'https://wa.me/6289502639933?text=Absensi%20telah%20diinput%20admin%20untuk%20kegiatan%20%22Badminton%22%20di%20GOR%20Mayasari.%20Cek%20riwayat%20kamu%20di%20aplikasi.', 0, '2026-06-20 10:01:29.710413', '2026-06-20 10:01:29.710413'),
	(480, 10, 'event', 'Absensi Badminton tanggal 20 Jun 2026', 'Absensi telah diinput admin untuk kegiatan "Badminton" di GOR Mayasari. Cek riwayat kamu di aplikasi.', 'https://wa.me/6282320781890?text=Absensi%20telah%20diinput%20admin%20untuk%20kegiatan%20%22Badminton%22%20di%20GOR%20Mayasari.%20Cek%20riwayat%20kamu%20di%20aplikasi.', 0, '2026-06-20 10:01:29.789677', '2026-06-20 10:01:29.789677'),
	(481, 11, 'event', 'Absensi Badminton tanggal 20 Jun 2026', 'Absensi telah diinput admin untuk kegiatan "Badminton" di GOR Mayasari. Cek riwayat kamu di aplikasi.', 'https://wa.me/6285691767966?text=Absensi%20telah%20diinput%20admin%20untuk%20kegiatan%20%22Badminton%22%20di%20GOR%20Mayasari.%20Cek%20riwayat%20kamu%20di%20aplikasi.', 0, '2026-06-20 10:01:29.869191', '2026-06-20 10:01:29.869191'),
	(482, 13, 'event', 'Absensi Badminton tanggal 20 Jun 2026', 'Absensi telah diinput admin untuk kegiatan "Badminton" di GOR Mayasari. Cek riwayat kamu di aplikasi.', 'https://wa.me/6281223450704?text=Absensi%20telah%20diinput%20admin%20untuk%20kegiatan%20%22Badminton%22%20di%20GOR%20Mayasari.%20Cek%20riwayat%20kamu%20di%20aplikasi.', 0, '2026-06-20 10:01:29.94843', '2026-06-20 10:01:29.94843'),
	(483, 14, 'event', 'Absensi Badminton tanggal 20 Jun 2026', 'Absensi telah diinput admin untuk kegiatan "Badminton" di GOR Mayasari. Cek riwayat kamu di aplikasi.', 'https://wa.me/6287854972839?text=Absensi%20telah%20diinput%20admin%20untuk%20kegiatan%20%22Badminton%22%20di%20GOR%20Mayasari.%20Cek%20riwayat%20kamu%20di%20aplikasi.', 0, '2026-06-20 10:01:30.027597', '2026-06-20 10:01:30.027597'),
	(484, 15, 'event', 'Absensi Badminton tanggal 20 Jun 2026', 'Absensi telah diinput admin untuk kegiatan "Badminton" di GOR Mayasari. Cek riwayat kamu di aplikasi.', 'https://wa.me/6282117100115?text=Absensi%20telah%20diinput%20admin%20untuk%20kegiatan%20%22Badminton%22%20di%20GOR%20Mayasari.%20Cek%20riwayat%20kamu%20di%20aplikasi.', 0, '2026-06-20 10:01:30.1069', '2026-06-20 10:01:30.1069'),
	(485, 16, 'event', 'Absensi Badminton tanggal 20 Jun 2026', 'Absensi telah diinput admin untuk kegiatan "Badminton" di GOR Mayasari. Cek riwayat kamu di aplikasi.', 'https://wa.me/6282118785024?text=Absensi%20telah%20diinput%20admin%20untuk%20kegiatan%20%22Badminton%22%20di%20GOR%20Mayasari.%20Cek%20riwayat%20kamu%20di%20aplikasi.', 0, '2026-06-20 10:01:30.197375', '2026-06-20 10:01:30.197375'),
	(486, 17, 'event', 'Absensi Badminton tanggal 20 Jun 2026', 'Absensi telah diinput admin untuk kegiatan "Badminton" di GOR Mayasari. Cek riwayat kamu di aplikasi.', 'https://wa.me/6282218532348?text=Absensi%20telah%20diinput%20admin%20untuk%20kegiatan%20%22Badminton%22%20di%20GOR%20Mayasari.%20Cek%20riwayat%20kamu%20di%20aplikasi.', 0, '2026-06-20 10:01:30.277641', '2026-06-20 10:01:30.277641'),
	(487, 20, 'event', 'Absensi Badminton tanggal 20 Jun 2026', 'Absensi telah diinput admin untuk kegiatan "Badminton" di GOR Mayasari. Cek riwayat kamu di aplikasi.', 'https://wa.me/6287822615464?text=Absensi%20telah%20diinput%20admin%20untuk%20kegiatan%20%22Badminton%22%20di%20GOR%20Mayasari.%20Cek%20riwayat%20kamu%20di%20aplikasi.', 0, '2026-06-20 10:01:30.357866', '2026-06-20 10:01:30.357866'),
	(488, 21, 'event', 'Absensi Badminton tanggal 20 Jun 2026', 'Absensi telah diinput admin untuk kegiatan "Badminton" di GOR Mayasari. Cek riwayat kamu di aplikasi.', '/', 0, '2026-06-20 10:01:30.441176', '2026-06-20 10:01:30.441176'),
	(472, 2, 'event', 'Absensi Badminton tanggal 20 Jun 2026', 'Absensi telah diinput admin untuk kegiatan "Badminton" di GOR Mayasari. Cek riwayat kamu di aplikasi.', 'https://wa.me/6281386369207?text=Absensi%20telah%20diinput%20admin%20untuk%20kegiatan%20%22Badminton%22%20di%20GOR%20Mayasari.%20Cek%20riwayat%20kamu%20di%20aplikasi.', 1, '2026-06-20 10:01:29.153176', '2026-06-20 10:01:29.153176');
/*!40000 ALTER TABLE "notifications" ENABLE KEYS */;

-- Dumping data for table public.pengeluaran_kegiatan: -1 rows
/*!40000 ALTER TABLE "pengeluaran_kegiatan" DISABLE KEYS */;
INSERT INTO "pengeluaran_kegiatan" ("id", "jadwal_id", "tanggal", "kategori", "judul", "jumlah", "catatan", "bukti_url", "created_by", "created_at", "dana_dari") VALUES
	(1, 6, '2026-05-23', NULL, 'Sewa Lapang 2 Jam dan Konsumsi', 76000, 'Tidak ada', NULL, 2, '2026-05-30 15:06:08.76388', NULL),
	(3, 1, '2026-04-16', 'Konsumsi', 'Konsumsi', 32000, 'Dani Rifat', NULL, 2, '2026-05-30 15:12:35.797556', NULL),
	(4, 2, '2026-04-22', NULL, 'Sewa Lapang 2 Jam dan Konsumsi', 70000, 'Tidak ada', NULL, 2, '2026-05-30 15:13:20.984815', NULL),
	(5, 5, '2026-05-17', '-', 'Sewa Lapang 2 Jam dan Konsumsi', 55000, 'Tidak ada', NULL, 2, '2026-06-01 22:50:44.855311', NULL),
	(6, 8, '2026-06-02', 'Sewa Lapang', 'Sewa Lapang 2 Jam', 50000, 'Dr Firdam', NULL, 2, '2026-06-02 20:24:50.167984', NULL),
	(7, 8, '2026-06-02', 'Shuttlecock', 'Kok Badminton 1', 10000, 'Dari rifat', NULL, 2, '2026-06-02 20:25:38.08549', NULL),
	(8, 8, '2026-06-02', 'Konsumsi Mie Ayam', 'Mie Ayam Pujas Gor Gaza', 96000, 'Dari Firdam 50 + Aziz 46 (12.000 satu porsi)', NULL, 2, '2026-06-02 20:26:51.364726', NULL),
	(9, 3, '2026-06-02', 'Konsumsi', 'Snack Snack', 35000, 'Dari Rifat', NULL, 2, '2026-06-02 20:29:08.646703', NULL),
	(10, 10, '2026-06-13', 'Konsumsi', 'Makan Wicipi 7 orang', 126000, NULL, NULL, 2, '2026-06-13 07:24:58.09904', NULL),
	(11, 12, '2026-06-16', 'Sewa Lapang dan Air 1', 'Sewa Lapang dan Konsumsi Air 1', 53000, NULL, NULL, 2, '2026-06-17 04:42:02.468491', 'Firdam'),
	(12, 12, '2026-06-16', 'Shuttlecock', 'Shuttlecock Berwyn', 145000, NULL, NULL, 2, '2026-06-17 04:42:43.148721', 'Firdam'),
	(13, 14, '2026-06-19', 'Sewa Lapangan / Konsumsi', 'Harga Tiket Saya dan Dani + 3 Popmie', 66000, NULL, NULL, 2, '2026-06-20 11:27:48.784241', 'Firdam'),
	(14, 11, '2026-06-20', 'Sewa Lapangan', 'Sewa Lapang 2 Jam', 70000, NULL, NULL, 2, '2026-06-20 11:28:41.698985', 'Aziz');
/*!40000 ALTER TABLE "pengeluaran_kegiatan" ENABLE KEYS */;

-- Dumping data for table public.posts: 13 rows
/*!40000 ALTER TABLE "posts" DISABLE KEYS */;
INSERT INTO "posts" ("id", "user_id", "caption", "foto_url", "jenis", "expired_at", "created_at", "repost_of", "media_type", "images_json") VALUES
	(5, 2, 'tes', '/uploads/post_d2dce7a2a089a7d9.jpg', 'story', '2026-05-23 03:53:03.596651', '2026-05-22 03:53:03.596651', NULL, 'image', NULL),
	(8, 2, 'Qurban moal?', NULL, 'story', '2026-05-23 05:00:49.909346', '2026-05-22 05:00:49.909346', NULL, 'image', NULL),
	(10, 2, 'tes b', '/uploads/post_37cbf90924ba9b51.jpg', 'story', '2026-05-23 05:23:01.584754', '2026-05-22 05:23:01.584754', NULL, 'image', NULL),
	(12, 2, 'Dimana ini?', 'uploads/post_2098d5361db54699.jpg', 'story', '2026-05-23 05:28:20.343507', '2026-05-22 05:28:20.343507', NULL, 'image', NULL),
	(20, 2, 'Hiking Zaman doloe...', 'https://ik.imagekit.io/ahsansur/sportapp/social/May_2026/Firdam-story-1779493421-2b6b42d2_AEpezqZSR.jpg', 'story', '2026-05-24 06:43:42.642329', '2026-05-23 06:43:42.642329', NULL, 'image', NULL),
	(21, 2, 'Hati2, jalanan macet penuh dengan persib', 'https://ik.imagekit.io/ahsansur/sportapp/social/May_2026/Firdam-story-1779547426-900d5ed9_c4S84uqK_.jpg', 'story', '2026-05-24 21:43:48.245773', '2026-05-23 21:43:48.245773', NULL, 'image', NULL),
	(22, 2, 'Qurban moal', 'https://ik.imagekit.io/ahsansur/sportapp/social/May_2026/Firdam-post-1779547507-7ed5637f_9n8arlV51.jpg', 'post', NULL, '2026-05-23 21:45:08.625407', NULL, 'image', NULL),
	(23, 2, 'Climate Funding', 'https://ik.imagekit.io/ahsansur/sportapp/social/May_2026/Firdam-post-1779547596-1e76b6d1_9wtvJIxFg.jpg', 'post', NULL, '2026-05-23 21:46:38.411556', NULL, 'image', NULL),
	(25, 4, 'Ngingetan wee...(keur simkuring oge😁)', 'https://ik.imagekit.io/ahsansur/sportapp/social/May_2026/Dani-story-1779605908-2204a5fa_kUSGEz6lb.jpg', 'story', '2026-05-25 13:58:30.336405', '2026-05-24 13:58:30.336405', NULL, 'image', NULL),
	(28, 2, 'Domba terkini', 'https://ik.imagekit.io/ahsansur/sportapp/social/May_2026/Firdam-story-1779768993-21dc48d4_XPYhdHH33.jpg', 'story', '2026-05-27 11:16:35.636885', '2026-05-26 11:16:35.636885', NULL, 'image', NULL),
	(29, 3, '', 'https://ik.imagekit.io/ahsansur/sportapp/social/May_2026/Rifat-story-1779770124-f0e41a1d_1a1BS0Fet.jpg', 'story', '2026-05-27 11:35:26.013084', '2026-05-26 11:35:26.013084', NULL, 'image', NULL),
	(32, 2, 'Antara fakta dan opini', 'https://ik.imagekit.io/ahsansur/sportapp/social/May_2026/Firdam-post-1780049475-cedee336_wPxDCJpb-.jpg', 'post', NULL, '2026-05-29 17:11:17.421259', NULL, 'image', NULL),
	(33, 4, 'Konspirasi or Fakta?', 'https://ik.imagekit.io/ahsansur/sportapp/social/June_2026/Dani-post-1780327470-21d51df0_gVR0VWdgw.jpg', 'post', NULL, '2026-06-01 22:24:32.328472', NULL, 'image', NULL),
	(35, 2, 'Menjelang beberapa hari lagi', 'https://ik.imagekit.io/ahsansur/sportapp/social/June_2026/Firdam-story-1780545790-0a5bd0da_icwT3m8YF.jpg', 'story', '2026-06-05 11:03:12.251466', '2026-06-04 11:03:12.251466', NULL, 'image', NULL),
	(36, 2, 'Dapet dr temen', 'https://ik.imagekit.io/ahsansur/sportapp/social/June_2026/Firdam-post-1780557389-7755bfed_hv-LogMMN.jpg', 'post', NULL, '2026-06-04 14:16:31.435009', NULL, 'image', NULL),
	(37, 2, 'Antara yang terlihat dan kenyataan', 'https://ik.imagekit.io/ahsansur/sportapp/social/June_2026/Firdam-post-1780557518-7a537cdf_ye7Y5bm13.jpg', 'post', NULL, '2026-06-04 14:18:39.890176', NULL, 'image', NULL),
	(38, 2, 'Naon ieu?', 'https://ik.imagekit.io/ahsansur/sportapp/social/June_2026/Firdam-post-1781313030-a4f5b1e7_WM6nPUhbe.jpg', 'post', NULL, '2026-06-13 08:10:31.505273', NULL, 'image', NULL),
	(39, 2, 'Bocil juga renang.. kamu kapan?', 'https://ik.imagekit.io/ahsansur/sportapp/social/June_2026/Firdam-post-1781588317-b2dcc7ad_FBFBWozSj.jpg', 'post', NULL, '2026-06-16 12:38:39.06817', NULL, 'image', NULL),
	(40, 16, 'Menyambut Tahun baru Islam dengan HM 14.48km', 'https://ik.imagekit.io/ahsansur/sportapp/social/June_2026/ADITH_SETIAWAN-story-1781598950-fe41217b_YtyiS_4lW.jpg', 'story', '2026-06-17 15:35:52.132178', '2026-06-16 15:35:52.132178', NULL, 'image', NULL),
	(41, 7, 'jujur tadi asa kurangg waktu mainnyaa soalnya pada jago2 semua ditambah skill saya udh menurun 😭🙏 hrs rajin2 latihan lg euy 😁', 'https://ik.imagekit.io/ahsansur/sportapp/social/June_2026/Faiz-post-1781623696-720893fd_YuPag8ykE.jpg', 'post', NULL, '2026-06-16 22:28:17.841221', NULL, 'image', NULL),
	(42, 2, 'Pertama kali coba..', 'https://ik.imagekit.io/ahsansur/sportapp/social/June_2026/Firdam-post-1781738370-eb12b535_0PjiEw4Jx.jpg', 'post', NULL, '2026-06-18 06:19:31.985291', NULL, 'image', NULL);
/*!40000 ALTER TABLE "posts" ENABLE KEYS */;

-- Dumping data for table public.post_bookmarks: -1 rows
/*!40000 ALTER TABLE "post_bookmarks" DISABLE KEYS */;
INSERT INTO "post_bookmarks" ("user_id", "post_id", "created_at") VALUES
	(4, 33, '2026-06-02 11:30:17.935851');
/*!40000 ALTER TABLE "post_bookmarks" ENABLE KEYS */;

-- Dumping data for table public.post_comments: -1 rows
/*!40000 ALTER TABLE "post_comments" DISABLE KEYS */;
INSERT INTO "post_comments" ("id", "post_id", "user_id", "isi", "created_at", "updated_at") VALUES
	(10, 32, 15, 'Sumber penghasilan zionis', '2026-05-30 09:58:40.957355', NULL),
	(11, 32, 2, 'Tru', '2026-05-30 10:31:45.242195', NULL),
	(12, 32, 2, '🍺', '2026-05-30 10:32:06.204291', NULL),
	(13, 33, 2, 'Dunia terasa luas', '2026-06-01 22:29:29.316883', NULL),
	(15, 42, 11, 'Wiiih Mantappp🔥', '2026-06-18 06:48:16.31874', '2026-06-19 12:16:04.790274'),
	(14, 41, 2, 'Iya euy saya juga asa kurang, insya allah 3 jam  next kita', '2026-06-17 18:28:56.157528', '2026-06-19 12:16:49.343009'),
	(16, 42, 7, 'mauu jugaa dongg', '2026-06-19 18:28:41.371683', NULL),
	(17, 41, 7, 'siapp Bangg', '2026-06-19 18:29:06.448505', NULL),
	(18, 42, 21, 'Mantap', '2026-06-20 12:50:33.605876', NULL);
/*!40000 ALTER TABLE "post_comments" ENABLE KEYS */;

-- Dumping data for table public.post_hashtags: -1 rows
/*!40000 ALTER TABLE "post_hashtags" DISABLE KEYS */;
/*!40000 ALTER TABLE "post_hashtags" ENABLE KEYS */;

-- Dumping data for table public.post_likes: -1 rows
/*!40000 ALTER TABLE "post_likes" DISABLE KEYS */;
INSERT INTO "post_likes" ("post_id", "user_id", "created_at") VALUES
	(23, 2, '2026-05-24 17:51:28.688676'),
	(22, 2, '2026-05-24 21:27:42.950059'),
	(32, 2, '2026-05-29 17:11:38.556404'),
	(22, 15, '2026-05-30 09:59:06.795263'),
	(33, 2, '2026-06-01 22:29:52.872995'),
	(33, 4, '2026-06-02 11:30:23.159956'),
	(38, 2, '2026-06-14 13:42:00.164657'),
	(37, 2, '2026-06-14 13:42:18.882106'),
	(41, 11, '2026-06-17 15:51:58.788731'),
	(41, 2, '2026-06-17 18:29:22.882092'),
	(42, 2, '2026-06-18 06:20:02.496229'),
	(42, 11, '2026-06-18 06:47:03.959835'),
	(42, 16, '2026-06-19 21:59:03.954528'),
	(42, 21, '2026-06-20 12:50:55.920739');
/*!40000 ALTER TABLE "post_likes" ENABLE KEYS */;

-- Dumping data for table public.post_mentions: -1 rows
/*!40000 ALTER TABLE "post_mentions" DISABLE KEYS */;
/*!40000 ALTER TABLE "post_mentions" ENABLE KEYS */;

-- Dumping data for table public.post_reports: -1 rows
/*!40000 ALTER TABLE "post_reports" DISABLE KEYS */;
/*!40000 ALTER TABLE "post_reports" ENABLE KEYS */;

-- Dumping data for table public.post_views: -1 rows
/*!40000 ALTER TABLE "post_views" DISABLE KEYS */;
INSERT INTO "post_views" ("post_id", "user_id", "viewed_at") VALUES
	(25, 3, '2026-05-24 16:44:50.2914'),
	(21, 3, '2026-05-24 16:45:06.41631'),
	(21, 2, '2026-05-24 16:53:01.202804'),
	(25, 2, '2026-05-24 16:53:15.55592'),
	(21, 14, '2026-05-24 19:46:01.157275'),
	(28, 2, '2026-05-26 11:17:00.071517'),
	(28, 3, '2026-05-26 11:36:11.94052'),
	(29, 16, '2026-05-26 11:40:20.585951'),
	(29, 14, '2026-05-26 11:40:33.125094'),
	(29, 2, '2026-05-26 15:41:05.828374'),
	(35, 2, '2026-06-04 11:03:30.23482'),
	(35, 16, '2026-06-05 05:36:36.635217');
/*!40000 ALTER TABLE "post_views" ENABLE KEYS */;

-- Dumping data for table public.push_seen: -1 rows
/*!40000 ALTER TABLE "push_seen" DISABLE KEYS */;
INSERT INTO "push_seen" ("user_id", "last_notif_id", "updated_at") VALUES
	(15, 11, '2026-05-23 21:18:51.120847'),
	(20, 39, '2026-05-29 15:55:47.827124'),
	(11, 412, '2026-06-18 06:33:50.153558'),
	(14, 414, '2026-06-19 11:47:07.002726'),
	(6, 459, '2026-06-20 01:25:59.196956'),
	(16, 468, '2026-06-20 08:08:07.270717'),
	(3, 473, '2026-06-20 11:42:08.23805'),
	(21, 488, '2026-06-20 12:50:14.187281'),
	(2, 490, '2026-06-20 12:51:10.453097'),
	(4, 474, '2026-06-20 16:33:13.978235');
/*!40000 ALTER TABLE "push_seen" ENABLE KEYS */;

-- Dumping data for table public.qr_tokens: -1 rows
/*!40000 ALTER TABLE "qr_tokens" DISABLE KEYS */;
INSERT INTO "qr_tokens" ("id", "jadwal_id", "token", "valid_from", "valid_until", "lat", "lng", "radius_meter", "created_at") VALUES
	(5, 6, 'cd37adec1cf2590065502b658ecf499d', '2026-05-23 05:49:08.58788', '2026-05-24 05:49:08.58788', -6.930473, 107.731552, 150, '2026-05-23 05:49:08.58788');
/*!40000 ALTER TABLE "qr_tokens" ENABLE KEYS */;

-- Dumping data for table public.quran_bookmarks: -1 rows
/*!40000 ALTER TABLE "quran_bookmarks" DISABLE KEYS */;
INSERT INTO "quran_bookmarks" ("id", "user_id", "surah", "ayat", "catatan", "created_at") VALUES
	(1, 2, 2, 5, '', '2026-05-24 00:36:28.512328'),
	(7, 2, 60, 12, '', '2026-05-24 10:24:33.534955'),
	(10, 2, 24, 55, '', '2026-06-13 08:29:00.282281');
/*!40000 ALTER TABLE "quran_bookmarks" ENABLE KEYS */;

-- Dumping data for table public.quran_last_read: -1 rows
/*!40000 ALTER TABLE "quran_last_read" DISABLE KEYS */;
INSERT INTO "quran_last_read" ("user_id", "surah", "ayat", "updated_at") VALUES
	(2, 7, 179, '2026-06-13 08:08:51.572806');
/*!40000 ALTER TABLE "quran_last_read" ENABLE KEYS */;

-- Dumping data for table public.rate_limit: 1 rows
/*!40000 ALTER TABLE "rate_limit" DISABLE KEYS */;
INSERT INTO "rate_limit" ("bucket", "ts") VALUES
	('login:114.122.83.62', '2026-06-21 17:30:37.659359');
/*!40000 ALTER TABLE "rate_limit" ENABLE KEYS */;

-- Dumping data for table public.referal_codes: -1 rows
/*!40000 ALTER TABLE "referal_codes" DISABLE KEYS */;
INSERT INTO "referal_codes" ("id", "kode", "deskripsi", "aktif", "max_pakai", "jumlah_terpakai", "dibuat_oleh", "expired_at", "created_at") VALUES
	(1, 'HAPFAM2211', '', 1, 5, 0, 2, '2026-05-24', '2026-05-23 23:46:16.842891');
/*!40000 ALTER TABLE "referal_codes" ENABLE KEYS */;

-- Dumping data for table public.run_points: 148 rows
/*!40000 ALTER TABLE "run_points" DISABLE KEYS */;
INSERT INTO "run_points" ("id", "session_id", "lat", "lng", "ts", "speed_mps", "accuracy_m") VALUES
	(1629, 19, -6.9295148, 107.7123639, '2026-06-12 06:29:17.943336', 1.0881296396255, 5.451000213623),
	(1643, 19, -6.9298064, 107.7122274, '2026-06-12 06:29:52.993455', 1.6439760923386, 4.308000087738),
	(1654, 20, -6.9255127, 107.7294649, '2026-06-16 08:29:25.283821', NULL, 19.211999893188),
	(1668, 20, -6.9255127, 107.7294649, '2026-06-16 08:31:11.268372', NULL, 19.211999893188),
	(1682, 20, -6.9266967, 107.7295267, '2026-06-16 08:31:42.358007', 4.5099959373474, 4.0199999809265),
	(1696, 20, -6.9269417, 107.7294583, '2026-06-16 08:32:14.144968', 4.8852286338806, 2.0829999446869),
	(1710, 20, -6.927205, 107.7293467, '2026-06-16 08:32:39.45917', 4.513599395752, 1.8999999761581),
	(1724, 20, -6.927495, 107.729255, '2026-06-16 08:33:16.156056', 4.9984674453735, 1.8830000162125),
	(1738, 20, -6.927495, 107.729255, '2026-06-16 08:33:46.537468', 4.9984674453735, 1.8830000162125),
	(1626, 18, -6.9273999, 107.713202, '2026-06-11 06:05:33.973114', 0.86307621002197, 3.4549999237061),
	(1752, 20, -6.927545, 107.729235, '2026-06-16 08:34:15.806356', 5.1281776428223, 1.8830000162125),
	(1766, 20, -6.9278433, 107.7290633, '2026-06-16 08:34:46.803483', 5.9898223876953, 1.7999999523163),
	(1630, 19, -6.9295148, 107.7123639, '2026-06-12 06:29:19.757036', 1.0881296396255, 5.451000213623),
	(1644, 19, -6.9297159, 107.712249, '2026-06-12 06:29:54.773102', 1.0246359109879, 4.710000038147),
	(1655, 20, -6.9255127, 107.7294649, '2026-06-16 08:29:27.655287', NULL, 19.211999893188),
	(1669, 20, -6.9255127, 107.7294649, '2026-06-16 08:31:13.098641', NULL, 19.211999893188),
	(1683, 20, -6.9267783, 107.7295267, '2026-06-16 08:31:44.146992', 4.6546330451965, 2.7000000476837),
	(1697, 20, -6.926985, 107.72944, '2026-06-16 08:32:15.943484', 4.9258918762207, 2.0160000324249),
	(1711, 20, -6.927205, 107.7293467, '2026-06-16 08:32:41.248975', 4.513599395752, 1.8999999761581),
	(1725, 20, -6.927495, 107.729255, '2026-06-16 08:33:17.963015', 4.9984674453735, 1.8830000162125),
	(1739, 20, -6.927495, 107.729255, '2026-06-16 08:33:48.380006', 4.9984674453735, 1.8830000162125),
	(1627, 18, -6.9273999, 107.713202, '2026-06-11 06:05:35.762836', 0.86307621002197, 3.4549999237061),
	(1753, 20, -6.927545, 107.729235, '2026-06-16 08:34:17.640006', 5.1281776428223, 1.8830000162125),
	(1767, 20, -6.9278433, 107.7290633, '2026-06-16 08:34:50.514768', 5.9898223876953, 1.7999999523163),
	(1631, 19, -6.9295586, 107.7123285, '2026-06-12 06:29:22.897194', 1.0467429161072, 5.5980000495911),
	(1645, 19, -6.9298258, 107.7121827, '2026-06-12 06:29:56.560376', 1.2770917415619, 3.2409999370575),
	(1656, 20, -6.9255127, 107.7294649, '2026-06-16 08:30:23.58646', NULL, 19.211999893188),
	(1670, 20, -6.9255127, 107.7294649, '2026-06-16 08:31:14.873249', NULL, 19.211999893188),
	(1684, 20, -6.9268567, 107.7294967, '2026-06-16 08:31:45.981967', 4.5825719833374, 2.2400000095367),
	(1698, 20, -6.926985, 107.72944, '2026-06-16 08:32:17.750589', 4.9258918762207, 2.0160000324249),
	(1712, 20, -6.92729, 107.7293133, '2026-06-16 08:32:45.267461', 4.5774245262146, 1.8830000162125),
	(1726, 20, -6.927495, 107.729255, '2026-06-16 08:33:19.768781', 4.9984674453735, 1.8830000162125),
	(1740, 20, -6.927495, 107.729255, '2026-06-16 08:33:50.131044', 4.9984674453735, 1.8830000162125),
	(1628, 18, -6.9273999, 107.713202, '2026-06-11 06:05:38.285341', 0.86307621002197, 3.4549999237061),
	(1754, 20, -6.9275983, 107.7292117, '2026-06-16 08:34:19.416479', 5.2970066070557, 1.8830000162125),
	(1768, 20, -6.927545, 107.729235, '2026-06-16 08:34:52.874807', 5.1281776428223, 1.8830000162125),
	(1632, 19, -6.9295586, 107.7123285, '2026-06-12 06:29:24.727289', 1.0467429161072, 5.5980000495911),
	(1646, 19, -6.9297608, 107.7122237, '2026-06-12 06:29:58.933733', 1.5747481584549, 4.7220001220703),
	(1657, 20, -6.9255127, 107.7294649, '2026-06-16 08:30:27.691768', NULL, 19.211999893188),
	(1671, 20, -6.9255127, 107.7294649, '2026-06-16 08:31:16.647505', NULL, 19.211999893188),
	(1685, 20, -6.9268567, 107.7294967, '2026-06-16 08:31:49.732963', 4.5825719833374, 2.2400000095367),
	(1699, 20, -6.927065, 107.729405, '2026-06-16 08:32:19.546458', 4.7112526893616, 1.9329999685287),
	(1713, 20, -6.92729, 107.7293133, '2026-06-16 08:32:47.041243', 4.5774245262146, 1.8830000162125),
	(1727, 20, -6.927495, 107.729255, '2026-06-16 08:33:21.531692', 4.9984674453735, 1.8830000162125),
	(1741, 20, -6.927495, 107.729255, '2026-06-16 08:33:51.906942', 4.9984674453735, 1.8830000162125),
	(1755, 20, -6.927545, 107.729235, '2026-06-16 08:34:21.195295', 5.1281776428223, 1.8830000162125),
	(1769, 20, -6.92789, 107.7290267, '2026-06-16 08:34:54.661969', 6.0824723243713, 1.7999999523163),
	(1633, 19, -6.9295944, 107.7122983, '2026-06-12 06:29:33.177181', 0.736512362957, 4.8509998321533),
	(1647, 19, -6.9297608, 107.7122237, '2026-06-12 06:30:00.802724', 1.5747481584549, 4.7220001220703),
	(1658, 20, -6.9255127, 107.7294649, '2026-06-16 08:30:31.166559', NULL, 19.211999893188),
	(1672, 20, -6.926006, 107.7298914, '2026-06-16 08:31:18.401365', NULL, 18.340000152588),
	(1686, 20, -6.9268567, 107.7294967, '2026-06-16 08:31:52.081561', 4.5825719833374, 2.2400000095367),
	(1700, 20, -6.927065, 107.729405, '2026-06-16 08:32:21.465623', 4.7112526893616, 1.9329999685287),
	(1714, 20, -6.92729, 107.7293133, '2026-06-16 08:32:48.843799', 4.5774245262146, 1.8830000162125),
	(1728, 20, -6.927495, 107.729255, '2026-06-16 08:33:25.236868', 4.9984674453735, 1.8830000162125),
	(1742, 20, -6.927495, 107.729255, '2026-06-16 08:33:55.363317', 4.9984674453735, 1.8830000162125),
	(1756, 20, -6.9276467, 107.7291867, '2026-06-16 08:34:23.024471', 5.4817914962769, 1.8660000562668),
	(1770, 20, -6.92789, 107.7290267, '2026-06-16 08:34:56.423526', 6.0824723243713, 1.7999999523163),
	(1634, 19, -6.9295944, 107.7122983, '2026-06-12 06:29:34.973432', 0.736512362957, 4.8509998321533),
	(1648, 19, -6.9297159, 107.712249, '2026-06-12 06:30:06.394818', 1.0246359109879, 4.710000038147),
	(1659, 20, -6.9255127, 107.7294649, '2026-06-16 08:30:40.640245', NULL, 19.211999893188),
	(1673, 20, -6.9260967, 107.7296367, '2026-06-16 08:31:20.223108', 4.4816865921021, 8),
	(1687, 20, -6.9269, 107.7294783, '2026-06-16 08:31:53.846128', 4.9902319908142, 2.2000000476837),
	(1701, 20, -6.927065, 107.729405, '2026-06-16 08:32:23.322423', 4.7112526893616, 1.9329999685287),
	(1715, 20, -6.9273433, 107.7292967, '2026-06-16 08:32:50.643331', 4.6891193389893, 1.8830000162125),
	(1729, 20, -6.927495, 107.729255, '2026-06-16 08:33:27.586592', 4.9984674453735, 1.8830000162125),
	(1743, 20, -6.927495, 107.729255, '2026-06-16 08:33:57.132519', 4.9984674453735, 1.8830000162125),
	(1757, 20, -6.927545, 107.729235, '2026-06-16 08:34:25.382819', 5.1281776428223, 1.8830000162125),
	(1771, 20, -6.927545, 107.729235, '2026-06-16 08:34:58.188257', 5.1281776428223, 1.8830000162125),
	(1635, 19, -6.9295944, 107.7122983, '2026-06-12 06:29:36.782834', 0.736512362957, 4.8509998321533),
	(1649, 19, -6.9298258, 107.7121827, '2026-06-12 06:30:08.232326', 1.2770917415619, 3.2409999370575),
	(1660, 20, -6.9255127, 107.7294649, '2026-06-16 08:30:44.158061', NULL, 19.211999893188),
	(1674, 20, -6.9266267, 107.729555, '2026-06-16 08:31:23.962326', 4.8919200897217, 5.0659999847412),
	(1688, 20, -6.9269, 107.7294783, '2026-06-16 08:31:57.374937', 4.9902319908142, 2.2000000476837),
	(1702, 20, -6.927065, 107.729405, '2026-06-16 08:32:25.082548', 4.7112526893616, 1.9329999685287),
	(1716, 20, -6.926006, 107.7298914, '2026-06-16 08:32:53.010586', NULL, 18.340000152588),
	(1730, 20, -6.927495, 107.729255, '2026-06-16 08:33:29.354976', 4.9984674453735, 1.8830000162125),
	(1744, 20, -6.927495, 107.729255, '2026-06-16 08:33:58.889194', 4.9984674453735, 1.8830000162125),
	(1758, 20, -6.9276917, 107.72916, '2026-06-16 08:34:27.228999', 5.6629738807678, 1.8500000238419),
	(1772, 20, -6.927935, 107.7289883, '2026-06-16 08:34:59.953956', 6.1370329856873, 1.7829999923706),
	(1636, 19, -6.9295944, 107.7122983, '2026-06-12 06:29:38.580692', 0.736512362957, 4.8509998321533),
	(1650, 19, -6.9297608, 107.7122237, '2026-06-12 06:30:10.052912', 1.5747481584549, 4.7220001220703),
	(1661, 20, -6.9255127, 107.7294649, '2026-06-16 08:30:45.943863', NULL, 19.211999893188),
	(1675, 20, -6.9266267, 107.729555, '2026-06-16 08:31:25.717119', 4.8919200897217, 5.0659999847412),
	(1689, 20, -6.9269, 107.7294783, '2026-06-16 08:31:59.129228', 4.9902319908142, 2.2000000476837),
	(1703, 20, -6.927065, 107.729405, '2026-06-16 08:32:26.88186', 4.7112526893616, 1.9329999685287),
	(1717, 20, -6.927395, 107.7292817, '2026-06-16 08:32:54.771204', 4.7663278579712, 1.8830000162125),
	(1731, 20, -6.927495, 107.729255, '2026-06-16 08:33:33.423276', 4.9984674453735, 1.8830000162125),
	(1745, 20, -6.927495, 107.729255, '2026-06-16 08:34:02.665075', 4.9984674453735, 1.8830000162125),
	(1759, 20, -6.9276917, 107.72916, '2026-06-16 08:34:34.415545', 5.6629738807678, 1.8500000238419),
	(1773, 20, -6.927545, 107.729235, '2026-06-16 08:35:01.719712', 5.1281776428223, 1.8830000162125),
	(1637, 19, -6.9296645, 107.7122686, '2026-06-12 06:29:40.357825', 0.96938896179199, 4.6350002288818),
	(1651, 19, -6.9298064, 107.7122274, '2026-06-12 06:30:11.848989', 1.6439760923386, 4.308000087738),
	(1662, 20, -6.9255127, 107.7294649, '2026-06-16 08:30:49.71086', NULL, 19.211999893188),
	(1676, 20, -6.9266267, 107.729555, '2026-06-16 08:31:27.535982', 4.8919200897217, 5.0659999847412),
	(1690, 20, -6.9269, 107.7294783, '2026-06-16 08:32:00.884265', 4.9902319908142, 2.2000000476837),
	(1704, 20, -6.927065, 107.729405, '2026-06-16 08:32:28.63397', 4.7112526893616, 1.9329999685287),
	(1718, 20, -6.927395, 107.7292817, '2026-06-16 08:32:57.133288', 4.7663278579712, 1.8830000162125),
	(1732, 20, -6.927495, 107.729255, '2026-06-16 08:33:35.7925', 4.9984674453735, 1.8830000162125),
	(1746, 20, -6.927495, 107.729255, '2026-06-16 08:34:04.473221', 4.9984674453735, 1.8830000162125),
	(1760, 20, -6.927545, 107.729235, '2026-06-16 08:34:36.189208', 5.1281776428223, 1.8830000162125),
	(1638, 19, -6.9296645, 107.7122686, '2026-06-12 06:29:42.159145', 0.96938896179199, 4.6350002288818),
	(1652, 19, -6.9298064, 107.7122274, '2026-06-12 06:30:13.693481', 1.6439760923386, 4.308000087738),
	(1663, 20, -6.9255127, 107.7294649, '2026-06-16 08:30:56.371647', NULL, 19.211999893188),
	(1677, 20, -6.9266267, 107.729555, '2026-06-16 08:31:33.358499', 4.8919200897217, 5.0659999847412),
	(1691, 20, -6.9269, 107.7294783, '2026-06-16 08:32:04.650636', 4.9902319908142, 2.2000000476837),
	(1705, 20, -6.927065, 107.729405, '2026-06-16 08:32:30.468682', 4.7112526893616, 1.9329999685287),
	(1719, 20, -6.927395, 107.7292817, '2026-06-16 08:32:59.518376', 4.7663278579712, 1.8830000162125),
	(1733, 20, -6.927495, 107.729255, '2026-06-16 08:33:37.590399', 4.9984674453735, 1.8830000162125),
	(1747, 20, -6.927495, 107.729255, '2026-06-16 08:34:06.28374', 4.9984674453735, 1.8830000162125),
	(1761, 20, -6.9277417, 107.7291317, '2026-06-16 08:34:37.953393', 5.81893491745, 1.8329999446869),
	(1639, 19, -6.9297159, 107.712249, '2026-06-12 06:29:43.938706', 1.0246359109879, 4.710000038147),
	(1653, 19, -6.9305583, 107.7111442, '2026-06-12 07:06:35.512409', NULL, 30.114000320435),
	(1664, 20, -6.9255127, 107.7294649, '2026-06-16 08:30:58.164779', NULL, 19.211999893188),
	(1678, 20, -6.9266267, 107.729555, '2026-06-16 08:31:35.196744', 4.8919200897217, 5.0659999847412),
	(1692, 20, -6.9269, 107.7294783, '2026-06-16 08:32:06.448007', 4.9902319908142, 2.2000000476837),
	(1706, 20, -6.9271383, 107.729375, '2026-06-16 08:32:32.234619', 4.6520595550537, 1.8999999761581),
	(1720, 20, -6.927445, 107.72927, '2026-06-16 08:33:07.822324', 4.8903756141663, 1.8830000162125),
	(1734, 20, -6.927495, 107.729255, '2026-06-16 08:33:39.367726', 4.9984674453735, 1.8830000162125),
	(1748, 20, -6.927495, 107.729255, '2026-06-16 08:34:08.651372', 4.9984674453735, 1.8830000162125),
	(1762, 20, -6.927545, 107.729235, '2026-06-16 08:34:39.714617', 5.1281776428223, 1.8830000162125),
	(1640, 19, -6.9297159, 107.712249, '2026-06-12 06:29:45.721809', 1.0246359109879, 4.710000038147),
	(1665, 20, -6.9255127, 107.7294649, '2026-06-16 08:31:00.519365', NULL, 19.211999893188),
	(1679, 20, -6.9266967, 107.7295267, '2026-06-16 08:31:36.988428', 4.5099959373474, 4.0199999809265),
	(1693, 20, -6.9269, 107.7294783, '2026-06-16 08:32:08.253657', 4.9902319908142, 2.2000000476837),
	(1707, 20, -6.9271383, 107.729375, '2026-06-16 08:32:34.016255', 4.6520595550537, 1.8999999761581),
	(1721, 20, -6.927495, 107.729255, '2026-06-16 08:33:10.189214', 4.9984674453735, 1.8830000162125),
	(1735, 20, -6.927495, 107.729255, '2026-06-16 08:33:41.160974', 4.9984674453735, 1.8830000162125),
	(1749, 20, -6.927495, 107.729255, '2026-06-16 08:34:10.463782', 4.9984674453735, 1.8830000162125),
	(1763, 20, -6.9277933, 107.7290967, '2026-06-16 08:34:41.495312', 5.9398946762085, 1.8159999847412),
	(1641, 19, -6.9296645, 107.7122686, '2026-06-12 06:29:49.446426', 0.96938896179199, 4.6350002288818),
	(1666, 20, -6.9255127, 107.7294649, '2026-06-16 08:31:06.066518', NULL, 19.211999893188),
	(1680, 20, -6.9266967, 107.7295267, '2026-06-16 08:31:38.781869', 4.5099959373474, 4.0199999809265),
	(1694, 20, -6.9269417, 107.7294583, '2026-06-16 08:32:10.606403', 4.8852286338806, 2.0829999446869),
	(1708, 20, -6.927205, 107.7293467, '2026-06-16 08:32:35.840083', 4.513599395752, 1.8999999761581),
	(1722, 20, -6.927495, 107.729255, '2026-06-16 08:33:12.01861', 4.9984674453735, 1.8830000162125),
	(1736, 20, -6.927495, 107.729255, '2026-06-16 08:33:42.916644', 4.9984674453735, 1.8830000162125),
	(1750, 20, -6.927545, 107.729235, '2026-06-16 08:34:12.21927', 5.1281776428223, 1.8830000162125),
	(1764, 20, -6.927545, 107.729235, '2026-06-16 08:34:43.253695', 5.1281776428223, 1.8830000162125),
	(1642, 19, -6.9296645, 107.7122686, '2026-06-12 06:29:51.225696', 0.96938896179199, 4.6350002288818),
	(1667, 20, -6.9255127, 107.7294649, '2026-06-16 08:31:07.827526', NULL, 19.211999893188),
	(1681, 20, -6.9266967, 107.7295267, '2026-06-16 08:31:40.580033', 4.5099959373474, 4.0199999809265),
	(1695, 20, -6.9269417, 107.7294583, '2026-06-16 08:32:12.373228', 4.8852286338806, 2.0829999446869),
	(1709, 20, -6.927205, 107.7293467, '2026-06-16 08:32:37.684218', 4.513599395752, 1.8999999761581),
	(1723, 20, -6.927495, 107.729255, '2026-06-16 08:33:13.777036', 4.9984674453735, 1.8830000162125),
	(1737, 20, -6.927495, 107.729255, '2026-06-16 08:33:44.730103', 4.9984674453735, 1.8830000162125),
	(1751, 20, -6.927545, 107.729235, '2026-06-16 08:34:14.003324', 5.1281776428223, 1.8830000162125),
	(1765, 20, -6.9278433, 107.7290633, '2026-06-16 08:34:45.011593', 5.9898223876953, 1.7999999523163);
/*!40000 ALTER TABLE "run_points" ENABLE KEYS */;

-- Dumping data for table public.run_routes: -1 rows
/*!40000 ALTER TABLE "run_routes" DISABLE KEYS */;
INSERT INTO "run_routes" ("id", "user_id", "nama", "jarak_m", "elevasi_pref", "surface_pref", "geojson", "is_public", "created_at") VALUES
	(6, 2, 'Jogging Home', 5206.6, 'apa-saja', 'apa-saja', '{"type": "Feature", "coords": [[-6.92537, 107.729319], [-6.925498, 107.729545], [-6.925647, 107.729775], [-6.925856, 107.730045], [-6.926144, 107.729799], [-6.926242, 107.729726], [-6.926347, 107.729655], [-6.926411, 107.729602], [-6.926551, 107.729527], [-6.926636, 107.729486], [-6.926728, 107.729445], [-6.927215, 107.7293], [-6.927083, 107.72891], [-6.926832, 107.728378], [-6.926761, 107.72813], [-6.926659, 107.727875], [-6.926597, 107.727743], [-6.926497, 107.727573], [-6.926426, 107.727455], [-6.926387, 107.727384], [-6.926338, 107.727423], [-6.926236, 107.72752], [-6.926161, 107.727583], [-6.926082, 107.727651], [-6.925959, 107.727753], [-6.925909, 107.727807], [-6.92586, 107.727851], [-6.925776, 107.727959], [-6.925747, 107.728011], [-6.925731, 107.72807], [-6.925705, 107.728136], [-6.925657, 107.728195], [-6.9256, 107.728231], [-6.925216, 107.727499], [-6.925199, 107.727466], [-6.925131, 107.727458], [-6.925032, 107.727435], [-6.924939, 107.727419], [-6.924837, 107.727504], [-6.924714, 107.727578], [-6.924602, 107.727658], [-6.924433, 107.72774], [-6.92421, 107.727815], [-6.924087, 107.727859], [-6.923766, 107.727974], [-6.92369, 107.728009], [-6.923332, 107.728128], [-6.923153, 107.728189], [-6.923128, 107.728044], [-6.923111, 107.727988], [-6.923087, 107.727954], [-6.923051, 107.727929], [-6.922874, 107.727912], [-6.922771, 107.727939], [-6.922732, 107.727955], [-6.922661, 107.727985], [-6.922622, 107.727991], [-6.922601, 107.727987], [-6.92258, 107.727971], [-6.922452, 107.727736], [-6.922465, 107.72776], [-6.92258, 107.727971], [-6.922601, 107.727987], [-6.922622, 107.727991], [-6.922661, 107.727985], [-6.922732, 107.727955], [-6.922771, 107.727939], [-6.922874, 107.727912], [-6.923051, 107.727929], [-6.923087, 107.727954], [-6.923111, 107.727988], [-6.923128, 107.728044], [-6.923153, 107.728189], [-6.922387, 107.728464], [-6.92226, 107.728497], [-6.922161, 107.728533], [-6.922084, 107.728575], [-6.922022, 107.728614], [-6.92179, 107.728776], [-6.921735, 107.728828], [-6.921574, 107.728998], [-6.921462, 107.729161], [-6.921136, 107.729531], [-6.92106, 107.729641], [-6.921028, 107.729694], [-6.921001, 107.729734], [-6.920826, 107.729488], [-6.920557, 107.729094], [-6.920467, 107.72899], [-6.920557, 107.729094], [-6.920687, 107.729285], [-6.920826, 107.729488], [-6.921001, 107.729734], [-6.920974, 107.729778], [-6.920658, 107.729938], [-6.920293, 107.730184], [-6.920057, 107.730313], [-6.919982, 107.730357], [-6.919835, 107.730437], [-6.919565, 107.730628], [-6.919392, 107.730763], [-6.919345, 107.730802], [-6.919274, 107.730867], [-6.9191, 107.731104], [-6.918943, 107.731386], [-6.918883, 107.731526], [-6.919037, 107.731706], [-6.919162, 107.731888], [-6.919279, 107.732074], [-6.9193, 107.732111], [-6.919326, 107.732123], [-6.919357, 107.732117], [-6.91938, 107.732105], [-6.919985, 107.731714], [-6.920029, 107.731686], [-6.92018, 107.731602], [-6.920223, 107.731577], [-6.92027, 107.731551], [-6.920459, 107.731432], [-6.920468, 107.73143], [-6.920476, 107.731432], [-6.920493, 107.73145], [-6.920497, 107.731452], [-6.920501, 107.731451], [-6.920569, 107.731394], [-6.920639, 107.731346], [-6.920686, 107.731308], [-6.920773, 107.731208], [-6.920886, 107.731065], [-6.920899, 107.731055], [-6.920923, 107.731044], [-6.920947, 107.731041], [-6.920964, 107.731049], [-6.92098, 107.731069], [-6.920964, 107.731049], [-6.920947, 107.731041], [-6.920923, 107.731044], [-6.920899, 107.731055], [-6.920886, 107.731065], [-6.920886, 107.731065], [-6.920773, 107.731208], [-6.920686, 107.731308], [-6.920639, 107.731346], [-6.920569, 107.731394], [-6.920501, 107.731451], [-6.920497, 107.731452], [-6.920493, 107.73145], [-6.920476, 107.731432], [-6.920468, 107.73143], [-6.920459, 107.731432], [-6.92027, 107.731551], [-6.920223, 107.731577], [-6.92018, 107.731602], [-6.920029, 107.731686], [-6.919985, 107.731714], [-6.91938, 107.732105], [-6.919357, 107.732117], [-6.919326, 107.732123], [-6.9193, 107.732111], [-6.919279, 107.732074], [-6.919162, 107.731888], [-6.919037, 107.731706], [-6.918883, 107.731526], [-6.918794, 107.731704], [-6.918703, 107.731839], [-6.91864, 107.731938], [-6.918538, 107.732177], [-6.918482, 107.732285], [-6.918434, 107.732394], [-6.918387, 107.732509], [-6.918341, 107.73263], [-6.91829, 107.73275], [-6.918271, 107.732793], [-6.918202, 107.732943], [-6.918068, 107.733378], [-6.91786, 107.733796], [-6.917625, 107.734184], [-6.917472, 107.734392], [-6.917206, 107.734684], [-6.916943, 107.734956], [-6.916881, 107.735036], [-6.916199, 107.735967], [-6.916334, 107.736211], [-6.9164, 107.736348], [-6.916543, 107.736721], [-6.916916, 107.736603], [-6.917093, 107.736551], [-6.917546, 107.736415], [-6.917538, 107.736376], [-6.918112, 107.736192], [-6.918691, 107.736019], [-6.918755, 107.735845], [-6.918848, 107.735784], [-6.918979, 107.73571], [-6.919113, 107.735637], [-6.919211, 107.735583], [-6.919281, 107.735533], [-6.919356, 107.735478], [-6.919505, 107.735346], [-6.919611, 107.735261], [-6.919793, 107.735109], [-6.919827, 107.735076], [-6.919854, 107.735059], [-6.919905, 107.734616], [-6.919914, 107.734589], [-6.919934, 107.734553], [-6.919969, 107.734514], [-6.920345, 107.734247], [-6.92036, 107.734238], [-6.920527, 107.734121], [-6.920653, 107.73405], [-6.921112, 107.733764], [-6.92138, 107.733613], [-6.921612, 107.73346], [-6.921961, 107.733265], [-6.922041, 107.73322], [-6.922136, 107.733157], [-6.922214, 107.733086], [-6.922318, 107.732969], [-6.922127, 107.7325], [-6.922074, 107.732372], [-6.921944, 107.732061], [-6.921935, 107.73204], [-6.921944, 107.732018], [-6.922067, 107.73193], [-6.921944, 107.732018], [-6.921935, 107.73204], [-6.921944, 107.732061], [-6.922127, 107.7325], [-6.922318, 107.732969], [-6.922756, 107.732509], [-6.922827, 107.732434], [-6.922891, 107.732371], [-6.922945, 107.732331], [-6.923362, 107.732109], [-6.923558, 107.732471], [-6.923589, 107.732504], [-6.923625, 107.732507], [-6.92366, 107.732491], [-6.923886, 107.73236], [-6.923971, 107.732311], [-6.92366, 107.732491], [-6.923625, 107.732507], [-6.923589, 107.732504], [-6.923558, 107.732471], [-6.923362, 107.732109], [-6.923405, 107.732083], [-6.923633, 107.731946], [-6.923877, 107.7318], [-6.923985, 107.731732], [-6.924221, 107.731606], [-6.924566, 107.731406], [-6.924622, 107.731373], [-6.924716, 107.731299], [-6.92501, 107.731114], [-6.925205, 107.731009], [-6.925217, 107.731003], [-6.925394, 107.730908], [-6.925455, 107.730878], [-6.925516, 107.730836], [-6.925548, 107.730814], [-6.925661, 107.730705], [-6.925737, 107.730631], [-6.925886, 107.730515], [-6.925846, 107.730436], [-6.925787, 107.730295], [-6.925766, 107.730208], [-6.92578, 107.730148], [-6.92581, 107.730106], [-6.925856, 107.730045], [-6.925647, 107.729775], [-6.925498, 107.729545], [-6.92537, 107.729319], [-6.92537, 107.729319]]}', 'false', '2026-06-18 09:34:37.99928'),
	(4, 2, 'Gunung Kasur', 5241.9, 'apa-saja', 'apa-saja', '{"type": "Feature", "coords": [[-6.856961, 107.732362], [-6.856881, 107.732318], [-6.856856, 107.732313], [-6.856832, 107.732319], [-6.856811, 107.732338], [-6.856797, 107.732373], [-6.856744, 107.732567], [-6.856709, 107.732651], [-6.856656, 107.732725], [-6.856591, 107.732759], [-6.856461, 107.732778], [-6.856346, 107.732779], [-6.856293, 107.7328], [-6.856245, 107.732848], [-6.856124, 107.732955], [-6.85607, 107.732984], [-6.85602, 107.733007], [-6.855984, 107.733014], [-6.855947, 107.733009], [-6.855898, 107.732982], [-6.855819, 107.732929], [-6.855789, 107.732909], [-6.855743, 107.732902], [-6.855671, 107.732926], [-6.85558, 107.73294], [-6.855472, 107.732915], [-6.855412, 107.732875], [-6.85534, 107.732856], [-6.855205, 107.732866], [-6.855122, 107.73285], [-6.854897, 107.732675], [-6.854878, 107.732635], [-6.854875, 107.7326], [-6.854903, 107.732524], [-6.854898, 107.732483], [-6.854877, 107.732451], [-6.854863, 107.73244], [-6.854836, 107.73243], [-6.854795, 107.732426], [-6.854707, 107.732418], [-6.854658, 107.732397], [-6.85459, 107.732351], [-6.854533, 107.732335], [-6.854482, 107.732335], [-6.854459, 107.73233], [-6.854435, 107.732321], [-6.854414, 107.732302], [-6.854392, 107.73227], [-6.854379, 107.732231], [-6.854371, 107.732151], [-6.854383, 107.73199], [-6.854366, 107.731941], [-6.854327, 107.731899], [-6.854283, 107.731879], [-6.854221, 107.731879], [-6.854127, 107.731889], [-6.854048, 107.731905], [-6.853984, 107.731925], [-6.853835, 107.732019], [-6.853729, 107.732099], [-6.853665, 107.732101], [-6.853593, 107.732042], [-6.853484, 107.731942], [-6.853438, 107.731903], [-6.853355, 107.731899], [-6.853263, 107.731959], [-6.85316, 107.732125], [-6.85313, 107.73231], [-6.853086, 107.732424], [-6.853058, 107.732463], [-6.853031, 107.732488], [-6.852977, 107.732514], [-6.852915, 107.732533], [-6.852795, 107.732513], [-6.85273, 107.732506], [-6.852656, 107.73252], [-6.852594, 107.732533], [-6.852533, 107.732571], [-6.852484, 107.732604], [-6.85244, 107.73263], [-6.852393, 107.732642], [-6.852136, 107.732618], [-6.851969, 107.73262], [-6.851867, 107.732638], [-6.851749, 107.732695], [-6.851577, 107.732703], [-6.851514, 107.732711], [-6.851479, 107.732725], [-6.851448, 107.732744], [-6.851374, 107.73283], [-6.851354, 107.732851], [-6.851332, 107.732864], [-6.851295, 107.732871], [-6.851251, 107.732862], [-6.851217, 107.732834], [-6.851134, 107.732783], [-6.850987, 107.732703], [-6.850727, 107.732478], [-6.850717, 107.732463], [-6.850713, 107.73245], [-6.850713, 107.73244], [-6.850715, 107.732431], [-6.850724, 107.73242], [-6.850734, 107.732414], [-6.850762, 107.732417], [-6.850929, 107.732433], [-6.851019, 107.732434], [-6.851104, 107.73241], [-6.851163, 107.732388], [-6.851244, 107.732336], [-6.851685, 107.731988], [-6.851712, 107.731909], [-6.851711, 107.731868], [-6.851698, 107.731824], [-6.851698, 107.731824], [-6.851647, 107.731759], [-6.851501, 107.731655], [-6.850801, 107.731207], [-6.850343, 107.730971], [-6.849726, 107.730744], [-6.84922, 107.730623], [-6.848455, 107.730547], [-6.848159, 107.730675], [-6.848125, 107.730689], [-6.84807, 107.730706], [-6.848008, 107.730741], [-6.847977, 107.730764], [-6.847897, 107.730857], [-6.84787, 107.731231], [-6.847842, 107.731533], [-6.847837, 107.731668], [-6.847842, 107.731747], [-6.847854, 107.731824], [-6.847874, 107.731865], [-6.847927, 107.731916], [-6.848051, 107.732018], [-6.848131, 107.732115], [-6.848252, 107.732264], [-6.848404, 107.73251], [-6.848534, 107.732744], [-6.848686, 107.732996], [-6.848781, 107.733117], [-6.848853, 107.733189], [-6.848885, 107.733237], [-6.848923, 107.733307], [-6.848965, 107.73344], [-6.849052, 107.7339], [-6.849161, 107.734328], [-6.849276, 107.734576], [-6.849312, 107.734621], [-6.849353, 107.734656], [-6.849389, 107.734693], [-6.849427, 107.734734], [-6.849463, 107.734979], [-6.849476, 107.735131], [-6.849517, 107.735403], [-6.849556, 107.7356], [-6.849617, 107.73578], [-6.849646, 107.735906], [-6.849646, 107.735976], [-6.849617, 107.736078], [-6.849566, 107.736125], [-6.84951, 107.736163], [-6.849332, 107.736231], [-6.849186, 107.736295], [-6.849114, 107.736355], [-6.849082, 107.736402], [-6.849074, 107.736442], [-6.84908, 107.736469], [-6.849162, 107.73656], [-6.849279, 107.73677], [-6.849312, 107.73689], [-6.849335, 107.737], [-6.849417, 107.737208], [-6.849497, 107.737293], [-6.849622, 107.737349], [-6.849753, 107.737357], [-6.849907, 107.73733], [-6.849986, 107.737314], [-6.85004, 107.737318], [-6.850134, 107.737341], [-6.850277, 107.737357], [-6.850528, 107.737345], [-6.85061, 107.737357], [-6.850839, 107.737429], [-6.851007, 107.737521], [-6.851148, 107.737628], [-6.851327, 107.737786], [-6.851391, 107.737875], [-6.851436, 107.737993], [-6.85146, 107.738138], [-6.851439, 107.738245], [-6.851367, 107.738336], [-6.851245, 107.738443], [-6.850963, 107.738641], [-6.850858, 107.738745], [-6.850805, 107.738822], [-6.850709, 107.738985], [-6.850689, 107.739042], [-6.85069, 107.739076], [-6.850709, 107.739105], [-6.850727, 107.739122], [-6.850795, 107.73916], [-6.850878, 107.739206], [-6.850967, 107.739267], [-6.851096, 107.739345], [-6.851268, 107.739455], [-6.85138, 107.739538], [-6.851437, 107.739577], [-6.851501, 107.739599], [-6.85167, 107.739621], [-6.851895, 107.739657], [-6.852058, 107.739683], [-6.852196, 107.739699], [-6.852251, 107.739693], [-6.852311, 107.739676], [-6.852379, 107.739648], [-6.852498, 107.739622], [-6.852534, 107.739634], [-6.852555, 107.739648], [-6.852572, 107.739688], [-6.852582, 107.739764], [-6.852561, 107.73996], [-6.852559, 107.740031], [-6.852572, 107.740111], [-6.852602, 107.740205], [-6.85265, 107.740299], [-6.852725, 107.740369], [-6.852831, 107.740476], [-6.852964, 107.74056], [-6.853108, 107.740576], [-6.853211, 107.740562], [-6.853308, 107.740515], [-6.853387, 107.740472], [-6.85345, 107.740431], [-6.853488, 107.740376], [-6.853516, 107.740313], [-6.853553, 107.740255], [-6.853624, 107.740198], [-6.853682, 107.740168], [-6.853735, 107.740164], [-6.853833, 107.740173], [-6.853986, 107.740184], [-6.854317, 107.740175], [-6.854481, 107.740164], [-6.854577, 107.740161], [-6.854686, 107.740121], [-6.854882, 107.74001], [-6.855091, 107.739839], [-6.855263, 107.739693], [-6.855418, 107.739585], [-6.855669, 107.739461], [-6.855854, 107.7394], [-6.856002, 107.739353], [-6.856161, 107.739359], [-6.85628, 107.739397], [-6.856412, 107.739483], [-6.856504, 107.739621], [-6.856545, 107.739711], [-6.856586, 107.739829], [-6.85671, 107.740078], [-6.856825, 107.740362], [-6.856883, 107.740573], [-6.856899, 107.740682], [-6.856887, 107.740766], [-6.85686, 107.740908], [-6.856844, 107.740981], [-6.856854, 107.741016], [-6.856863, 107.741028], [-6.856888, 107.741041], [-6.856932, 107.74104], [-6.857177, 107.740991], [-6.857243, 107.740954], [-6.857319, 107.74089], [-6.857414, 107.740753], [-6.857513, 107.740519], [-6.857574, 107.74041], [-6.857608, 107.740381], [-6.857651, 107.740358], [-6.857723, 107.740337], [-6.857789, 107.740313], [-6.857842, 107.740276], [-6.857891, 107.740238], [-6.858022, 107.740112], [-6.85816, 107.739961], [-6.858306, 107.739798], [-6.85837, 107.739715], [-6.858411, 107.739631], [-6.858444, 107.739531], [-6.858518, 107.739362], [-6.858575, 107.739107], [-6.858627, 107.73884], [-6.858664, 107.738683], [-6.858709, 107.738525], [-6.858747, 107.738366], [-6.858792, 107.738134], [-6.858806, 107.737948], [-6.858835, 107.737703], [-6.858839, 107.737365], [-6.858855, 107.737093], [-6.858858, 107.737051], [-6.858852, 107.736886], [-6.858868, 107.736805], [-6.858898, 107.73672], [-6.85896, 107.736648], [-6.85904, 107.736548], [-6.859151, 107.736406], [-6.859229, 107.736249], [-6.859298, 107.736059], [-6.859361, 107.735859], [-6.85942, 107.735705], [-6.859452, 107.735571], [-6.85953, 107.735411], [-6.859599, 107.735242], [-6.859701, 107.735042], [-6.859746, 107.734966], [-6.859835, 107.734736], [-6.859879, 107.734571], [-6.85993, 107.734413], [-6.859966, 107.73434], [-6.859993, 107.734261], [-6.859992, 107.734207], [-6.859976, 107.734112], [-6.859958, 107.734063], [-6.859948, 107.734004], [-6.859948, 107.733971], [-6.859956, 107.733931], [-6.859966, 107.733884], [-6.859998, 107.733812], [-6.860065, 107.733666], [-6.860089, 107.733573], [-6.860098, 107.733517], [-6.86011, 107.73345], [-6.860092, 107.733379], [-6.860039, 107.733267], [-6.860053, 107.733249], [-6.860084, 107.733226], [-6.860115, 107.733181], [-6.86014, 107.733103], [-6.860156, 107.733026], [-6.860217, 107.732952], [-6.860188, 107.732923], [-6.860008, 107.732516], [-6.859866, 107.73236], [-6.859782, 107.732301], [-6.859631, 107.732262], [-6.859322, 107.732312], [-6.859274, 107.732308], [-6.859234, 107.732276], [-6.859051, 107.73168], [-6.858953, 107.73156], [-6.858953, 107.73156], [-6.858785, 107.731507], [-6.85866, 107.731465], [-6.858399, 107.731424], [-6.858292, 107.731438], [-6.858256, 107.731455], [-6.858229, 107.731486], [-6.858207, 107.731793], [-6.858136, 107.731995], [-6.858101, 107.732058], [-6.857981, 107.732175], [-6.85786, 107.732253], [-6.857657, 107.732346], [-6.857428, 107.732456], [-6.857393, 107.732468], [-6.857331, 107.732494], [-6.857257, 107.732518], [-6.857235, 107.732514], [-6.856961, 107.732362]]}', 'false', '2026-06-17 09:13:01.147602'),
	(5, 2, 'Cikutra', 5401.3, 'apa-saja', 'apa-saja', '{"type": "Feature", "coords": [[-6.895728, 107.640355], [-6.895459, 107.640412], [-6.895145, 107.640483], [-6.894643, 107.640615], [-6.894196, 107.640735], [-6.894183, 107.640739], [-6.894076, 107.640772], [-6.894039, 107.640661], [-6.894027, 107.64062], [-6.894012, 107.640574], [-6.893984, 107.640477], [-6.893957, 107.640386], [-6.893939, 107.640326], [-6.893918, 107.640249], [-6.893889, 107.640139], [-6.89386, 107.640031], [-6.893809, 107.639827], [-6.893788, 107.639746], [-6.893664, 107.6389], [-6.893663, 107.638605], [-6.893658, 107.638354], [-6.893662, 107.638193], [-6.893672, 107.637926], [-6.893655, 107.637436], [-6.893627, 107.63696], [-6.893619, 107.636805], [-6.89362, 107.636635], [-6.893613, 107.636578], [-6.893605, 107.636522], [-6.893582, 107.636435], [-6.893545, 107.636295], [-6.893508, 107.636211], [-6.893463, 107.63612], [-6.89337, 107.63602], [-6.893319, 107.635983], [-6.893216, 107.635927], [-6.893096, 107.635852], [-6.893031, 107.635792], [-6.892947, 107.635692], [-6.892892, 107.635627], [-6.892833, 107.635546], [-6.892747, 107.63544], [-6.892664, 107.635326], [-6.89253, 107.635071], [-6.892515, 107.635005], [-6.892481, 107.634796], [-6.892444, 107.63457], [-6.89244, 107.634534], [-6.892427, 107.634448], [-6.892402, 107.634279], [-6.892362, 107.633949], [-6.892285, 107.633253], [-6.892234, 107.632605], [-6.892223, 107.632267], [-6.89222, 107.631876], [-6.892247, 107.631164], [-6.892237, 107.631006], [-6.892213, 107.630902], [-6.892192, 107.630837], [-6.892164, 107.63075], [-6.892156, 107.630748], [-6.891839, 107.630664], [-6.891568, 107.630578], [-6.89126, 107.630456], [-6.891111, 107.6304], [-6.891015, 107.630373], [-6.890838, 107.630329], [-6.890653, 107.630298], [-6.890359, 107.630272], [-6.890291, 107.630259], [-6.890081, 107.630291], [-6.889961, 107.630294], [-6.889864, 107.630285], [-6.889788, 107.630263], [-6.889545, 107.630164], [-6.889463, 107.63014], [-6.889228, 107.630086], [-6.889022, 107.630061], [-6.888841, 107.630048], [-6.888796, 107.630046], [-6.888484, 107.630061], [-6.888319, 107.630022], [-6.888245, 107.63], [-6.888219, 107.629992], [-6.888121, 107.629973], [-6.888017, 107.629973], [-6.887904, 107.629982], [-6.887721, 107.630021], [-6.88767, 107.630032], [-6.887528, 107.630065], [-6.887359, 107.630092], [-6.887197, 107.630112], [-6.887035, 107.630146], [-6.886803, 107.630196], [-6.886719, 107.630209], [-6.886637, 107.630222], [-6.886554, 107.630238], [-6.886344, 107.630278], [-6.886125, 107.630315], [-6.885964, 107.630345], [-6.885912, 107.630354], [-6.885357, 107.630478], [-6.885335, 107.630495], [-6.885319, 107.630513], [-6.885304, 107.630551], [-6.885301, 107.630578], [-6.885304, 107.630605], [-6.885497, 107.631045], [-6.885511, 107.631089], [-6.885563, 107.631206], [-6.885672, 107.631357], [-6.88539, 107.631468], [-6.88496, 107.631578], [-6.884933, 107.631585], [-6.884911, 107.631601], [-6.884887, 107.631626], [-6.884869, 107.631648], [-6.884842, 107.631692], [-6.884704, 107.631911], [-6.884632, 107.632011], [-6.884469, 107.63221], [-6.884343, 107.632342], [-6.884153, 107.632547], [-6.883978, 107.632708], [-6.883884, 107.632795], [-6.883853, 107.632816], [-6.883818, 107.632831], [-6.883755, 107.632858], [-6.883673, 107.632872], [-6.883575, 107.632885], [-6.883463, 107.632899], [-6.883427, 107.632898], [-6.883305, 107.632893], [-6.883201, 107.632886], [-6.883115, 107.63288], [-6.88304, 107.632879], [-6.883045, 107.633006], [-6.883035, 107.633041], [-6.88327, 107.633324], [-6.883337, 107.633388], [-6.883425, 107.633484], [-6.883494, 107.63356], [-6.883539, 107.633607], [-6.883589, 107.633671], [-6.883539, 107.633607], [-6.883494, 107.63356], [-6.883476, 107.63354], [-6.883425, 107.633484], [-6.883337, 107.633388], [-6.88327, 107.633324], [-6.883035, 107.633041], [-6.883045, 107.633006], [-6.88304, 107.632879], [-6.883115, 107.63288], [-6.883201, 107.632886], [-6.883305, 107.632893], [-6.883427, 107.632898], [-6.883463, 107.632899], [-6.883575, 107.632885], [-6.883673, 107.632872], [-6.883755, 107.632858], [-6.883818, 107.632831], [-6.883853, 107.632816], [-6.883884, 107.632795], [-6.883978, 107.632708], [-6.884153, 107.632547], [-6.884343, 107.632342], [-6.884469, 107.63221], [-6.884632, 107.632011], [-6.884704, 107.631911], [-6.884842, 107.631692], [-6.884869, 107.631648], [-6.884887, 107.631626], [-6.884911, 107.631601], [-6.884933, 107.631585], [-6.88496, 107.631578], [-6.88539, 107.631468], [-6.885672, 107.631357], [-6.885563, 107.631206], [-6.885511, 107.631089], [-6.885497, 107.631045], [-6.885304, 107.630605], [-6.885301, 107.630578], [-6.885304, 107.630551], [-6.885319, 107.630513], [-6.885335, 107.630495], [-6.885357, 107.630478], [-6.885912, 107.630354], [-6.885964, 107.630345], [-6.886125, 107.630315], [-6.886344, 107.630278], [-6.886554, 107.630238], [-6.886637, 107.630222], [-6.886719, 107.630209], [-6.886803, 107.630196], [-6.887035, 107.630146], [-6.887197, 107.630112], [-6.887359, 107.630092], [-6.887528, 107.630065], [-6.88767, 107.630032], [-6.887721, 107.630021], [-6.887904, 107.629982], [-6.888017, 107.629973], [-6.888121, 107.629973], [-6.888219, 107.629992], [-6.888245, 107.63], [-6.888319, 107.630022], [-6.888484, 107.630061], [-6.888796, 107.630046], [-6.888841, 107.630048], [-6.889022, 107.630061], [-6.889228, 107.630086], [-6.889463, 107.63014], [-6.889545, 107.630164], [-6.889788, 107.630263], [-6.889864, 107.630285], [-6.889961, 107.630294], [-6.890081, 107.630291], [-6.890291, 107.630259], [-6.890359, 107.630272], [-6.890653, 107.630298], [-6.890838, 107.630329], [-6.891015, 107.630373], [-6.891111, 107.6304], [-6.89126, 107.630456], [-6.891568, 107.630578], [-6.891839, 107.630664], [-6.892156, 107.630748], [-6.892164, 107.63075], [-6.892192, 107.630837], [-6.892213, 107.630902], [-6.892237, 107.631006], [-6.892247, 107.631164], [-6.89222, 107.631876], [-6.892223, 107.632267], [-6.892234, 107.632605], [-6.892285, 107.633253], [-6.892362, 107.633949], [-6.892402, 107.634279], [-6.892427, 107.634448], [-6.89244, 107.634534], [-6.892444, 107.63457], [-6.892481, 107.634796], [-6.892515, 107.635005], [-6.89253, 107.635071], [-6.892664, 107.635326], [-6.892747, 107.63544], [-6.892833, 107.635546], [-6.892892, 107.635627], [-6.892947, 107.635692], [-6.893031, 107.635792], [-6.893096, 107.635852], [-6.893216, 107.635927], [-6.893319, 107.635983], [-6.89337, 107.63602], [-6.893463, 107.63612], [-6.893508, 107.636211], [-6.893545, 107.636295], [-6.893582, 107.636435], [-6.893605, 107.636522], [-6.893613, 107.636578], [-6.89362, 107.636635], [-6.893619, 107.636805], [-6.893627, 107.63696], [-6.893655, 107.637436], [-6.893672, 107.637926], [-6.893662, 107.638193], [-6.893658, 107.638354], [-6.893663, 107.638605], [-6.893664, 107.6389], [-6.893788, 107.639746], [-6.893809, 107.639827], [-6.89386, 107.640031], [-6.893889, 107.640139], [-6.893918, 107.640249], [-6.893939, 107.640326], [-6.893957, 107.640386], [-6.893984, 107.640477], [-6.894012, 107.640574], [-6.894027, 107.64062], [-6.894039, 107.640661], [-6.894076, 107.640772], [-6.894183, 107.640739], [-6.894196, 107.640735], [-6.894643, 107.640615], [-6.895145, 107.640483], [-6.895459, 107.640412], [-6.895728, 107.640355]]}', 'false', '2026-06-17 12:55:15.909021');
/*!40000 ALTER TABLE "run_routes" ENABLE KEYS */;

-- Dumping data for table public.run_sessions: 4 rows
/*!40000 ALTER TABLE "run_sessions" DISABLE KEYS */;
INSERT INTO "run_sessions" ("id", "user_id", "mulai_at", "selesai_at", "jarak_m", "durasi_dtk", "kalori", "catatan", "status") VALUES
	(18, 3, '2026-06-11 06:05:28.031646', '2026-06-11 06:43:37.208928', 0, 2287, 0, NULL, 'selesai'),
	(20, 2, '2026-06-16 08:29:19.931396', '2026-06-16 08:37:49.00701', 1906.3719464554, 507, 124, NULL, 'selesai'),
	(19, 3, '2026-06-12 06:29:15.242368', '2026-06-12 07:06:44.382308', 182.81882175394, 2245, 12, NULL, 'selesai');
/*!40000 ALTER TABLE "run_sessions" ENABLE KEYS */;

-- Dumping data for table public.sapa_log: -1 rows
/*!40000 ALTER TABLE "sapa_log" DISABLE KEYS */;
INSERT INTO "sapa_log" ("id", "sender_user_id", "target_user_id", "created_at") VALUES
	(1, 2, 14, '2026-05-23 07:54:08.724011'),
	(2, 4, 17, '2026-05-23 09:15:10.100932'),
	(3, 4, 21, '2026-06-05 07:30:59.34643');
/*!40000 ALTER TABLE "sapa_log" ENABLE KEYS */;

-- Dumping data for table public.sedekah_log: -1 rows
/*!40000 ALTER TABLE "sedekah_log" DISABLE KEYS */;
/*!40000 ALTER TABLE "sedekah_log" ENABLE KEYS */;

-- Dumping data for table public.sedekah_program: -1 rows
/*!40000 ALTER TABLE "sedekah_program" DISABLE KEYS */;
/*!40000 ALTER TABLE "sedekah_program" ENABLE KEYS */;

-- Dumping data for table public.site_visitors: 187 rows
/*!40000 ALTER TABLE "site_visitors" DISABLE KEYS */;
INSERT INTO "site_visitors" ("id", "ip", "user_agent", "path", "created_at") VALUES
	(1, '::1', 'Go-http-client/1.1', '/', '2026-05-30 09:51:58.763107'),
	(2, '::1', 'Go-http-client/1.1', '/', '2026-05-30 11:18:12.290922'),
	(3, '::1', 'Mozilla/5.0 (Linux; Android 10; K) AppleWebKit/537.36 (KHTML, like Gecko) Chrome/148.0.0.0 Mobile Safari/537.36', '/index.php', '2026-05-30 12:23:32.706099'),
	(4, '::1', 'Mozilla/5.0 (Linux; Android 10; K) AppleWebKit/537.36 (KHTML, like Gecko) Chrome/148.0.0.0 Mobile Safari/537.36', '/index.php', '2026-05-30 13:24:02.711213'),
	(5, '::1', 'Mozilla/5.0 (Linux; Android 10; K) AppleWebKit/537.36 (KHTML, like Gecko) Chrome/148.0.0.0 Mobile Safari/537.36', '/index.php', '2026-05-30 14:48:37.232089'),
	(6, '::1', 'Mozilla/5.0 (Linux; Android 10; K) AppleWebKit/537.36 (KHTML, like Gecko) SamsungBrowser/30.0 Chrome/143.0.0.0 Mobile Safari/537.36', '/index.php?source=pwa', '2026-05-30 16:19:21.008588'),
	(7, '::1', 'Mozilla/5.0 (Windows NT 10.0; Win64; x64; rv:151.0) Gecko/20100101 Firefox/151.0', '/index.php', '2026-05-30 17:19:27.355654'),
	(8, '::1', 'Mozilla/5.0 (Linux; Android 10; K) AppleWebKit/537.36 (KHTML, like Gecko) Chrome/148.0.0.0 Mobile Safari/537.36', '/index.php', '2026-05-30 18:29:25.417065'),
	(9, '::1', 'Mozilla/5.0 (Linux; Android 10; K) AppleWebKit/537.36 (KHTML, like Gecko) Chrome/148.0.0.0 Mobile Safari/537.36', '/index.php', '2026-05-30 21:30:38.252002'),
	(10, '::1', 'Mozilla/5.0 (Linux; Android 10; K) AppleWebKit/537.36 (KHTML, like Gecko) Chrome/148.0.0.0 Mobile Safari/537.36', '/index.php', '2026-05-30 22:51:20.666957'),
	(11, '::1', 'Go-http-client/1.1', '/', '2026-05-31 06:06:26.491776'),
	(12, '::1', 'Go-http-client/1.1', '/', '2026-05-31 07:07:55.92647'),
	(13, '::1', 'Mozilla/5.0 (Linux; Android 10; K) AppleWebKit/537.36 (KHTML, like Gecko) SamsungBrowser/29.0 Chrome/136.0.0.0 Mobile Safari/537.36', '/index.php?source=pwa', '2026-05-31 11:38:48.100049'),
	(14, '::1', 'Mozilla/5.0 (Linux; Android 10; K) AppleWebKit/537.36 (KHTML, like Gecko) SamsungBrowser/30.0 Chrome/143.0.0.0 Mobile Safari/537.36', '/index.php?source=pwa', '2026-05-31 16:04:50.596434'),
	(15, '::1', 'Mozilla/5.0 (Linux; Android 10; K) AppleWebKit/537.36 (KHTML, like Gecko) Chrome/147.0.0.0 Mobile Safari/537.36', '/index.php?source=pwa', '2026-05-31 17:46:59.054147'),
	(16, '::1', 'Go-http-client/1.1', '/', '2026-05-31 19:25:48.121207'),
	(17, '::1', 'Mozilla/5.0 (Linux; Android 10; K) AppleWebKit/537.36 (KHTML, like Gecko) Chrome/148.0.0.0 Mobile Safari/537.36', '/index.php', '2026-05-31 23:41:38.797271'),
	(18, '::1', 'Mozilla/5.0 (Linux; Android 10; K) AppleWebKit/537.36 (KHTML, like Gecko) Chrome/148.0.0.0 Mobile Safari/537.36', '/index.php', '2026-06-01 00:49:36.469156'),
	(19, '::1', 'Mozilla/5.0 (Linux; Android 10; K) AppleWebKit/537.36 (KHTML, like Gecko) Chrome/148.0.0.0 Mobile Safari/537.36', '/index.php', '2026-06-01 06:09:03.121185'),
	(20, '::1', 'Mozilla/5.0 (Linux; Android 10; K) AppleWebKit/537.36 (KHTML, like Gecko) Chrome/147.0.0.0 Mobile Safari/537.36', '/index.php?source=pwa', '2026-06-01 08:43:44.230158'),
	(21, '::1', 'Go-http-client/1.1', '/', '2026-06-01 09:51:49.915651'),
	(54, '::1', 'Mozilla/5.0 (Linux; Android 10; K) AppleWebKit/537.36 (KHTML, like Gecko) Chrome/148.0.0.0 Mobile Safari/537.36', '/index.php', '2026-06-01 12:31:13.667795'),
	(55, '::1', 'Go-http-client/1.1', '/', '2026-06-01 13:42:32.899087'),
	(56, '::1', 'Mozilla/5.0 (Linux; Android 10; K) AppleWebKit/537.36 (KHTML, like Gecko) Chrome/148.0.0.0 Mobile Safari/537.36', '/index.php?guest=1', '2026-06-01 14:55:54.514449'),
	(57, '::1', 'Mozilla/5.0 (Linux; Android 10; K) AppleWebKit/537.36 (KHTML, like Gecko) SamsungBrowser/29.0 Chrome/136.0.0.0 Mobile Safari/537.36', '/index.php', '2026-06-01 16:32:28.849651'),
	(58, '::1', 'Mozilla/5.0 (Linux; Android 10; K) AppleWebKit/537.36 (KHTML, like Gecko) SamsungBrowser/30.0 Chrome/143.0.0.0 Mobile Safari/537.36', '/index.php', '2026-06-01 19:13:50.264309'),
	(59, '::1', 'Mozilla/5.0 (Linux; Android 10; K) AppleWebKit/537.36 (KHTML, like Gecko) Chrome/148.0.0.0 Mobile Safari/537.36', '/index.php', '2026-06-01 20:41:40.096343'),
	(60, '::1', 'Mozilla/5.0 (Linux; Android 10; K) AppleWebKit/537.36 (KHTML, like Gecko) Chrome/148.0.0.0 Mobile Safari/537.36', '/index.php', '2026-06-01 22:05:54.205797'),
	(61, '::1', 'Mozilla/5.0 (Linux; Android 10; K) AppleWebKit/537.36 (KHTML, like Gecko) Chrome/148.0.0.0 Mobile Safari/537.36', '/index.php', '2026-06-02 00:03:58.623199'),
	(62, '::1', 'Mozilla/5.0 (Linux; Android 10; K) AppleWebKit/537.36 (KHTML, like Gecko) Chrome/148.0.0.0 Mobile Safari/537.36', '/index.php', '2026-06-02 05:30:51.97562'),
	(63, '::1', 'Mozilla/5.0 (Linux; Android 10; K) AppleWebKit/537.36 (KHTML, like Gecko) Chrome/148.0.0.0 Mobile Safari/537.36', '/index.php', '2026-06-02 07:30:51.039574'),
	(64, '::1', 'Mozilla/5.0 (Linux; Android 10; K) AppleWebKit/537.36 (KHTML, like Gecko) Chrome/148.0.0.0 Mobile Safari/537.36', '/index.php', '2026-06-02 08:34:31.415341'),
	(65, '::1', 'Mozilla/5.0 (Linux; Android 10; K) AppleWebKit/537.36 (KHTML, like Gecko) Chrome/148.0.0.0 Mobile Safari/537.36', '/index.php', '2026-06-02 10:03:47.541683'),
	(66, '::1', 'Mozilla/5.0 (Linux; Android 10; K) AppleWebKit/537.36 (KHTML, like Gecko) SamsungBrowser/29.0 Chrome/136.0.0.0 Mobile Safari/537.36', '/index.php', '2026-06-02 11:22:55.541184'),
	(67, '::1', 'Mozilla/5.0 (Linux; Android 10; K) AppleWebKit/537.36 (KHTML, like Gecko) Chrome/148.0.0.0 Mobile Safari/537.36', '/index.php', '2026-06-02 12:27:54.536161'),
	(68, '::1', 'Mozilla/5.0 (Linux; Android 10; K) AppleWebKit/537.36 (KHTML, like Gecko) SamsungBrowser/30.0 Chrome/143.0.0.0 Mobile Safari/537.36', '/index.php', '2026-06-02 16:10:15.606372'),
	(69, '::1', 'Mozilla/5.0 (Linux; Android 10; K) AppleWebKit/537.36 (KHTML, like Gecko) Chrome/148.0.0.0 Mobile Safari/537.36', '/index.php', '2026-06-02 17:43:29.177474'),
	(70, '::1', 'Mozilla/5.0 (Linux; Android 10; K) AppleWebKit/537.36 (KHTML, like Gecko) Chrome/148.0.0.0 Mobile Safari/537.36', '/index.php', '2026-06-02 20:03:25.945858'),
	(71, '::1', 'Mozilla/5.0 (Linux; Android 10; K) AppleWebKit/537.36 (KHTML, like Gecko) Chrome/148.0.0.0 Mobile Safari/537.36', '/index.php', '2026-06-02 22:09:53.260067'),
	(72, '::1', 'Mozilla/5.0 (Linux; Android 10; K) AppleWebKit/537.36 (KHTML, like Gecko) Chrome/148.0.0.0 Mobile Safari/537.36', '/index.php', '2026-06-03 05:35:39.629032'),
	(73, '::1', 'Mozilla/5.0 (Windows NT 10.0; Win64; x64; rv:151.0) Gecko/20100101 Firefox/151.0', '/index.php', '2026-06-03 08:44:57.908496'),
	(74, '::1', 'Mozilla/5.0 (Linux; Android 10; K) AppleWebKit/537.36 (KHTML, like Gecko) Chrome/148.0.0.0 Mobile Safari/537.36', '/index.php', '2026-06-03 10:24:19.918977'),
	(75, '::1', 'Mozilla/5.0 (Linux; Android 10; K) AppleWebKit/537.36 (KHTML, like Gecko) Chrome/148.0.0.0 Mobile Safari/537.36', '/index.php', '2026-06-03 11:57:59.044813'),
	(76, '::1', 'Mozilla/5.0 (Linux; Android 10; K) AppleWebKit/537.36 (KHTML, like Gecko) SamsungBrowser/30.0 Chrome/143.0.0.0 Mobile Safari/537.36', '/index.php', '2026-06-03 13:37:05.820208'),
	(77, '::1', 'Mozilla/5.0 (Linux; Android 10; K) AppleWebKit/537.36 (KHTML, like Gecko) Chrome/148.0.0.0 Mobile Safari/537.36', '/index.php', '2026-06-03 14:37:07.736446'),
	(78, '::1', 'Mozilla/5.0 (Linux; Android 10; K) AppleWebKit/537.36 (KHTML, like Gecko) SamsungBrowser/30.0 Chrome/143.0.0.0 Mobile Safari/537.36', '/index.php', '2026-06-03 17:40:10.73799'),
	(79, '::1', 'Mozilla/5.0 (Linux; Android 10; K) AppleWebKit/537.36 (KHTML, like Gecko) SamsungBrowser/30.0 Chrome/143.0.0.0 Mobile Safari/537.36', '/index.php', '2026-06-03 19:12:47.307654'),
	(80, '::1', 'Mozilla/5.0 (Linux; Android 10; K) AppleWebKit/537.36 (KHTML, like Gecko) Chrome/148.0.0.0 Mobile Safari/537.36', '/index.php?source=pwa', '2026-06-03 22:28:08.185764'),
	(81, '::1', 'Mozilla/5.0 (Linux; Android 10; K) AppleWebKit/537.36 (KHTML, like Gecko) Chrome/148.0.0.0 Mobile Safari/537.36', '/index.php?source=pwa', '2026-06-04 05:42:31.03429'),
	(82, '::1', 'Mozilla/5.0 (Linux; Android 10; K) AppleWebKit/537.36 (KHTML, like Gecko) SamsungBrowser/30.0 Chrome/143.0.0.0 Mobile Safari/537.36', '/index.php?source=pwa', '2026-06-04 06:54:34.012198'),
	(83, '::1', 'Mozilla/5.0 (Linux; Android 10; K) AppleWebKit/537.36 (KHTML, like Gecko) Chrome/148.0.0.0 Mobile Safari/537.36', '/index.php', '2026-06-04 11:02:13.765683'),
	(84, '::1', 'Mozilla/5.0 (Linux; Android 10; K) AppleWebKit/537.36 (KHTML, like Gecko) Chrome/148.0.0.0 Mobile Safari/537.36', '/index.php', '2026-06-04 13:33:44.801762'),
	(85, '::1', 'Mozilla/5.0 (Linux; Android 10; K) AppleWebKit/537.36 (KHTML, like Gecko) SamsungBrowser/30.0 Chrome/143.0.0.0 Mobile Safari/537.36', '/index.php', '2026-06-04 15:32:14.536281'),
	(86, '::1', 'Mozilla/5.0 (Linux; Android 10; K) AppleWebKit/537.36 (KHTML, like Gecko) Chrome/148.0.0.0 Mobile Safari/537.36', '/index.php?source=pwa', '2026-06-04 18:36:59.52357'),
	(87, '::1', 'Mozilla/5.0 (Linux; Android 10; K) AppleWebKit/537.36 (KHTML, like Gecko) SamsungBrowser/30.0 Chrome/143.0.0.0 Mobile Safari/537.36', '/index.php', '2026-06-04 21:25:24.334397'),
	(88, '::1', 'Mozilla/5.0 (Linux; Android 10; K) AppleWebKit/537.36 (KHTML, like Gecko) SamsungBrowser/30.0 Chrome/143.0.0.0 Mobile Safari/537.36', '/index.php?source=pwa', '2026-06-04 22:50:44.591772'),
	(89, '::1', 'Mozilla/5.0 (Linux; Android 10; K) AppleWebKit/537.36 (KHTML, like Gecko) Chrome/148.0.0.0 Mobile Safari/537.36', '/index.php?source=pwa', '2026-06-05 05:07:28.195192'),
	(90, '::1', 'Mozilla/5.0 (Linux; Android 10; K) AppleWebKit/537.36 (KHTML, like Gecko) SamsungBrowser/30.0 Chrome/143.0.0.0 Mobile Safari/537.36', '/index.php?source=pwa', '2026-06-05 07:28:15.790515'),
	(91, '::1', 'Mozilla/5.0 (Linux; Android 10; K) AppleWebKit/537.36 (KHTML, like Gecko) Chrome/148.0.0.0 Mobile Safari/537.36', '/index.php?source=pwa', '2026-06-05 11:00:34.996463'),
	(92, '::1', 'Mozilla/5.0 (Linux; Android 10; K) AppleWebKit/537.36 (KHTML, like Gecko) Chrome/148.0.0.0 Mobile Safari/537.36', '/index.php', '2026-06-05 15:13:45.168272'),
	(93, '::1', 'Mozilla/5.0 (Linux; Android 10; K) AppleWebKit/537.36 (KHTML, like Gecko) Chrome/148.0.0.0 Mobile Safari/537.36', '/index.php', '2026-06-05 20:10:10.352491'),
	(94, '::1', 'Mozilla/5.0 (Linux; Android 10; K) AppleWebKit/537.36 (KHTML, like Gecko) Chrome/148.0.0.0 Mobile Safari/537.36', '/index.php', '2026-06-06 05:00:08.830909'),
	(95, '::1', 'Mozilla/5.0 (Linux; Android 10; K) AppleWebKit/537.36 (KHTML, like Gecko) Chrome/148.0.0.0 Mobile Safari/537.36', '/index.php?source=pwa', '2026-06-06 06:12:29.982445'),
	(96, '::1', 'Mozilla/5.0 (Linux; Android 10; K) AppleWebKit/537.36 (KHTML, like Gecko) Chrome/148.0.0.0 Mobile Safari/537.36', '/', '2026-06-06 08:26:08.074865'),
	(97, '::1', 'Mozilla/5.0 (Linux; Android 10; K) AppleWebKit/537.36 (KHTML, like Gecko) Chrome/148.0.0.0 Mobile Safari/537.36', '/index.php', '2026-06-06 09:34:21.165887'),
	(98, '::1', 'Mozilla/5.0 (Linux; Android 10; K) AppleWebKit/537.36 (KHTML, like Gecko) Chrome/148.0.0.0 Mobile Safari/537.36', '/index.php', '2026-06-06 10:49:06.998224'),
	(99, '127.0.0.1', 'Mozilla/5.0 (Windows NT 10.0; Win64; x64; rv:151.0) Gecko/20100101 Firefox/151.0', '/sportapp_core/index.php', '2026-06-06 11:04:49.019506'),
	(100, '::1', 'Mozilla/5.0 (Linux; Android 10; K) AppleWebKit/537.36 (KHTML, like Gecko) Chrome/148.0.0.0 Mobile Safari/537.36', '/index.php', '2026-06-06 11:52:03.775777'),
	(101, '::1', 'Mozilla/5.0 (Linux; Android 10; K) AppleWebKit/537.36 (KHTML, like Gecko) Chrome/148.0.0.0 Mobile Safari/537.36', '/index.php', '2026-06-06 13:02:27.055308'),
	(102, '::1', 'Mozilla/5.0 (Linux; Android 10; K) AppleWebKit/537.36 (KHTML, like Gecko) Chrome/148.0.0.0 Mobile Safari/537.36', '/index.php', '2026-06-06 14:24:21.403241'),
	(103, '::1', 'Mozilla/5.0 (Linux; Android 10; K) AppleWebKit/537.36 (KHTML, like Gecko) SamsungBrowser/30.0 Chrome/143.0.0.0 Mobile Safari/537.36', '/index.php?source=pwa', '2026-06-06 15:44:55.193445'),
	(104, '::1', 'Mozilla/5.0 (Linux; Android 10; K) AppleWebKit/537.36 (KHTML, like Gecko) Chrome/148.0.0.0 Mobile Safari/537.36', '/index.php', '2026-06-07 00:25:49.3597'),
	(105, '::1', 'Mozilla/5.0 (Linux; Android 10; K) AppleWebKit/537.36 (KHTML, like Gecko) SamsungBrowser/30.0 Chrome/143.0.0.0 Mobile Safari/537.36', '/index.php?source=pwa', '2026-06-07 03:50:59.943791'),
	(106, '::1', 'Mozilla/5.0 (Linux; Android 10; K) AppleWebKit/537.36 (KHTML, like Gecko) Chrome/148.0.0.0 Mobile Safari/537.36', '/index.php', '2026-06-07 07:51:38.920833'),
	(107, '::1', 'Mozilla/5.0 (Linux; Android 10; K) AppleWebKit/537.36 (KHTML, like Gecko) Chrome/148.0.0.0 Mobile Safari/537.36', '/index.php', '2026-06-07 08:51:47.546157'),
	(108, '::1', 'Mozilla/5.0 (Linux; Android 10; K) AppleWebKit/537.36 (KHTML, like Gecko) Chrome/148.0.0.0 Mobile Safari/537.36', '/index.php', '2026-06-07 10:17:12.674827'),
	(109, '::1', 'Mozilla/5.0 (Linux; Android 10; K) AppleWebKit/537.36 (KHTML, like Gecko) Chrome/148.0.0.0 Mobile Safari/537.36', '/index.php?source=pwa', '2026-06-07 13:37:09.119587'),
	(110, '::1', 'Mozilla/5.0 (Linux; Android 10; K) AppleWebKit/537.36 (KHTML, like Gecko) Chrome/148.0.0.0 Mobile Safari/537.36', '/index.php', '2026-06-07 14:37:16.942627'),
	(111, '::1', 'Mozilla/5.0 (Linux; Android 10; K) AppleWebKit/537.36 (KHTML, like Gecko) Chrome/148.0.0.0 Mobile Safari/537.36', '/index.php?source=pwa', '2026-06-07 16:02:06.444033'),
	(112, '::1', 'Mozilla/5.0 (Linux; Android 10; K) AppleWebKit/537.36 (KHTML, like Gecko) Chrome/148.0.0.0 Mobile Safari/537.36', '/index.php', '2026-06-07 22:25:06.857681'),
	(113, '::1', 'Mozilla/5.0 (Linux; Android 10; K) AppleWebKit/537.36 (KHTML, like Gecko) Chrome/148.0.0.0 Mobile Safari/537.36', '/index.php?source=pwa', '2026-06-08 07:03:14.542502'),
	(114, '::1', 'Mozilla/5.0 (Linux; Android 10; K) AppleWebKit/537.36 (KHTML, like Gecko) Chrome/148.0.0.0 Mobile Safari/537.36', '/index.php?source=pwa', '2026-06-08 10:57:38.263239'),
	(115, '::1', 'Mozilla/5.0 (Linux; Android 10; K) AppleWebKit/537.36 (KHTML, like Gecko) Chrome/148.0.0.0 Mobile Safari/537.36', '/index.php', '2026-06-08 14:21:12.416984'),
	(116, '::1', 'Mozilla/5.0 (Linux; Android 10; K) AppleWebKit/537.36 (KHTML, like Gecko) Chrome/148.0.0.0 Mobile Safari/537.36', '/index.php?source=pwa', '2026-06-08 23:28:05.47191'),
	(117, '::1', 'Mozilla/5.0 (Linux; Android 10; K) AppleWebKit/537.36 (KHTML, like Gecko) Chrome/148.0.0.0 Mobile Safari/537.36', '/index.php', '2026-06-09 04:34:01.76681'),
	(118, '::1', 'Mozilla/5.0 (Linux; Android 10; K) AppleWebKit/537.36 (KHTML, like Gecko) Chrome/148.0.0.0 Mobile Safari/537.36', '/index.php', '2026-06-09 09:29:52.785577'),
	(119, '::1', 'Mozilla/5.0 (Linux; Android 10; K) AppleWebKit/537.36 (KHTML, like Gecko) Chrome/148.0.0.0 Mobile Safari/537.36', '/index.php?source=pwa', '2026-06-09 10:47:31.310798'),
	(120, '::1', 'Mozilla/5.0 (Linux; Android 10; K) AppleWebKit/537.36 (KHTML, like Gecko) Chrome/148.0.0.0 Mobile Safari/537.36', '/index.php', '2026-06-09 15:45:06.97007'),
	(121, '::1', 'Mozilla/5.0 (Linux; Android 10; K) AppleWebKit/537.36 (KHTML, like Gecko) Chrome/148.0.0.0 Mobile Safari/537.36', '/index.php', '2026-06-09 17:31:17.667907'),
	(122, '::1', 'Mozilla/5.0 (Linux; Android 10; K) AppleWebKit/537.36 (KHTML, like Gecko) Chrome/148.0.0.0 Mobile Safari/537.36', '/index.php?source=pwa', '2026-06-09 22:31:59.111301'),
	(123, '::1', 'Mozilla/5.0 (Linux; Android 10; K) AppleWebKit/537.36 (KHTML, like Gecko) Chrome/148.0.0.0 Mobile Safari/537.36', '/index.php', '2026-06-10 05:11:18.271832'),
	(124, '::1', 'Mozilla/5.0 (Linux; Android 10; K) AppleWebKit/537.36 (KHTML, like Gecko) Chrome/148.0.0.0 Mobile Safari/537.36', '/index.php?source=pwa', '2026-06-10 12:32:43.96901'),
	(125, '::1', 'Mozilla/5.0 (Linux; Android 10; K) AppleWebKit/537.36 (KHTML, like Gecko) Chrome/148.0.0.0 Mobile Safari/537.36', '/index.php?source=pwa', '2026-06-10 14:29:07.889728'),
	(126, '::1', 'Mozilla/5.0 (Linux; Android 10; K) AppleWebKit/537.36 (KHTML, like Gecko) Chrome/148.0.0.0 Mobile Safari/537.36', '/index.php?source=pwa', '2026-06-10 15:35:03.59704'),
	(127, '::1', 'Mozilla/5.0 (Linux; Android 10; K) AppleWebKit/537.36 (KHTML, like Gecko) Chrome/148.0.0.0 Mobile Safari/537.36', '/index.php?source=pwa', '2026-06-10 20:54:46.321418'),
	(128, '::1', 'Mozilla/5.0 (Linux; Android 10; K) AppleWebKit/537.36 (KHTML, like Gecko) Chrome/148.0.0.0 Mobile Safari/537.36', '/index.php', '2026-06-10 21:54:53.467071'),
	(129, '::1', 'Mozilla/5.0 (Linux; Android 10; K) AppleWebKit/537.36 (KHTML, like Gecko) Chrome/148.0.0.0 Mobile Safari/537.36', '/index.php?source=pwa', '2026-06-11 04:34:49.467445'),
	(130, '::1', 'Mozilla/5.0 (Linux; Android 10; K) AppleWebKit/537.36 (KHTML, like Gecko) Chrome/148.0.0.0 Mobile Safari/537.36', '/index.php?source=pwa', '2026-06-11 05:43:03.381756'),
	(131, '::1', 'Mozilla/5.0 (Linux; Android 10; K) AppleWebKit/537.36 (KHTML, like Gecko) SamsungBrowser/30.0 Chrome/143.0.0.0 Mobile Safari/537.36', '/index.php?source=pwa', '2026-06-11 06:43:55.278795'),
	(132, '::1', 'Mozilla/5.0 (Linux; Android 10; K) AppleWebKit/537.36 (KHTML, like Gecko) Chrome/148.0.0.0 Mobile Safari/537.36', '/index.php?source=pwa', '2026-06-11 08:37:33.950702'),
	(133, '::1', 'Mozilla/5.0 (Linux; Android 12; Infinix X6515) AppleWebKit/537.36 (KHTML, like Gecko) Chrome/105.0.0.0 Mobile Safari/537.36', '/index.php?source=pwa', '2026-06-11 11:39:46.157901'),
	(134, '::1', 'Mozilla/5.0 (Linux; Android 10; K) AppleWebKit/537.36 (KHTML, like Gecko) Chrome/148.0.0.0 Mobile Safari/537.36', '/index.php?source=pwa', '2026-06-11 15:45:52.328931'),
	(135, '::1', 'Mozilla/5.0 (Linux; Android 10; K) AppleWebKit/537.36 (KHTML, like Gecko) Chrome/148.0.0.0 Mobile Safari/537.36', '/', '2026-06-11 16:47:04.938863'),
	(136, '::1', 'Mozilla/5.0 (Linux; Android 10; K) AppleWebKit/537.36 (KHTML, like Gecko) Chrome/148.0.0.0 Mobile Safari/537.36', '/index.php', '2026-06-11 17:59:45.819563'),
	(137, '::1', 'Mozilla/5.0 (Linux; Android 10; K) AppleWebKit/537.36 (KHTML, like Gecko) Chrome/148.0.0.0 Mobile Safari/537.36', '/index.php', '2026-06-11 19:44:14.580833'),
	(138, '::1', 'Mozilla/5.0 (Linux; Android 10; K) AppleWebKit/537.36 (KHTML, like Gecko) Chrome/148.0.0.0 Mobile Safari/537.36', '/index.php?source=pwa', '2026-06-11 22:01:52.961764'),
	(139, '::1', 'Mozilla/5.0 (Windows NT 10.0; Win64; x64; rv:151.0) Gecko/20100101 Firefox/151.0', '/index.php', '2026-06-11 23:03:11.910729'),
	(140, '::1', 'Mozilla/5.0 (Linux; Android 10; K) AppleWebKit/537.36 (KHTML, like Gecko) Chrome/148.0.0.0 Mobile Safari/537.36', '/index.php?source=pwa', '2026-06-12 04:51:00.723023'),
	(141, '::1', 'Mozilla/5.0 (Linux; Android 10; K) AppleWebKit/537.36 (KHTML, like Gecko) SamsungBrowser/30.0 Chrome/143.0.0.0 Mobile Safari/537.36', '/index.php', '2026-06-12 06:28:37.606284'),
	(142, '::1', 'Mozilla/5.0 (Linux; Android 10; K) AppleWebKit/537.36 (KHTML, like Gecko) Chrome/148.0.0.0 Mobile Safari/537.36', '/index.php', '2026-06-12 07:29:56.872767'),
	(143, '::1', 'Mozilla/5.0 (Linux; Android 10; K) AppleWebKit/537.36 (KHTML, like Gecko) Chrome/148.0.0.0 Mobile Safari/537.36', '/index.php?source=pwa', '2026-06-12 09:00:19.674229'),
	(144, '::1', 'Mozilla/5.0 (Linux; Android 10; K) AppleWebKit/537.36 (KHTML, like Gecko) Chrome/148.0.0.0 Mobile Safari/537.36', '/index.php?source=pwa', '2026-06-12 11:44:19.491771'),
	(145, '::1', 'Mozilla/5.0 (Linux; Android 10; K) AppleWebKit/537.36 (KHTML, like Gecko) SamsungBrowser/30.0 Chrome/143.0.0.0 Mobile Safari/537.36', '/index.php?source=pwa', '2026-06-12 13:03:21.370629'),
	(146, '::1', 'Mozilla/5.0 (Linux; Android 10; K) AppleWebKit/537.36 (KHTML, like Gecko) Chrome/148.0.0.0 Mobile Safari/537.36', '/index.php', '2026-06-12 15:35:00.407904'),
	(147, '::1', 'Mozilla/5.0 (Linux; Android 10; K) AppleWebKit/537.36 (KHTML, like Gecko) Chrome/148.0.0.0 Mobile Safari/537.36', '/index.php', '2026-06-12 16:38:03.346853'),
	(148, '::1', 'Mozilla/5.0 (Linux; Android 10; K) AppleWebKit/537.36 (KHTML, like Gecko) Chrome/148.0.0.0 Mobile Safari/537.36', '/index.php?source=pwa', '2026-06-12 18:24:36.303894'),
	(149, '::1', 'Mozilla/5.0 (Linux; Android 10; K) AppleWebKit/537.36 (KHTML, like Gecko) SamsungBrowser/30.0 Chrome/143.0.0.0 Mobile Safari/537.36', '/index.php', '2026-06-12 19:52:45.299652'),
	(150, '::1', 'Mozilla/5.0 (Linux; Android 10; K) AppleWebKit/537.36 (KHTML, like Gecko) Chrome/148.0.0.0 Mobile Safari/537.36', '/index.php', '2026-06-13 04:26:19.920369'),
	(151, '::1', 'Mozilla/5.0 (Linux; Android 10; K) AppleWebKit/537.36 (KHTML, like Gecko) Chrome/149.0.0.0 Mobile Safari/537.36', '/index.php', '2026-06-13 05:29:15.369993'),
	(152, '::1', 'Mozilla/5.0 (Linux; Android 10; K) AppleWebKit/537.36 (KHTML, like Gecko) Chrome/148.0.0.0 Mobile Safari/537.36', '/index.php', '2026-06-13 07:38:31.722054'),
	(153, '::1', 'Mozilla/5.0 (Linux; Android 10; K) AppleWebKit/537.36 (KHTML, like Gecko) Chrome/148.0.0.0 Mobile Safari/537.36', '/index.php', '2026-06-13 12:51:49.689749'),
	(154, '::1', 'Mozilla/5.0 (Windows NT 10.0; Win64; x64; rv:151.0) Gecko/20100101 Firefox/151.0', '/index.php', '2026-06-13 21:00:56.094804'),
	(155, '::1', 'Mozilla/5.0 (Linux; Android 10; K) AppleWebKit/537.36 (KHTML, like Gecko) Chrome/148.0.0.0 Mobile Safari/537.36', '/index.php?source=pwa', '2026-06-13 23:57:32.894315'),
	(156, '::1', 'Mozilla/5.0 (Linux; Android 10; K) AppleWebKit/537.36 (KHTML, like Gecko) Chrome/148.0.0.0 Mobile Safari/537.36', '/index.php', '2026-06-14 09:13:02.487848'),
	(157, '::1', 'Mozilla/5.0 (Linux; Android 10; K) AppleWebKit/537.36 (KHTML, like Gecko) Chrome/148.0.0.0 Mobile Safari/537.36', '/index.php?source=pwa', '2026-06-14 13:41:44.84644'),
	(158, '::1', 'Mozilla/5.0 (Linux; Android 10; K) AppleWebKit/537.36 (KHTML, like Gecko) Chrome/148.0.0.0 Mobile Safari/537.36', '/index.php?source=pwa', '2026-06-14 21:52:59.788902'),
	(159, '::1', 'Mozilla/5.0 (Linux; Android 10; K) AppleWebKit/537.36 (KHTML, like Gecko) Chrome/148.0.0.0 Mobile Safari/537.36', '/index.php?source=pwa', '2026-06-15 04:38:43.663266'),
	(160, '::1', 'Mozilla/5.0 (Linux; Android 10; K) AppleWebKit/537.36 (KHTML, like Gecko) Chrome/148.0.0.0 Mobile Safari/537.36', '/index.php', '2026-06-15 05:38:53.289527'),
	(161, '::1', 'Mozilla/5.0 (Linux; Android 10; K) AppleWebKit/537.36 (KHTML, like Gecko) SamsungBrowser/30.0 Chrome/143.0.0.0 Mobile Safari/537.36', '/index.php', '2026-06-15 07:40:39.65092'),
	(194, '::1', 'Mozilla/5.0 (Windows NT 10.0; Win64; x64; rv:151.0) Gecko/20100101 Firefox/151.0', '/index.php', '2026-06-15 11:17:32.519148'),
	(195, '::1', 'Mozilla/5.0 (Windows NT 10.0; Win64; x64; rv:151.0) Gecko/20100101 Firefox/151.0', '/index.php', '2026-06-15 12:21:27.202588'),
	(196, '::1', 'Mozilla/5.0 (Linux; Android 10; K) AppleWebKit/537.36 (KHTML, like Gecko) Chrome/148.0.0.0 Mobile Safari/537.36', '/index.php', '2026-06-15 13:22:46.105736'),
	(197, '::1', 'Mozilla/5.0 (Linux; Android 10; K) AppleWebKit/537.36 (KHTML, like Gecko) Chrome/148.0.0.0 Mobile Safari/537.36', '/index.php?source=pwa', '2026-06-15 14:48:19.738727'),
	(198, '::1', 'Mozilla/5.0 (Linux; Android 10; K) AppleWebKit/537.36 (KHTML, like Gecko) Chrome/148.0.0.0 Mobile Safari/537.36', '/index.php', '2026-06-15 16:01:24.115735'),
	(199, '::1', 'Mozilla/5.0 (Linux; Android 10; K) AppleWebKit/537.36 (KHTML, like Gecko) Chrome/148.0.0.0 Mobile Safari/537.36', '/index.php?source=pwa', '2026-06-15 17:10:46.516857'),
	(200, '::1', 'Mozilla/5.0 (Linux; Android 10; K) AppleWebKit/537.36 (KHTML, like Gecko) Chrome/148.0.0.0 Mobile Safari/537.36', '/index.php?source=pwa', '2026-06-15 18:11:09.795992'),
	(201, '::1', 'Mozilla/5.0 (Linux; Android 10; K) AppleWebKit/537.36 (KHTML, like Gecko) Chrome/148.0.0.0 Mobile Safari/537.36', '/index.php?source=pwa', '2026-06-15 22:18:00.293012'),
	(202, '::1', 'Mozilla/5.0 (Linux; Android 10; K) AppleWebKit/537.36 (KHTML, like Gecko) Chrome/148.0.0.0 Mobile Safari/537.36', '/index.php?source=pwa', '2026-06-16 04:41:09.632874'),
	(203, '::1', 'Mozilla/5.0 (Linux; Android 10; K) AppleWebKit/537.36 (KHTML, like Gecko) Chrome/148.0.0.0 Mobile Safari/537.36', '/index.php?source=pwa', '2026-06-16 05:53:52.074767'),
	(204, '::1', 'Mozilla/5.0 (Linux; Android 10; K) AppleWebKit/537.36 (KHTML, like Gecko) Chrome/148.0.0.0 Mobile Safari/537.36', '/index.php?source=pwa', '2026-06-16 07:30:55.364343'),
	(205, '::1', 'Mozilla/5.0 (Linux; Android 10; K) AppleWebKit/537.36 (KHTML, like Gecko) Chrome/148.0.0.0 Mobile Safari/537.36', '/index.php?source=pwa', '2026-06-16 10:15:55.080038'),
	(206, '::1', 'Mozilla/5.0 (Linux; Android 10; K) AppleWebKit/537.36 (KHTML, like Gecko) Chrome/148.0.0.0 Mobile Safari/537.36', '/index.php', '2026-06-16 12:35:26.696939'),
	(207, '::1', 'Mozilla/5.0 (Linux; Android 10; K) AppleWebKit/537.36 (KHTML, like Gecko) Chrome/148.0.0.0 Mobile Safari/537.36', '/index.php', '2026-06-16 15:11:59.346585'),
	(208, '::1', 'Mozilla/5.0 (Linux; Android 10; K) AppleWebKit/537.36 (KHTML, like Gecko) Chrome/148.0.0.0 Mobile Safari/537.36', '/index.php', '2026-06-16 16:12:04.180404'),
	(209, '::1', 'Mozilla/5.0 (Linux; Android 10; K) AppleWebKit/537.36 (KHTML, like Gecko) Chrome/148.0.0.0 Mobile Safari/537.36', '/index.php?source=pwa', '2026-06-16 17:17:13.4281'),
	(210, '::1', 'Mozilla/5.0 (Linux; Android 12; Infinix X6515) AppleWebKit/537.36 (KHTML, like Gecko) Chrome/105.0.0.0 Mobile Safari/537.36', '/index.php?source=pwa', '2026-06-16 22:23:13.219703'),
	(211, '::1', 'Mozilla/5.0 (Linux; Android 10; K) AppleWebKit/537.36 (KHTML, like Gecko) Chrome/148.0.0.0 Mobile Safari/537.36', '/index.php?source=pwa', '2026-06-17 04:33:22.067546'),
	(212, '::1', 'Mozilla/5.0 (Linux; Android 10; K) AppleWebKit/537.36 (KHTML, like Gecko) Chrome/148.0.0.0 Mobile Safari/537.36', '/index.php?source=pwa', '2026-06-17 05:35:14.224028'),
	(213, '::1', 'Mozilla/5.0 (Linux; Android 10; K) AppleWebKit/537.36 (KHTML, like Gecko) Chrome/148.0.0.0 Mobile Safari/537.36', '/index.php?source=pwa', '2026-06-17 06:40:10.195264'),
	(214, '::1', 'Mozilla/5.0 (Linux; Android 10; K) AppleWebKit/537.36 (KHTML, like Gecko) Chrome/148.0.0.0 Mobile Safari/537.36', '/index.php', '2026-06-17 08:46:47.267126'),
	(215, '::1', 'Mozilla/5.0 (Linux; Android 10; K) AppleWebKit/537.36 (KHTML, like Gecko) Chrome/148.0.0.0 Mobile Safari/537.36', '/index.php?source=pwa', '2026-06-17 12:32:40.418016'),
	(216, '::1', 'Mozilla/5.0 (Linux; Android 10; K) AppleWebKit/537.36 (KHTML, like Gecko) Chrome/148.0.0.0 Mobile Safari/537.36', '/index.php?source=pwa', '2026-06-17 14:40:00.10433'),
	(217, '::1', 'Mozilla/5.0 (Linux; Android 10; K) AppleWebKit/537.36 (KHTML, like Gecko) Chrome/149.0.0.0 Mobile Safari/537.36', '/index.php?source=pwa', '2026-06-17 15:51:01.097961'),
	(218, '::1', 'Mozilla/5.0 (Linux; Android 10; K) AppleWebKit/537.36 (KHTML, like Gecko) Chrome/149.0.0.0 Mobile Safari/537.36', '/index.php?source=pwa', '2026-06-17 18:24:16.553095'),
	(219, '::1', 'Mozilla/5.0 (Linux; Android 10; K) AppleWebKit/537.36 (KHTML, like Gecko) Chrome/149.0.0.0 Mobile Safari/537.36', '/index.php', '2026-06-17 20:11:58.517091'),
	(220, '::1', 'Mozilla/5.0 (Linux; Android 10; K) AppleWebKit/537.36 (KHTML, like Gecko) Chrome/149.0.0.0 Mobile Safari/537.36', '/index.php', '2026-06-17 23:18:01.069444'),
	(221, '::1', 'Mozilla/5.0 (Linux; Android 10; K) AppleWebKit/537.36 (KHTML, like Gecko) Chrome/149.0.0.0 Mobile Safari/537.36', '/index.php?source=pwa', '2026-06-18 06:18:23.721855'),
	(222, '::1', 'Mozilla/5.0 (Linux; Android 10; K) AppleWebKit/537.36 (KHTML, like Gecko) Chrome/149.0.0.0 Mobile Safari/537.36', '/index.php', '2026-06-18 07:49:17.167375'),
	(223, '::1', 'Mozilla/5.0 (Windows NT 10.0; Win64; x64; rv:151.0) Gecko/20100101 Firefox/151.0', '/index.php', '2026-06-18 08:51:10.200774'),
	(224, '::1', 'Mozilla/5.0 (Windows NT 10.0; Win64; x64; rv:151.0) Gecko/20100101 Firefox/151.0', '/index.php', '2026-06-18 09:51:20.420037'),
	(225, '::1', 'Mozilla/5.0 (Windows NT 10.0; Win64; x64) AppleWebKit/537.36 (KHTML, like Gecko) Chrome/149.0.0.0 Safari/537.36 Edg/149.0.0.0', '/index.php', '2026-06-18 10:52:47.596'),
	(226, '::1', 'Mozilla/5.0 (Linux; Android 10; K) AppleWebKit/537.36 (KHTML, like Gecko) Chrome/149.0.0.0 Mobile Safari/537.36', '/index.php', '2026-06-18 12:30:44.754103'),
	(227, '::1', 'Mozilla/5.0 (Linux; Android 10; K) AppleWebKit/537.36 (KHTML, like Gecko) Chrome/149.0.0.0 Mobile Safari/537.36', '/index.php?source=pwa', '2026-06-18 13:36:47.61312'),
	(228, '::1', 'Mozilla/5.0 (Linux; Android 10; K) AppleWebKit/537.36 (KHTML, like Gecko) Chrome/149.0.0.0 Mobile Safari/537.36', '/index.php?source=pwa', '2026-06-18 14:55:22.375521'),
	(229, '::1', 'Mozilla/5.0 (Linux; Android 10; K) AppleWebKit/537.36 (KHTML, like Gecko) Chrome/149.0.0.0 Mobile Safari/537.36', '/index.php?source=pwa', '2026-06-18 18:57:15.573975'),
	(230, '::1', 'Mozilla/5.0 (Linux; Android 10; K) AppleWebKit/537.36 (KHTML, like Gecko) Chrome/149.0.0.0 Mobile Safari/537.36', '/index.php?source=pwa', '2026-06-18 21:16:18.797154'),
	(231, '::1', 'Mozilla/5.0 (Linux; Android 10; K) AppleWebKit/537.36 (KHTML, like Gecko) Chrome/149.0.0.0 Mobile Safari/537.36', '/index.php?source=pwa', '2026-06-18 22:49:26.105619'),
	(232, '::1', 'Mozilla/5.0 (Linux; Android 10; K) AppleWebKit/537.36 (KHTML, like Gecko) Chrome/149.0.0.0 Mobile Safari/537.36', '/index.php?source=pwa', '2026-06-19 06:24:47.174745'),
	(233, '::1', 'Mozilla/5.0 (Linux; Android 10; K) AppleWebKit/537.36 (KHTML, like Gecko) Chrome/149.0.0.0 Mobile Safari/537.36', '/index.php?source=pwa', '2026-06-19 07:37:01.715177'),
	(234, '::1', 'Mozilla/5.0 (Linux; Android 10; K) AppleWebKit/537.36 (KHTML, like Gecko) Chrome/149.0.0.0 Mobile Safari/537.36', '/index.php', '2026-06-19 09:07:38.156612'),
	(235, '::1', 'Mozilla/5.0 (Windows NT 10.0; Win64; x64; rv:151.0) Gecko/20100101 Firefox/151.0', '/index.php', '2026-06-19 10:13:01.599191'),
	(236, '::1', 'Mozilla/5.0 (Linux; Android 10; K) AppleWebKit/537.36 (KHTML, like Gecko) Chrome/149.0.0.0 Mobile Safari/537.36', '/index.php?source=pwa', '2026-06-19 11:26:07.429492'),
	(237, '::1', 'Mozilla/5.0 (Linux; Android 10; K) AppleWebKit/537.36 (KHTML, like Gecko) Chrome/149.0.0.0 Mobile Safari/537.36', '/index.php', '2026-06-19 12:57:26.996729'),
	(238, '::1', 'Mozilla/5.0 (Linux; Android 10; K) AppleWebKit/537.36 (KHTML, like Gecko) SamsungBrowser/30.0 Chrome/143.0.0.0 Mobile Safari/537.36', '/index.php?source=pwa', '2026-06-19 13:57:39.829089'),
	(239, '::1', 'Mozilla/5.0 (Linux; Android 10; K) AppleWebKit/537.36 (KHTML, like Gecko) Chrome/149.0.0.0 Mobile Safari/537.36', '/index.php', '2026-06-19 15:01:14.389719'),
	(240, '::1', 'Mozilla/5.0 (Linux; Android 10; K) AppleWebKit/537.36 (KHTML, like Gecko) Chrome/149.0.0.0 Mobile Safari/537.36', '/index.php', '2026-06-19 17:12:24.135046'),
	(241, '::1', 'Mozilla/5.0 (Linux; Android 10; K) AppleWebKit/537.36 (KHTML, like Gecko) Chrome/149.0.0.0 Mobile Safari/537.36', '/index.php', '2026-06-19 18:19:25.300676'),
	(242, '::1', 'Mozilla/5.0 (Linux; Android 10; K) AppleWebKit/537.36 (KHTML, like Gecko) Chrome/149.0.0.0 Mobile Safari/537.36', '/index.php', '2026-06-19 20:02:38.967777'),
	(243, '::1', 'Mozilla/5.0 (Linux; Android 10; K) AppleWebKit/537.36 (KHTML, like Gecko) Chrome/149.0.0.0 Mobile Safari/537.36', '/index.php', '2026-06-19 21:06:01.390774'),
	(244, '::1', 'Mozilla/5.0 (Linux; Android 10; K) AppleWebKit/537.36 (KHTML, like Gecko) Chrome/149.0.0.0 Mobile Safari/537.36', '/index.php', '2026-06-19 22:32:39.788483'),
	(245, '::1', 'Mozilla/5.0 (Linux; Android 10; K) AppleWebKit/537.36 (KHTML, like Gecko) SamsungBrowser/30.0 Chrome/143.0.0.0 Mobile Safari/537.36', '/index.php?source=pwa', '2026-06-20 00:33:45.418253'),
	(246, '::1', 'Mozilla/5.0 (Linux; Android 10; K) AppleWebKit/537.36 (KHTML, like Gecko) Chrome/149.0.0.0 Mobile Safari/537.36', '/index.php?source=pwa', '2026-06-20 01:35:38.168035'),
	(247, '::1', 'Mozilla/5.0 (Linux; Android 10; K) AppleWebKit/537.36 (KHTML, like Gecko) Chrome/149.0.0.0 Mobile Safari/537.36', '/index.php?source=pwa', '2026-06-20 04:34:29.420918'),
	(248, '::1', 'Mozilla/5.0 (Linux; Android 12; Infinix X6515) AppleWebKit/537.36 (KHTML, like Gecko) Chrome/105.0.0.0 Mobile Safari/537.36', '/index.php?source=pwa', '2026-06-20 06:16:57.778256'),
	(249, '::1', 'Mozilla/5.0 (Linux; Android 10; K) AppleWebKit/537.36 (KHTML, like Gecko) SamsungBrowser/30.0 Chrome/143.0.0.0 Mobile Safari/537.36', '/index.php?source=pwa', '2026-06-20 07:52:40.035281'),
	(250, '::1', 'Mozilla/5.0 (Linux; Android 10; K) AppleWebKit/537.36 (KHTML, like Gecko) Chrome/149.0.0.0 Mobile Safari/537.36', '/index.php', '2026-06-20 10:00:07.127652'),
	(251, '::1', 'Mozilla/5.0 (Linux; Android 10; K) AppleWebKit/537.36 (KHTML, like Gecko) Chrome/149.0.0.0 Mobile Safari/537.36', '/index.php', '2026-06-20 11:37:58.822588'),
	(252, '::1', 'Mozilla/5.0 (Windows NT 10.0; Win64; x64; rv:151.0) Gecko/20100101 Firefox/151.0', '/index.php', '2026-06-20 12:45:15.787775'),
	(253, '::1', 'Mozilla/5.0 (Linux; Android 12; Infinix X6515) AppleWebKit/537.36 (KHTML, like Gecko) Chrome/105.0.0.0 Mobile Safari/537.36', '/index.php?source=pwa', '2026-06-20 14:59:16.274012'),
	(254, '::1', 'Mozilla/5.0 (Linux; Android 10; K) AppleWebKit/537.36 (KHTML, like Gecko) SamsungBrowser/30.0 Chrome/143.0.0.0 Mobile Safari/537.36', '/index.php?source=pwa', '2026-06-20 16:33:05.055459'),
	(255, '100.64.0.7', 'Mozilla/5.0 (Linux; Android 10; K) AppleWebKit/537.36 (KHTML, like Gecko) SamsungBrowser/30.0 Chrome/143.0.0.0 Mobile Safari/537.36', '/index.php', '2026-06-21 14:59:03.416832'),
	(256, '100.64.0.5', 'Mozilla/5.0 (Linux; Android 10; K) AppleWebKit/537.36 (KHTML, like Gecko) SamsungBrowser/30.0 Chrome/143.0.0.0 Mobile Safari/537.36', '/index.php?fp=2', '2026-06-21 15:00:13.335077'),
	(257, '100.64.0.10', 'Mozilla/5.0 (Linux; Android 10; K) AppleWebKit/537.36 (KHTML, like Gecko) SamsungBrowser/30.0 Chrome/143.0.0.0 Mobile Safari/537.36', '/index.php', '2026-06-21 15:00:54.84371'),
	(258, '100.64.0.12', 'Mozilla/5.0 (Linux; Android 10; K) AppleWebKit/537.36 (KHTML, like Gecko) Chrome/149.0.0.0 Mobile Safari/537.36', '/index.php', '2026-06-21 15:23:42.33143'),
	(259, '100.64.0.9', 'Mozilla/5.0 (Linux; Android 10; K) AppleWebKit/537.36 (KHTML, like Gecko) SamsungBrowser/30.0 Chrome/143.0.0.0 Mobile Safari/537.36', '/index.php?source=pwa', '2026-06-21 15:34:47.551902'),
	(260, '100.64.0.3', 'Mozilla/5.0 (Linux; Android 10; K) AppleWebKit/537.36 (KHTML, like Gecko) SamsungBrowser/30.0 Chrome/143.0.0.0 Mobile Safari/537.36', '/index.php?source=pwa', '2026-06-21 15:38:04.457539'),
	(261, '100.64.0.13', 'Mozilla/5.0 (Linux; Android 10; K) AppleWebKit/537.36 (KHTML, like Gecko) Chrome/149.0.0.0 Mobile Safari/537.36', '/', '2026-06-21 15:49:50.553503'),
	(262, '100.64.0.8', 'Mozilla/5.0 (Linux; Android 10; K) AppleWebKit/537.36 (KHTML, like Gecko) Chrome/149.0.0.0 Mobile Safari/537.36', '/', '2026-06-21 15:50:24.867264'),
	(263, '100.64.0.6', 'Mozilla/5.0 (Linux; Android 10; K) AppleWebKit/537.36 (KHTML, like Gecko) Chrome/149.0.0.0 Mobile Safari/537.36', '/', '2026-06-21 15:50:57.916291'),
	(264, '100.64.0.11', 'Mozilla/5.0 (Linux; Android 10; K) AppleWebKit/537.36 (KHTML, like Gecko) Chrome/149.0.0.0 Mobile Safari/537.36', '/', '2026-06-21 15:53:03.353354'),
	(265, '100.64.0.2', 'Mozilla/5.0 (Linux; Android 10; K) AppleWebKit/537.36 (KHTML, like Gecko) Chrome/149.0.0.0 Mobile Safari/537.36', '/', '2026-06-21 15:53:34.20819'),
	(266, '100.64.0.4', 'Mozilla/5.0 (Linux; Android 10; K) AppleWebKit/537.36 (KHTML, like Gecko) Chrome/149.0.0.0 Mobile Safari/537.36', '/', '2026-06-21 15:56:44.746224'),
	(267, '100.64.0.10', 'Mozilla/5.0 (Linux; Android 10; K) AppleWebKit/537.36 (KHTML, like Gecko) Chrome/149.0.0.0 Mobile Safari/537.36', '/index.php?source=pwa', '2026-06-21 16:35:55.89413'),
	(268, '100.64.0.7', 'Mozilla/5.0 (Linux; Android 10; K) AppleWebKit/537.36 (KHTML, like Gecko) Chrome/149.0.0.0 Mobile Safari/537.36', '/index.php?source=pwa&fp=2', '2026-06-21 16:37:30.463423'),
	(269, '100.64.0.3', 'Mozilla/5.0 (Windows NT 10.0; Win64; x64; rv:151.0) Gecko/20100101 Firefox/151.0', '/index.php', '2026-06-21 16:59:31.218285'),
	(270, '100.64.0.4', 'Mozilla/5.0 (Windows NT 10.0; Win64; x64; rv:151.0) Gecko/20100101 Firefox/151.0', '/index.php', '2026-06-21 17:02:43.038534'),
	(271, '100.64.0.2', 'Mozilla/5.0 (Windows NT 10.0; Win64; x64; rv:151.0) Gecko/20100101 Firefox/151.0', '/index.php', '2026-06-21 17:11:00.578063'),
	(272, '100.64.0.5', 'Mozilla/5.0 (Windows NT 10.0; Win64; x64; rv:151.0) Gecko/20100101 Firefox/151.0', '/index.php', '2026-06-21 17:12:39.316753'),
	(273, '100.64.0.12', 'Mozilla/5.0 (Windows NT 10.0; Win64; x64; rv:151.0) Gecko/20100101 Firefox/151.0', '/index.php', '2026-06-21 17:25:43.426581'),
	(274, '114.122.83.62', 'Mozilla/5.0 (Windows NT 10.0; Win64; x64; rv:151.0) Gecko/20100101 Firefox/151.0', '/index.php', '2026-06-21 17:30:50.089003');
/*!40000 ALTER TABLE "site_visitors" ENABLE KEYS */;

-- Dumping data for table public.sport_qa_saved: -1 rows
/*!40000 ALTER TABLE "sport_qa_saved" DISABLE KEYS */;
INSERT INTO "sport_qa_saved" ("id", "user_id", "jenis", "pertanyaan", "jawaban", "created_at") VALUES
	(1, 2, 'Tenis Meja (PingPong)', 'Kenapa saya ketika main pingpong suka mantul ke atas bolanya?', 'Halo! Sebagai AI Problem Solver Olahraga Anda, saya memahami frustrasi ketika bola pingpong sering memantul terlalu tinggi atau ke atas. Ini adalah masalah umum yang sering dihadapi pemain, dan biasanya disebabkan oleh beberapa faktor teknis.

Berikut adalah identifikasi masalah dan solusinya:

1.  **Identifikasi Masalah Utama:**
    *   **Sudut Bet Terlalu Terbuka:** Saat kontak dengan bola, bet Anda mungkin terlalu "terbuka" (menghadap ke atas), sehingga memberikan dorongan ke atas pada bola.
    *   **Arah Ayunan Terlalu Vertikal:** Ayunan Anda mungkin terlalu banyak bergerak ke atas daripada kombinasi maju-ke-atas. Ini membuat bola melambung tinggi alih-alih melaju ke depan di atas net.
    *   **Titik Kontak Bola:** Anda mungkin memukul bagian terlalu bawah bola, yang secara alami akan mengangkatnya.
    *   **Kurangnya Topspin:** Topspin adalah putaran bola yang membantu "menekan" bola ke bawah setelah melewati net. Jika kurang topspin, bola cenderung melambung.

2.  **Solusi Teknik & Latihan Bertahap:**
    *   **Koreksi Sudut Bet:** Saat memukul, coba "tutup" sedikit bet Anda (menghadap sedikit ke depan atau sedikit ke bawah), terutama untuk pukulan *forehand* atau *backhand drive*. Bayangkan Anda ingin mendorong bola ke depan, bukan mengangkatnya.
    *   **Latih Ayunan Maju-Ke-Atas:** Fokus pada ayunan yang "menyapu" bola dari belakang-bawah ke depan-atas. Ini akan membantu menciptakan topspin dan mengarahkan bola ke depan dengan lintasan yang lebih rendah.
    *   **Pukul Bagian Tengah-Atas Bola:** Usahakan kontak dengan bola di bagian tengah atau sedikit di atas tengah, bukan terlalu di bawah. Ini akan memberikan kontrol lebih baik pada arah dan putaran bola.
    *   **Latihan Bertahap:**
        *   **Latihan Tanpa Bola (Shadow Swing):** Latih gerakan ayunan yang benar di depan cermin, fokus pada sudut bet dan jalur ayunan.
        *   **Latihan dengan Pantulan:** Pantulkan bola di bet Anda, lalu coba dorong sedikit ke depan dengan sudut bet yang lebih tertutup.
        *   **Latihan dengan Partner/Robot:** Mulai dengan pukulan pelan, fokus pada teknik yang benar, lalu tingkatkan kecepatan dan kekuatan secara bertahap.

3.  **Kapan Harus Konsultasi Dokter:**
    Jika masalah ini disertai dengan nyeri sendi, otot, atau ketidaknyamanan yang persisten saat atau setelah bermain, terutama di bahu, siku, atau pergelangan tangan, segera konsultasikan dengan dokter atau fisioterapis. Ini penting untuk memastikan tidak ada cedera yang mendasari atau postur yang salah yang dapat memperburuk kondisi.

Dengan fokus pada koreksi sudut bet, arah ayunan, dan titik kontak, Anda akan melihat peningkatan signifikan pada kontrol bola Anda.

Selamat berolahraga dengan aman!', '2026-06-19 11:07:20.885018');
/*!40000 ALTER TABLE "sport_qa_saved" ENABLE KEYS */;

-- Dumping data for table public.strava_activities: -1 rows
/*!40000 ALTER TABLE "strava_activities" DISABLE KEYS */;
/*!40000 ALTER TABLE "strava_activities" ENABLE KEYS */;

-- Dumping data for table public.survival_qa_saved: -1 rows
/*!40000 ALTER TABLE "survival_qa_saved" DISABLE KEYS */;
/*!40000 ALTER TABLE "survival_qa_saved" ENABLE KEYS */;

-- Dumping data for table public.tempat: 27 rows
/*!40000 ALTER TABLE "tempat" DISABLE KEYS */;
INSERT INTO "tempat" ("id", "nama", "alamat", "harga_lapang", "harga_per_jam", "status_booking", "catatan", "created_at", "lat", "lng", "pic_user_id", "kontak_wa", "jenis_id", "harga_tiket", "harga_parkir", "tampil_booking", "gpx_path", "parkir_info", "run_route_id") VALUES
	(28, 'Flamboyan Pingpong', 'Jalan Flamboyan Utara No.6, Panyileukan, Bandung', 0.00, 0.00, 'tersedia', '', '2026-06-10 21:40:59.070103', -6.9383769, 107.715939, 2, NULL, 12, 0.00, 0.00, 'false', NULL, NULL, NULL),
	(5, 'Parkiran Taman Sumringah', 'Summarecon Bandung', 0.00, 0.00, 'tersedia', '', '2026-05-21 11:16:55.600715', -6.9537503, 107.6929201, 3, NULL, 1, 0.00, 0.00, 'false', NULL, NULL, NULL),
	(29, 'Flamboyan Jogging', 'Jln. Flamboyan Utara No.6', 0.00, 0.00, 'tersedia', '', '2026-06-12 15:40:02.616251', -6.9383769, 107.715939, 14, NULL, 1, 0.00, 0.00, 'false', NULL, NULL, NULL),
	(11, 'Kolam Renang Lettu Pas Basonai', 'Lanud Sulaiman, Margahayu', 0.00, 0.00, 'tersedia', '', '2026-05-22 16:06:38.344177', -6.9912435, 107.5759873, 2, NULL, 5, 0.00, 0.00, 'false', NULL, NULL, NULL),
	(30, 'Kolam Renang BSD', 'Jln. Cipamokolan, Soetta', 0.00, 0.00, 'tersedia', '', '2026-06-19 13:40:02.438632', 6.9394837, 107.6796168, 2, NULL, 5, 30000.00, 0.00, 'false', NULL, NULL, NULL),
	(25, 'Kina - Sanggara/Lembah Tengkorak/Pangparang', 'Bukit Kina, Cibodas', 0.00, 0.00, 'tersedia', '', '2026-05-22 16:26:01.59066', -6.8370644, 107.7277736, 2, NULL, 8, 0.00, 5000.00, 'false', NULL, NULL, NULL),
	(9, 'Kolam Renang Panorama', 'Ujung Berung', 0.00, 0.00, 'tersedia', '', '2026-05-22 06:59:36.928503', -6.898462, 107.7103046, 2, NULL, 5, 0.00, 0.00, 'false', NULL, NULL, NULL),
	(26, 'BHD - Warung Yos - Batu Lonceng', 'Dago Atas', 0.00, 0.00, 'tersedia', '', '2026-05-22 16:27:23.261738', NULL, NULL, 2, NULL, 8, 0.00, 5000.00, 'false', '/uploads/gpx/gpx_20260620_123804_fc25f9.gpx', 'BHD', NULL),
	(10, 'Kolam Renang UPI', 'UPI Setiabudi', 0.00, 0.00, 'tersedia', '', '2026-05-22 16:05:55.865701', -6.8594515, 107.5855598, 4, NULL, 5, 0.00, 0.00, 'false', NULL, NULL, NULL),
	(12, 'Kolam Renang Yadika', 'Tanjungsari', 0.00, 0.00, 'tersedia', '', '2026-05-22 16:06:56.515685', -6.8974891, 107.8055482, 3, NULL, 5, 0.00, 0.00, 'false', NULL, NULL, NULL),
	(7, 'Singgasana Sport', 'Cibaduyut', 0.00, 0.00, 'tersedia', '', '2026-05-22 06:56:55.240167', -6.9612456, 107.5942425, 2, NULL, 12, 0.00, 0.00, 'false', NULL, NULL, NULL),
	(19, 'Biliar Sinai', 'Baleendah, Rancamanyar', 0.00, 0.00, 'tersedia', '', '2026-05-22 16:13:43.837103', NULL, NULL, 2, '089638726182', 11, 0.00, 0.00, 'true', NULL, NULL, NULL),
	(8, 'BSD Sport', 'Cipamokolan', 0.00, 0.00, 'tersedia', '', '2026-05-22 06:59:04.47909', NULL, NULL, 3, '08872947080', 2, 0.00, 0.00, 'true', NULL, NULL, NULL),
	(1, 'GOR Adiguna', 'Jln. Pertamina, Soetta', 110000.00, 110000.00, 'tersedia', '', '2026-05-21 11:16:55.600715', NULL, NULL, 3, NULL, 3, 0.00, 0.00, 'true', NULL, NULL, NULL),
	(24, 'Gn.Pangradinan', 'Rancaekek', 0.00, 0.00, 'tersedia', '', '2026-05-22 16:25:11.313536', -7.043889, 107.828311, 3, NULL, 8, 0.00, 5000.00, 'false', NULL, NULL, NULL),
	(27, 'Batukuda - Manglayang', 'Batu Kuda', 0.00, 0.00, 'tersedia', '', '2026-05-22 16:28:03.059991', -6.8928621, 107.7429292, 4, NULL, 8, 15000.00, 2000.00, 'false', NULL, NULL, NULL),
	(23, 'Tangkuban Perahu - Cibarebeuy', 'Subang', 0.00, 0.00, 'tersedia', '', '2026-05-22 16:24:00.396558', -6.7733931, 107.6359156, 2, NULL, 8, 0.00, 5000.00, 'false', NULL, NULL, NULL),
	(4, 'Sindangreret - Panyileukan', 'BnC Cookies', 0.00, 0.00, 'tersedia', '', '2026-05-21 11:16:55.600715', -6.9318895, 107.7216289, 2, NULL, 10, 0.00, 0.00, 'false', NULL, NULL, NULL),
	(6, 'GOR Azaka', 'Pasirimpun Atas', 50000.00, 50000.00, 'tersedia', '0', '2026-05-21 11:29:20.544026', NULL, NULL, 2, '081320906764', 2, 0.00, 0.00, 'true', NULL, NULL, NULL),
	(16, 'GOR Cempaka Arum', 'Panyileukan, Al-Jabbar', 35000.00, 35000.00, 'tersedia', '', '2026-05-22 16:10:20.815157', NULL, NULL, 3, NULL, 2, 0.00, 0.00, 'true', NULL, NULL, NULL),
	(21, 'Biliar BS Pool and Cafe', 'Wastukencana, Kota Bandung', 0.00, 0.00, 'tersedia', '', '2026-05-22 16:14:44.253902', -6.9081659, 107.6049949, 2, NULL, 11, 0.00, 0.00, 'true', NULL, NULL, NULL),
	(13, 'GOR Mayasari', 'Soekarno Hatta, Bunderan Cibiru', 35000.00, 35000.00, 'tersedia', '', '2026-05-22 16:08:01.628889', NULL, NULL, 4, NULL, 2, 0.00, 0.00, 'true', NULL, NULL, NULL),
	(2, 'GOR Mayasari', 'Soekarno Hatta, Bunderan Cibiru', 125000.00, 125000.00, 'tersedia', '', '2026-05-21 11:16:55.600715', NULL, NULL, 4, NULL, 3, 0.00, 0.00, 'true', NULL, NULL, NULL),
	(17, 'GOR Pasanggrahan', 'Cilengkrang, Bandung', 45000.00, 45000.00, 'tersedia', '', '2026-05-22 16:12:36.197922', NULL, NULL, 2, '089655369495', 2, 0.00, 0.00, 'true', NULL, NULL, NULL),
	(18, 'GOR Pilar Biru', 'Pilar Biru, Cibiru Hilir', 0.00, 0.00, 'tersedia', '', '2026-05-22 16:13:13.801444', NULL, NULL, 2, NULL, 2, 0.00, 0.00, 'true', NULL, NULL, NULL),
	(3, 'GOR Purbaya', 'Jln. Ciguruwik', 25000.00, 25000.00, 'tersedia', '', '2026-05-21 11:16:55.600715', NULL, NULL, 3, NULL, 2, 0.00, 0.00, 'true', NULL, NULL, NULL),
	(15, 'GOR Sindangreret', 'Sindangreret, Cibiru', 40000.00, 40000.00, 'tersedia', '', '2026-05-22 16:09:31.917895', NULL, NULL, 2, '089628188960', 2, 0.00, 0.00, 'true', NULL, NULL, NULL),
	(14, 'GOR Gaza', 'Cinunuk, Cibiru', 20000.00, 20000.00, 'tersedia', '', '2026-05-22 16:08:56.792858', -6.930473, 107.7315517, 3, '082215309779', 2, 0.00, 0.00, 'true', NULL, NULL, NULL),
	(20, 'GOR Gaza', 'Ciguruwik, Cibiru', 0.00, 0.00, 'tersedia', '', '2026-05-22 16:14:16.040455', -6.930473, 107.731552, 2, '082215309779', 11, 0.00, 0.00, 'true', NULL, NULL, NULL);
/*!40000 ALTER TABLE "tempat" ENABLE KEYS */;

-- Dumping data for table public.tim: -1 rows
/*!40000 ALTER TABLE "tim" DISABLE KEYS */;
INSERT INTO "tim" ("id", "nama", "jenis", "koordinator_id", "kuota", "catatan", "created_at") VALUES
	(8, 'Balford', 'Badminton', 2, 4, NULL, '2026-06-17 08:25:37.730568');
/*!40000 ALTER TABLE "tim" ENABLE KEYS */;

-- Dumping data for table public.tim_external: -1 rows
/*!40000 ALTER TABLE "tim_external" DISABLE KEYS */;
/*!40000 ALTER TABLE "tim_external" ENABLE KEYS */;

-- Dumping data for table public.tim_member: -1 rows
/*!40000 ALTER TABLE "tim_member" DISABLE KEYS */;
/*!40000 ALTER TABLE "tim_member" ENABLE KEYS */;

-- Dumping data for table public.toko: 6 rows
/*!40000 ALTER TABLE "toko" DISABLE KEYS */;
INSERT INTO "toko" ("id", "nama", "deskripsi", "alamat", "no_wa", "lat", "lng", "aktif", "created_at", "hari_buka", "jam_buka", "jam_tutup") VALUES
	(1, 'Ayam Penyet Esti', 'Murah...', 'Kampus UIN SGD 1', NULL, NULL, NULL, 'true', '2026-06-01 10:47:53.154299', '0,1,2,3,4,5,6', NULL, NULL),
	(2, 'Tianlala Cibiru', 'Seger...', 'Kampus UIN SGD 1', NULL, NULL, NULL, 'true', '2026-06-01 13:01:44.587998', '0,1,2,3,4,5,6', NULL, NULL),
	(3, 'Waroeng Cafe Yayang', 'Yummy..', 'Kampus UIN SGD 1', NULL, NULL, NULL, 'true', '2026-06-01 13:03:16.861832', '0,1,2,3,4,5,6', NULL, NULL),
	(4, 'Kopi Tekun Cibiru', 'Plong..', 'Kampus UIN SGD 1', NULL, NULL, NULL, 'true', '2026-06-01 13:05:01.564054', '0,1,2,3,4,5,6', NULL, NULL),
	(5, 'Nasi Dadar Abin', 'Kenyang..', 'Kampus UIN SGD 1', NULL, NULL, NULL, 'true', '2026-06-01 13:06:50.459866', '0,1,2,3,4,5,6', NULL, NULL),
	(6, 'Bakso Neng Hajjah', 'Muantap..', 'Kampus UIN SGD 1', NULL, NULL, NULL, 'true', '2026-06-01 13:08:52.835693', '0,1,2,3,4,5,6', NULL, NULL),
	(7, 'WiCiPi', 'Temoat Makan murah dan Berkualitas', 'Panyileukan', NULL, NULL, NULL, 'true', '2026-06-02 12:45:31.535585', '0,1,2,3,4,5,6', '08:00:00', '17:00:00');
/*!40000 ALTER TABLE "toko" ENABLE KEYS */;

-- Dumping data for table public.upload_harian: -1 rows
/*!40000 ALTER TABLE "upload_harian" DISABLE KEYS */;
INSERT INTO "upload_harian" ("id", "user_id", "tanggal", "jenis", "durasi_menit", "jarak_km", "kalori", "deskripsi", "file_path", "gdrive_url", "created_at", "pace", "pace_detik", "heart_rate", "rpe") VALUES
	(25, 2, '2026-06-15', 'Jogging', 36, 5.00, 481, 'Nyoba track ke atas nih', 'https://ik.imagekit.io/ahsansur/sportapp/June_2026/Firdam-2026-06-15-Jogging_oz4Ifkegy.jpg', '6a2fde225c7cd75eb8e8926c', '2026-06-15 18:12:35.472826', '7''14"/km', NULL, NULL, NULL),
	(26, 16, '2026-06-16', 'Jogging', 90, 14.48, 1036, 'Karakter seseorang itu dilihat dari sikapnya, kemudian sikap seseorang dilihat dari kebiasaan/tingkah lakunya, dan kebiasaan seseorang itu dibangun dari tujuan hidupnya.

Nah jika kita seorang muslim, sudah semestinya tujuan hidup kita itu berlandaskan Al-Qur''an 51:56, yaitu "Beribadah kepada Allah", maka dari itu sudah seharusnya segala hal yang kita lakukan itu harus dilakukan secara maksimal dan tentunya harus visioner dengan tujuan utama kita, yaitu "Beribadah kepada Allah" -Kaizen 1448H', 'https://ik.imagekit.io/ahsansur/sportapp/June_2026/ADITH_SETIAWAN-2026-06-16-Jogging_RfZnjsUV8.png', '6a30c1095c7cd75eb8f4c0c6', '2026-06-16 10:20:42.474382', '6''51"/km', NULL, NULL, NULL),
	(9, 2, '2026-05-12', 'Jogging', 7, 1.06, 88, '', 'https://ik.imagekit.io/ahsansur/sportapp/May_2026/Firdam-2026-05-12-Jogging_OVC1nAqpR.jpg', '6a1089ca5c7cd75eb8772939', '2026-05-22 16:52:27.591246', '7''20" /km', NULL, NULL, NULL),
	(10, 2, '2026-05-10', 'Jogging', 7, 1.00, 84, '', 'https://ik.imagekit.io/ahsansur/sportapp/May_2026/Firdam-2026-05-22-Jogging_mohISwu4E.jpg', '6a108a415c7cd75eb8795b23', '2026-05-22 16:54:26.552623', '7''07" /km', NULL, NULL, NULL),
	(11, 2, '2026-05-01', 'Jogging', 22, 2.99, 244, '', 'https://ik.imagekit.io/ahsansur/sportapp/May_2026/Firdam-2026-05-01-Jogging_bcPHSrFit.jpg', '6a108a8d5c7cd75eb87aea13', '2026-05-22 16:55:42.365204', '7''35" /km', NULL, NULL, NULL),
	(12, 2, '2026-05-07', 'Jogging', 10, 1.34, 122, '', 'https://ik.imagekit.io/ahsansur/sportapp/May_2026/Firdam-2026-05-22-Jogging_F4ltKu6BJh.jpg', '6a108af65c7cd75eb87d6ace', '2026-05-22 16:57:27.262779', '8''04" /km', NULL, NULL, NULL),
	(15, 2, '2026-05-03', 'Jogging', 24, 3.00, 244, '', 'https://ik.imagekit.io/ahsansur/sportapp/May_2026/Firdam-2026-05-03-Jogging_SXZ58UsK4.jpg', '6a108b945c7cd75eb8814d5e', '2026-05-22 17:00:05.107689', '07''49" /km', NULL, NULL, NULL),
	(7, 2, '2026-05-18', 'Jogging', 15, 2.26, 198, 'Tidak ada', 'https://ik.imagekit.io/ahsansur/sportapp/May_2026/Firdam-2026-05-21-Jogging_PGVG98kLK.jpg', '6a0e92aa5c7cd75eb83a10c4', '2026-05-21 05:05:47.220034', '6''47" /km', NULL, NULL, NULL),
	(27, 2, '2026-06-18', 'Jogging', 41, 6.30, 531, 'Puanasss', 'https://ik.imagekit.io/ahsansur/sportapp/June_2026/Firdam-2026-06-18-Jogging_5x0QdaZ5t.jpg', '6a33cb325c7cd75eb8132ded', '2026-06-18 17:40:51.124571', '6''33"/km', NULL, NULL, NULL),
	(13, 2, '2026-05-05', 'Jogging', 35, 4.96, 441, '', 'https://ik.imagekit.io/ahsansur/sportapp/May_2026/Firdam-2026-05-05-Jogging_57vIUf1o-.jpg', '6a108b4d5c7cd75eb87f8312', '2026-05-22 16:58:54.086772', '7''01" /km', NULL, NULL, NULL),
	(14, 2, '2026-05-03', 'Jogging', 24, 3.00, 244, '', 'https://ik.imagekit.io/ahsansur/sportapp/May_2026/Firdam-2026-05-03-Jogging_CbA7iOtwa.jpg', '6a108b8e5c7cd75eb8811758', '2026-05-22 16:59:59.092363', '07''49" /km', NULL, NULL, NULL),
	(28, 4, '2026-06-19', 'Jogging', 17, 2.42, 0, '', 'https://ik.imagekit.io/ahsansur/sportapp/June_2026/Dani-2026-06-19-Jogging_OeC8EgHPT.png', '6a34de1e5c7cd75eb8c06816', '2026-06-19 13:13:51.190462', '7.18', NULL, NULL, NULL),
	(8, 2, '2026-05-15', 'Jogging', 13, 2.40, 187, 'Wow..', 'https://ik.imagekit.io/ahsansur/sportapp/May_2026/Firdam-2026-05-15-Jogging_qFDGBnfHn.jpg', '6a0e93155c7cd75eb83d74d0', '2026-05-21 05:07:34.100156', '6''14" /km', NULL, NULL, NULL),
	(18, 16, '2026-06-09', 'Jogging', 31, 5.00, 0, 'Happy Alhamdulillah, soalnya sambil dengerin podcast tentang cara meminimalisir Doom scrolling', 'https://ik.imagekit.io/ahsansur/sportapp/June_2026/ADITH_SETIAWAN-2026-06-09-Jogging_RbXWe1-Ju.png', '6a277b235c7cd75eb87e2389', '2026-06-09 09:32:04.585194', '6''15"/km', NULL, NULL, NULL),
	(19, 2, '2026-06-10', 'Jogging', 32, 5.00, 422, 'Muantap', 'https://ik.imagekit.io/ahsansur/sportapp/June_2026/Firdam-2026-06-10-Jogging_iXQIuv2J5.jpg', '6a2970325c7cd75eb83ef9f5', '2026-06-10 21:09:55.502543', '6''30"/km', NULL, NULL, NULL),
	(17, 2, '2026-06-06', 'Jogging', 30, 5.00, 426, 'Muantap', 'https://ik.imagekit.io/ahsansur/sportapp/June_2026/Firdam-2026-06-06-Jogging_PGSFjn1ka.jpg', '6a2358b25c7cd75eb8c49d00', '2026-06-06 06:16:02.70941', '6''00"/km', NULL, NULL, NULL),
	(20, 16, '2026-06-11', 'Jogging', 41, 6.45, 0, 'Menuju HM', 'https://ik.imagekit.io/ahsansur/sportapp/June_2026/ADITH_SETIAWAN-2026-06-11-Jogging_aT0bOtfU0.png', '6a29f8715c7cd75eb8a4767c', '2026-06-11 06:51:14.247209', '6''27/KM', NULL, NULL, NULL),
	(21, 3, '2026-06-11', 'Jogging', 40, 5.00, 0, '', 'https://ik.imagekit.io/ahsansur/sportapp/June_2026/Rifat-2026-06-11-Jogging_v7f4N49IO.jpg', '6a29fed65c7cd75eb8d5391f', '2026-06-11 07:18:31.010826', '7''00"/km', NULL, NULL, NULL),
	(22, 4, '2026-06-11', 'Jogging', 20, 3.00, 0, '', 'https://ik.imagekit.io/ahsansur/sportapp/June_2026/Dani-2026-06-11-Jogging_Y4UGyMu79.jpg', '6a2a77d55c7cd75eb8aadf08', '2026-06-11 15:54:45.773464', '7''30"/km', NULL, NULL, NULL),
	(23, 3, '2026-06-12', 'Jogging', 30, 5.00, 0, 'rute tritan poin', 'https://ik.imagekit.io/ahsansur/sportapp/June_2026/Rifat-2026-06-12-Jogging_k67Rb8kUB.jpg', '6a2b4e5d5c7cd75eb81e2394', '2026-06-12 07:10:06.234402', '6''30"/km', NULL, NULL, NULL),
	(24, 2, '2026-06-13', 'Jogging', 17, 2.54, 206, 'Asa te karaos', 'https://ik.imagekit.io/ahsansur/sportapp/June_2026/Firdam-2026-06-13-Jogging_ZlJs3FaF5.jpg', '6a2c9faa5c7cd75eb85ea342', '2026-06-13 07:09:14.779208', '7''00"/km', NULL, NULL, NULL),
	(29, 4, '2026-06-19', 'Jogging', 40, 5.00, 0, '', 'https://ik.imagekit.io/ahsansur/sportapp/June_2026/Dani-2026-06-19-Jogging_MgPtPZn0K.png', '6a34de7d5c7cd75eb8c2d570', '2026-06-19 13:15:25.934335', '7''30"/km', NULL, NULL, NULL),
	(30, 4, '2026-06-19', 'Jogging', 20, 3.00, 0, '', 'https://ik.imagekit.io/ahsansur/sportapp/June_2026/Dani-2026-06-19-Jogging_c3bWyOgWS.png', '6a34e8ae5c7cd75eb8fc77d1', '2026-06-19 13:58:55.210927', '7''30"/km', NULL, NULL, NULL);
/*!40000 ALTER TABLE "upload_harian" ENABLE KEYS */;

-- Dumping data for table public.upload_harian_comments: -1 rows
/*!40000 ALTER TABLE "upload_harian_comments" DISABLE KEYS */;
INSERT INTO "upload_harian_comments" ("id", "upload_id", "user_id", "isi", "created_at") VALUES
	(1, 22, 2, 'Muantap', '2026-06-11 18:05:21.780775'),
	(2, 24, 2, 'oke', '2026-06-13 21:01:59.054374'),
	(3, 25, 2, 'Huh', '2026-06-15 18:13:30.047455'),
	(4, 26, 2, '👍✨', '2026-06-17 04:50:59.988574');
/*!40000 ALTER TABLE "upload_harian_comments" ENABLE KEYS */;

-- Dumping data for table public.upload_harian_likes: -1 rows
/*!40000 ALTER TABLE "upload_harian_likes" DISABLE KEYS */;
INSERT INTO "upload_harian_likes" ("upload_id", "user_id", "created_at") VALUES
	(22, 2, '2026-06-11 18:04:52.486608'),
	(21, 2, '2026-06-11 18:05:02.193622'),
	(20, 2, '2026-06-11 18:05:10.459371'),
	(18, 2, '2026-06-12 05:00:21.837678'),
	(23, 2, '2026-06-13 07:11:14.285927'),
	(24, 2, '2026-06-13 21:06:54.460959'),
	(26, 2, '2026-06-17 04:50:09.021211'),
	(27, 2, '2026-06-18 17:41:31.577677');
/*!40000 ALTER TABLE "upload_harian_likes" ENABLE KEYS */;

-- Dumping data for table public.users: 17 rows
/*!40000 ALTER TABLE "users" DISABLE KEYS */;
INSERT INTO "users" ("id", "nama", "email", "password_hash", "role", "google_id", "created_at", "foto_url", "foto_file_id", "last_seen", "jenis_kelamin", "xp", "level", "streak_minggu", "bio", "dark_mode", "wa", "pic_admin_id", "nomor_wa", "berat_kg", "tinggi_cm", "tanggal_lahir", "riwayat_penyakit", "kode_referal", "referred_by_code", "username", "tema_warna", "privasi_disetujui_at", "privasi_versi_disetujui", "pic_user_id", "koordinator_id", "aktif", "nonaktif_catatan", "strava_account", "nickname") VALUES
	(14, 'Farhan Akmali', 'farhan@sport.local', '$2y$10$FJBGlMFxj85cDACsi1G/BuyLCGZQQO1vq6j.RpXLGudAFayjKm76W', 'admin', NULL, '2026-05-19 07:56:28.908609', 'https://ik.imagekit.io/ahsansur/sportapp/avatar/Farhan_Akmali-avatar-1779482008_KIqU_LMhc.jpg', NULL, '2026-06-19 12:27:01.750083', 'L', 150, 1, 3, NULL, 0, '087854972839', 2, '087854972839', NULL, NULL, NULL, NULL, NULL, NULL, NULL, 'sky', NULL, NULL, NULL, NULL, 1, NULL, NULL, NULL),
	(11, 'Rian', 'rian@sport.local', '$2y$10$1i9pPdfgTNmnk.znbNW/O.RqmElHfaA0l/cnj3Lc98BUZto6kIVhS', 'member', NULL, '2026-05-19 07:55:42.436033', NULL, NULL, '2026-06-19 06:25:28.803065', 'L', 0, 1, 0, NULL, 0, '085691767966', NULL, '085691767966', NULL, NULL, NULL, NULL, NULL, NULL, NULL, 'sky', NULL, NULL, NULL, NULL, 1, NULL, NULL, NULL),
	(16, 'ADITH SETIAWAN', 'adithsetiawan62@gmail.com', '$argon2id$v=19$m=65536,t=4,p=1$NzkuSWtnU0J1UjFTcGV4Ug$3kOfbqXaVv19r43a8KDxVPg33BbgV/AkqZ7Gt6oY9u8', 'member', NULL, '2026-05-22 09:25:05.526258', 'https://ik.imagekit.io/ahsansur/sportapp/avatar/ADITH_SETIAWAN-avatar-1780045646_vUCRcMgf9.jpg', NULL, '2026-06-20 08:08:02.210356', 'L', 0, 1, 3, 'Enjoy the Proses', 0, '082118785024', NULL, '082118785024', 66.00, 160.00, '2006-03-12', 'Sehat sentosa', NULL, NULL, NULL, 'sky', NULL, NULL, NULL, NULL, 1, NULL, NULL, NULL),
	(7, 'Faiz', 'faiz@sport.local', '$2y$10$IU70GA7RajjzT1JaITB/0Oo3D7xTWI1OfuNs.U61Zh0q7GCGPs.o2', 'member', NULL, '2026-05-19 07:54:49.054143', NULL, NULL, '2026-06-20 15:00:22.762388', 'L', 0, 1, 1, NULL, 0, '085814120846', NULL, '085814120846', NULL, NULL, NULL, NULL, NULL, NULL, NULL, 'sky', NULL, NULL, NULL, NULL, 1, NULL, NULL, NULL),
	(21, 'Fawaid', 'fawaid@sport.local', '$2y$10$WRVlvftweEcCk1Qv4W4r0.swunLUfBb3NdRc0Y.kwlx7i6MkNUH7q', 'member', NULL, '2026-06-03 22:39:30.317356', NULL, NULL, '2026-06-20 12:51:32.61479', 'L', 0, 1, 0, NULL, 0, '085177010166', NULL, NULL, NULL, NULL, NULL, NULL, NULL, NULL, NULL, 'sky', NULL, NULL, NULL, NULL, 1, NULL, NULL, NULL),
	(13, 'Aziz', 'aziz@sport.local', '$2y$10$hscxGGWZSkrUVdUi9GPuleeSCgD6HfEktM/SU4TzVT85LVuRsfcwO', 'member', NULL, '2026-05-19 07:56:12.862165', NULL, NULL, '2026-06-08 14:21:47.13626', 'L', 0, 1, 0, NULL, 0, '081223450704', 2, '081223450704', NULL, NULL, NULL, NULL, NULL, NULL, NULL, 'sky', NULL, NULL, NULL, NULL, 1, NULL, NULL, NULL),
	(8, 'Dedi', 'dedi@sport.local', '$2y$10$nuKddv8x8SvUhueELQwWv.F/F8YzaEOLA52T438WdLXMeLhZlee8q', 'member', NULL, '2026-05-19 07:55:00.498075', NULL, NULL, '2026-05-23 17:11:43.514279', 'L', 150, 1, 0, NULL, 0, '082184381823', NULL, '082184381823', NULL, NULL, NULL, NULL, NULL, NULL, NULL, 'sky', NULL, NULL, NULL, NULL, 0, 'Dinonaktifkan oleh admin', NULL, NULL),
	(15, 'Hanif', 'hanif@sport.local', '$2y$10$GnFSPJJ7.9X2BsmQ2ScrTOza76tmuZt1y8RFiX9QptHnZEFr4u8WK', 'member', NULL, '2026-05-19 07:56:40.664031', NULL, NULL, '2026-05-30 09:59:44.711128', 'L', 0, 1, 0, NULL, 0, '082117100115', 2, '082117100115', NULL, NULL, NULL, NULL, NULL, NULL, NULL, 'sky', NULL, NULL, NULL, NULL, 1, NULL, NULL, NULL),
	(2, 'Firdam', 'firdam@sport.local', '$2y$10$J219qLjtcMqVaSla3vEmsuaOMwxaL7XVJ4Xpnc7VQl8TJKBNMDv0m', 'admin', NULL, '2026-05-19 07:09:24.276208', 'https://ik.imagekit.io/ahsansur/sportapp/avatar/Firdam-avatar-1781923850_aubgxKMWB.jpg', '6a0ee0135c7cd75eb87edbaf', '2026-06-21 17:32:03.818002', 'L', 300, 2, 3, 'Mau yang mana?', 0, '081386369207', 2, '081386369207', 83.00, 170.00, '1996-03-11', 'Usus Buntu', NULL, NULL, NULL, 'sky', NULL, NULL, NULL, NULL, 1, NULL, 'https://strava.app.link/5CnMSeGK63b', 'hambaAllah2211'),
	(17, 'RIZAL SAAD', 'rizalsaad1405@gmail.com', '$argon2id$v=19$m=65536,t=4,p=1$dWZVNkNuMDFRbUxEbTdUbQ$FymiSUHfBJnWIII+P5DJeMVHC7cH5YbosxTQNxhFqUw', 'member', NULL, '2026-05-22 09:25:26.79199', NULL, NULL, '2026-05-22 09:26:42.829588', 'L', 0, 1, 0, NULL, 0, '082218532348', 4, '082218532348', NULL, NULL, NULL, NULL, NULL, NULL, NULL, 'sky', NULL, NULL, NULL, NULL, 1, NULL, NULL, NULL),
	(20, 'Fajar Suseno', 'fajar@sport.local', '$2y$10$PCnvpCyKEdEapN87UMqQHOh7edoaNTepREZPpBljj5sHgdp68uUbi', 'member', NULL, '2026-05-29 12:57:35.205148', NULL, NULL, '2026-05-29 16:08:52.600659', 'L', 0, 1, 0, NULL, 0, '087822615464', NULL, '087822615464', 67.00, 168.00, '2005-06-19', 'Tidak ada.', NULL, NULL, NULL, 'sky', NULL, NULL, NULL, NULL, 1, NULL, NULL, NULL),
	(10, 'Reyhan', 'reyhan@sport.local', '$2y$10$84RpoOaWh9iDdj4eVoNgnuy3ycDWsYTpJnhKoCW3rd74cPepinhni', 'member', NULL, '2026-05-19 07:55:29.376846', NULL, NULL, NULL, 'L', 0, 1, 0, NULL, 0, '082320781890', NULL, '082320781890', NULL, NULL, NULL, NULL, NULL, NULL, NULL, 'sky', NULL, NULL, NULL, NULL, 0, NULL, NULL, NULL),
	(9, 'Rafi', 'rafi@sport.local', '$2y$10$WXVJ/JHsAzNkfEEz/ZAyOuioNuZj4iM5TVN4xRd1qkqqEanljth8y', 'member', NULL, '2026-05-19 07:55:12.485671', NULL, NULL, NULL, 'L', 0, 1, 0, NULL, 0, '089502639933', NULL, '089502639933', NULL, NULL, NULL, NULL, NULL, NULL, NULL, 'sky', NULL, NULL, NULL, NULL, 0, NULL, NULL, NULL),
	(5, 'Usama', 'usama@sport.local', '$2y$10$.t7NxThSxmHvK3Bst9NmguSIlu9zz2QjlaTxOnB6PvcSv71OsdWm2', 'member', NULL, '2026-05-19 07:54:22.015654', NULL, NULL, NULL, 'L', 0, 1, 0, NULL, 0, '089525429272', NULL, '089525429272', NULL, NULL, NULL, NULL, NULL, NULL, NULL, 'sky', NULL, NULL, NULL, NULL, 1, NULL, NULL, NULL),
	(6, 'Dendra', 'dendra@sport.local', '$2y$10$6Xt5Sj9rKVSr9fqdXcF14.y/DP5240ULEtf/lie738rt1H5frLo/y', 'member', NULL, '2026-05-19 07:54:35.123756', 'https://ik.imagekit.io/ahsansur/sportapp/avatar/Dendra-avatar-1780327141_1LN6n1f2i.jpg', NULL, '2026-06-20 01:42:46.000088', 'L', 0, 1, 0, NULL, 0, '082316481216', NULL, '082316481216', NULL, NULL, NULL, NULL, NULL, NULL, NULL, 'sky', NULL, NULL, NULL, NULL, 1, NULL, NULL, NULL),
	(3, 'Rifat', 'rifat@sport.local', '$2y$10$2nAaw2Qjru8mkOrZMA5Bcu2nX7ulxiqPObQk1Ekp0VxBPTjowBrNW', 'member', NULL, '2026-05-19 07:09:24.276208', 'https://ik.imagekit.io/ahsansur/sportapp/avatar/Rifat-avatar-1779378411_1K68zsR1h.jpg', '6a0f28ed5c7cd75eb84a1dad', '2026-06-20 11:42:03.347139', 'L', 300, 2, 2, '', 0, '081369248630', NULL, '081369248630', NULL, NULL, NULL, NULL, NULL, NULL, NULL, 'sky', NULL, NULL, NULL, NULL, 1, NULL, NULL, NULL),
	(4, 'Dani', 'dani@sport.local', '$2y$10$VgQ6RZkSly9XqDDlNH0B8e/VTM.GB.3nDyxY6O4nyA2HtTOD8MOi2', 'member', NULL, '2026-05-19 07:09:24.276208', 'https://ik.imagekit.io/ahsansur/sportapp/avatar/Dani-avatar-1779446202_D6MgJZEDkC.jpg', NULL, '2026-06-21 15:38:13.629738', 'L', 300, 2, 3, NULL, 0, '0895337148803', NULL, '0895337148803', 58.00, 163.00, '2004-10-09', 'Darah Tinggi', NULL, NULL, NULL, 'sky', NULL, NULL, NULL, NULL, 1, NULL, NULL, NULL);
/*!40000 ALTER TABLE "users" ENABLE KEYS */;

-- Dumping data for table public.user_badges: -1 rows
/*!40000 ALTER TABLE "user_badges" DISABLE KEYS */;
INSERT INTO "user_badges" ("id", "user_id", "badge_id", "earned_at") VALUES
	(1, 2, 7, '2026-05-22 00:37:28.111196'),
	(2, 8, 7, '2026-05-22 03:22:47.755994'),
	(3, 14, 7, '2026-05-22 09:29:51.266041'),
	(4, 4, 7, '2026-05-22 10:34:05.720315'),
	(5, 3, 7, '2026-05-23 09:18:05.084045'),
	(6, 2, 2, '2026-05-23 16:27:31.433549'),
	(7, 4, 2, '2026-05-24 13:54:15.537989'),
	(8, 3, 2, '2026-05-24 15:37:52.431443');
/*!40000 ALTER TABLE "user_badges" ENABLE KEYS */;

-- Dumping data for table public.user_follows: -1 rows
/*!40000 ALTER TABLE "user_follows" DISABLE KEYS */;
/*!40000 ALTER TABLE "user_follows" ENABLE KEYS */;

-- Dumping data for table public.user_islami_pref: -1 rows
/*!40000 ALTER TABLE "user_islami_pref" DISABLE KEYS */;
INSERT INTO "user_islami_pref" ("user_id", "hide_sapa", "mode_tenang", "kota", "negara", "updated_at") VALUES
	(4, 0, 1, 'Jakarta', 'Indonesia', '2026-05-24 00:23:08.064265'),
	(3, 0, 1, 'Jakarta', 'Indonesia', '2026-05-24 15:35:27.781673'),
	(16, 0, 1, 'Jakarta', 'Indonesia', '2026-05-26 11:38:46.965837'),
	(20, 0, 1, 'Jakarta', 'Indonesia', '2026-05-29 13:02:26.848779'),
	(6, 0, 1, 'Jakarta', 'Indonesia', '2026-05-29 13:58:33.835718'),
	(14, 0, 1, 'Bandung', 'Indonesia', '2026-05-30 07:15:07.73775'),
	(15, 0, 1, 'Jakarta', 'Indonesia', '2026-05-30 09:55:49.225629'),
	(11, 0, 1, 'Jakarta', 'Indonesia', '2026-06-02 17:43:29.415'),
	(21, 0, 1, 'Jakarta', 'Indonesia', '2026-06-06 09:52:14.563982'),
	(13, 0, 1, 'Jakarta', 'Indonesia', '2026-06-08 14:21:12.625834'),
	(7, 0, 1, 'Jakarta', 'Indonesia', '2026-06-10 13:29:41.510151'),
	(2, 1, 1, 'Bandung', 'Indonesia', '2026-06-16 05:14:07.310935');
/*!40000 ALTER TABLE "user_islami_pref" ENABLE KEYS */;

-- Dumping data for table public.user_kondisi: -1 rows
/*!40000 ALTER TABLE "user_kondisi" DISABLE KEYS */;
INSERT INTO "user_kondisi" ("user_id", "status", "keterangan", "updated_at") VALUES
	(2, 'sehat', 'Ga enak badan', '2026-05-23 07:55:15.791319');
/*!40000 ALTER TABLE "user_kondisi" ENABLE KEYS */;

-- Dumping data for table public.user_olahraga_favorit: -1 rows
/*!40000 ALTER TABLE "user_olahraga_favorit" DISABLE KEYS */;
INSERT INTO "user_olahraga_favorit" ("id", "user_id", "nama", "created_at") VALUES
	(1, 2, 'Badminton, Renang, Futsal, Hiking', '2026-05-22 04:54:22.608755'),
	(2, 4, 'Badminton', '2026-05-22 10:37:33.838919');
/*!40000 ALTER TABLE "user_olahraga_favorit" ENABLE KEYS */;

-- Dumping data for table public.user_pengalaman: -1 rows
/*!40000 ALTER TABLE "user_pengalaman" DISABLE KEYS */;
INSERT INTO "user_pengalaman" ("id", "user_id", "jenis", "judul", "lokasi", "tanggal", "deskripsi", "foto_url", "created_at") VALUES
	(1, 2, 'hiking', 'Muncak Bareng Barudak', 'Gunung Putri', '2026-05-17', 'Adem Ayem', NULL, '2026-05-23 07:20:18.626138');
/*!40000 ALTER TABLE "user_pengalaman" ENABLE KEYS */;

-- Dumping data for table public.user_perlengkapan: -1 rows
/*!40000 ALTER TABLE "user_perlengkapan" DISABLE KEYS */;
INSERT INTO "user_perlengkapan" ("id", "user_id", "jenis_olahraga_id", "jenis_nama", "nama", "jumlah", "catatan", "created_at") VALUES
	(1, 2, 1, 'Jogging', 'Sepatu', 1, 'Merk Asics', '2026-05-23 07:22:07.385253'),
	(3, 2, 12, 'Ping Pong', 'Bola', 2, 'Warna Kuninig', '2026-05-23 07:22:48.543813'),
	(5, 2, 2, 'Badminton', 'Sepatu', 1, 'Biasa dipakai futsal', '2026-05-23 07:23:55.738743'),
	(6, 4, 2, 'Badminton', 'Raket', 2, NULL, '2026-05-24 14:01:06.155221'),
	(7, 2, 8, 'Hiking', 'Sepatu', 1, NULL, '2026-05-30 10:35:04.124359'),
	(8, 2, 8, 'Hiking', 'Sepatu', 1, 'Merk Treksta', '2026-05-30 10:36:35.730992'),
	(10, 2, 13, 'Olahraga Pribadi', 'Hand Gripper', 2, 'Buat Latihan Jari', '2026-06-03 05:37:34.080804'),
	(11, 2, 13, 'Olahraga Pribadi', 'Skipping', 1, 'Loncat Loncat', '2026-06-03 05:38:06.063242'),
	(13, 2, 8, 'Hiking', 'Tas Camping/Hiking Hijau', 1, 'Merk Ospray', '2026-06-03 05:46:17.051677'),
	(12, 2, 3, 'Futsal', 'Sepatu', 1, 'Merk Ortus Eight', '2026-06-03 05:45:49.553352'),
	(4, 2, 5, 'Renang', 'Kacamata', 2, 'Pribadi dan anak', '2026-05-23 07:23:16.66464'),
	(14, 3, 2, 'Badminton', 'Raket', 3, '1 dalam perbaikan', '2026-06-03 05:59:04.018762'),
	(15, 3, 3, 'Futsal', 'sepatu aicec', 1, NULL, '2026-06-03 06:00:32.477591'),
	(16, 3, NULL, 'jogging', 'sepatu', 2, 'bisa dipake untuk olahraga yang lain', '2026-06-03 06:01:06.830129'),
	(17, 3, 13, 'Olahraga Pribadi', 'hand grip', 1, NULL, '2026-06-03 06:02:38.324866'),
	(18, 3, 13, 'Olahraga Pribadi', 'pull up bar', 1, NULL, '2026-06-03 06:03:11.12582'),
	(19, 3, 13, 'Olahraga Pribadi', 'calisthenics bar', 1, NULL, '2026-06-03 06:03:39.157228'),
	(20, 2, 2, 'Badminton', 'Raket Pribadi', 1, 'Merk Berwyn', '2026-06-16 12:33:29.472081'),
	(21, 2, 2, 'Badminton', 'Kok Bulutangkis', 12, 'Merk Berwyn', '2026-06-16 12:35:06.388571'),
	(22, 7, 2, 'Badminton', 'Raket', 1, NULL, '2026-06-16 15:19:59.474863');
/*!40000 ALTER TABLE "user_perlengkapan" ENABLE KEYS */;

-- Dumping data for table public.user_strava: -1 rows
/*!40000 ALTER TABLE "user_strava" DISABLE KEYS */;
/*!40000 ALTER TABLE "user_strava" ENABLE KEYS */;

/*!40103 SET TIME_ZONE=IFNULL(@OLD_TIME_ZONE, 'system') */;
/*!40101 SET SQL_MODE=IFNULL(@OLD_SQL_MODE, '') */;
/*!40014 SET FOREIGN_KEY_CHECKS=IFNULL(@OLD_FOREIGN_KEY_CHECKS, 1) */;
/*!40101 SET CHARACTER_SET_CLIENT=@OLD_CHARACTER_SET_CLIENT */;
/*!40111 SET SQL_NOTES=IFNULL(@OLD_SQL_NOTES, 1) */;
