-- --------------------------------------------------------
-- Host:                         pg-c8c7f-adamsasmita534-4b4d.e.aivencloud.com
-- Server version:               PostgreSQL 17.10 on x86_64-pc-linux-gnu, compiled by gcc (GCC) 15.2.1 20260123 (Red Hat 15.2.1-7), 64-bit
-- Server OS:                    
-- HeidiSQL Version:             12.1.0.6537
-- --------------------------------------------------------

/*!40101 SET @OLD_CHARACTER_SET_CLIENT=@@CHARACTER_SET_CLIENT */;
/*!40101 SET NAMES  */;
/*!40103 SET @OLD_TIME_ZONE=@@TIME_ZONE */;
/*!40103 SET TIME_ZONE='+00:00' */;
/*!40014 SET @OLD_FOREIGN_KEY_CHECKS=@@FOREIGN_KEY_CHECKS, FOREIGN_KEY_CHECKS=0 */;
/*!40101 SET @OLD_SQL_MODE=@@SQL_MODE, SQL_MODE='NO_AUTO_VALUE_ON_ZERO' */;
/*!40111 SET @OLD_SQL_NOTES=@@SQL_NOTES, SQL_NOTES=0 */;

-- Dumping structure for table public.absensi
CREATE TABLE IF NOT EXISTS "absensi" (
	"id" INTEGER NOT NULL DEFAULT 'nextval(''absensi_id_seq''::regclass)',
	"jadwal_id" INTEGER NOT NULL,
	"user_id" INTEGER NOT NULL,
	"hadir" SMALLINT NOT NULL DEFAULT '0',
	"metode" VARCHAR(20) NULL DEFAULT 'manual',
	"checkin_at" TIMESTAMP NULL DEFAULT NULL,
	"lat" DOUBLE PRECISION NULL DEFAULT NULL,
	"lng" DOUBLE PRECISION NULL DEFAULT NULL,
	"telat_menit" INTEGER NULL DEFAULT '0',
	"status" VARCHAR(20) NOT NULL DEFAULT 'hadir',
	"keterangan" TEXT NULL DEFAULT NULL,
	PRIMARY KEY ("id"),
	UNIQUE INDEX "absensi_jadwal_id_user_id_key" ("jadwal_id", "user_id"),
	CONSTRAINT "absensi_jadwal_id_fkey" FOREIGN KEY ("jadwal_id") REFERENCES "jadwal" ("id") ON UPDATE NO ACTION ON DELETE CASCADE,
	CONSTRAINT "absensi_user_id_fkey" FOREIGN KEY ("user_id") REFERENCES "users" ("id") ON UPDATE NO ACTION ON DELETE CASCADE,
	CONSTRAINT "absensi_hadir_check" CHECK ((hadir = ANY (ARRAY[0, 1]))),
	CONSTRAINT "absensi_status_check" CHECK (((status)::text = ANY ((ARRAY['hadir'::character varying, 'izin'::character varying, 'sakit'::character varying, 'telat'::character varying, 'absen'::character varying])::text[])))
);

-- Dumping data for table public.absensi: 98 rows
/*!40000 ALTER TABLE "absensi" DISABLE KEYS */;
INSERT INTO "absensi" ("id", "jadwal_id", "user_id", "hadir", "metode", "checkin_at", "lat", "lng", "telat_menit", "status", "keterangan") VALUES
	(417, 9, 2, 1, 'quick', '2026-06-02 20:31:14.465358', NULL, NULL, 0, 'hadir', ''),
	(183, 1, 13, 0, 'manual', NULL, NULL, NULL, 0, 'absen', NULL),
	(184, 1, 4, 1, 'manual', NULL, NULL, NULL, 0, 'hadir', 'Dani sama Rifat ada Kuliah Online'),
	(185, 1, 8, 1, 'manual', NULL, NULL, NULL, 0, 'hadir', 'ada bimbingan skripsi, jadi pulang duluan'),
	(186, 1, 6, 0, 'manual', NULL, NULL, NULL, 0, 'absen', NULL),
	(187, 1, 7, 0, 'manual', NULL, NULL, NULL, 0, 'absen', NULL),
	(188, 1, 14, 0, 'manual', NULL, NULL, NULL, 0, 'absen', NULL),
	(189, 1, 2, 1, 'manual', NULL, NULL, NULL, 0, 'hadir', NULL),
	(190, 1, 15, 0, 'manual', NULL, NULL, NULL, 0, 'absen', NULL),
	(191, 1, 9, 0, 'manual', NULL, NULL, NULL, 0, 'absen', NULL),
	(192, 1, 10, 0, 'manual', NULL, NULL, NULL, 0, 'absen', NULL),
	(193, 1, 11, 0, 'manual', NULL, NULL, NULL, 0, 'absen', NULL),
	(194, 1, 3, 1, 'manual', NULL, NULL, NULL, 0, 'hadir', 'Dani sama Rifat ada Kuliah Online'),
	(195, 1, 5, 0, 'manual', NULL, NULL, NULL, 0, 'absen', NULL),
	(292, 6, 16, 1, 'manual', NULL, NULL, NULL, 0, 'hadir', NULL),
	(293, 6, 13, 0, 'manual', NULL, NULL, NULL, 0, 'absen', NULL),
	(294, 6, 4, 1, 'manual', NULL, NULL, NULL, 0, 'hadir', NULL),
	(295, 6, 8, 0, 'manual', NULL, NULL, NULL, 0, 'absen', NULL),
	(296, 6, 6, 0, 'manual', NULL, NULL, NULL, 0, 'izin', 'Tidak suka badminton'),
	(214, 5, 16, 1, 'manual', NULL, NULL, NULL, 0, 'hadir', NULL),
	(297, 6, 7, 1, 'manual', NULL, NULL, NULL, 0, 'hadir', NULL),
	(216, 5, 13, 1, 'manual', NULL, NULL, NULL, 0, 'hadir', 'Ada acara grup ITB'),
	(217, 5, 4, 1, 'manual', NULL, NULL, NULL, 0, 'hadir', NULL),
	(218, 5, 8, 1, 'manual', NULL, NULL, NULL, 0, 'hadir', NULL),
	(219, 5, 6, 0, 'manual', NULL, NULL, NULL, 0, 'izin', 'Masih Tidur'),
	(220, 5, 7, 1, 'manual', NULL, NULL, NULL, 0, 'hadir', NULL),
	(221, 5, 14, 1, 'manual', NULL, NULL, NULL, 0, 'hadir', NULL),
	(222, 5, 2, 1, 'manual', NULL, NULL, NULL, 0, 'hadir', NULL),
	(223, 5, 15, 1, 'manual', NULL, NULL, NULL, 0, 'hadir', NULL),
	(224, 5, 9, 0, 'manual', NULL, NULL, NULL, 0, 'sakit', 'Tidak Tahu'),
	(225, 5, 10, 0, 'manual', NULL, NULL, NULL, 0, 'absen', NULL),
	(226, 5, 11, 1, 'manual', NULL, NULL, NULL, 0, 'hadir', NULL),
	(227, 5, 3, 1, 'manual', NULL, NULL, NULL, 0, 'hadir', NULL),
	(228, 5, 17, 0, 'manual', NULL, NULL, NULL, 0, 'absen', NULL),
	(229, 5, 5, 0, 'manual', NULL, NULL, NULL, 0, 'izin', 'Masih Tidur'),
	(298, 6, 14, 0, 'manual', NULL, NULL, NULL, 0, 'izin', 'Vcat 2x acara intern'),
	(299, 6, 2, 1, 'manual', NULL, NULL, NULL, 0, 'hadir', NULL),
	(300, 6, 15, 0, 'manual', NULL, NULL, NULL, 0, 'izin', 'Muncak with CMD'),
	(301, 6, 9, 0, 'manual', NULL, NULL, NULL, 0, 'absen', 'Gak di read chat dani'),
	(302, 6, 10, 0, 'manual', NULL, NULL, NULL, 0, 'absen', NULL),
	(303, 6, 11, 0, 'manual', NULL, NULL, NULL, 0, 'izin', 'Pulkam'),
	(304, 6, 3, 1, 'manual', NULL, NULL, NULL, 0, 'hadir', NULL),
	(305, 6, 17, 0, 'manual', NULL, NULL, NULL, 0, 'izin', 'Pulkam'),
	(306, 6, 5, 0, 'manual', NULL, NULL, NULL, 0, 'izin', 'Lomba'),
	(123, 2, 13, 0, 'manual', NULL, NULL, NULL, 0, 'absen', NULL),
	(124, 2, 4, 1, 'manual', NULL, NULL, NULL, 0, 'hadir', NULL),
	(125, 2, 8, 0, 'manual', NULL, NULL, NULL, 0, 'absen', NULL),
	(126, 2, 6, 1, 'manual', NULL, NULL, NULL, 0, 'hadir', NULL),
	(127, 2, 7, 0, 'manual', NULL, NULL, NULL, 0, 'absen', NULL),
	(128, 2, 14, 0, 'manual', NULL, NULL, NULL, 0, 'absen', NULL),
	(129, 2, 2, 1, 'manual', NULL, NULL, NULL, 0, 'hadir', NULL),
	(130, 2, 15, 0, 'manual', NULL, NULL, NULL, 0, 'absen', NULL),
	(131, 2, 9, 0, 'manual', NULL, NULL, NULL, 0, 'absen', NULL),
	(132, 2, 10, 0, 'manual', NULL, NULL, NULL, 0, 'absen', NULL),
	(133, 2, 11, 0, 'manual', NULL, NULL, NULL, 0, 'absen', NULL),
	(134, 2, 3, 1, 'manual', NULL, NULL, NULL, 0, 'hadir', NULL),
	(135, 2, 5, 1, 'manual', NULL, NULL, NULL, 0, 'hadir', NULL),
	(138, 3, 13, 0, 'manual', NULL, NULL, NULL, 0, 'absen', NULL),
	(139, 3, 4, 1, 'manual', NULL, NULL, NULL, 0, 'hadir', NULL),
	(140, 3, 8, 1, 'manual', NULL, NULL, NULL, 0, 'hadir', NULL),
	(141, 3, 6, 0, 'manual', NULL, NULL, NULL, 0, 'absen', NULL),
	(142, 3, 7, 0, 'manual', NULL, NULL, NULL, 0, 'absen', NULL),
	(143, 3, 14, 1, 'manual', NULL, NULL, NULL, 0, 'hadir', NULL),
	(144, 3, 2, 1, 'manual', NULL, NULL, NULL, 0, 'hadir', NULL),
	(145, 3, 15, 1, 'manual', NULL, NULL, NULL, 0, 'hadir', NULL),
	(146, 3, 9, 0, 'manual', NULL, NULL, NULL, 0, 'absen', NULL),
	(147, 3, 10, 1, 'manual', NULL, NULL, NULL, 0, 'hadir', NULL),
	(148, 3, 11, 1, 'manual', NULL, NULL, NULL, 0, 'hadir', NULL),
	(149, 3, 3, 1, 'manual', NULL, NULL, NULL, 0, 'hadir', NULL),
	(150, 3, 5, 1, 'manual', NULL, NULL, NULL, 0, 'hadir', NULL),
	(153, 4, 13, 1, 'manual', NULL, NULL, NULL, 0, 'hadir', NULL),
	(154, 4, 4, 1, 'manual', NULL, NULL, NULL, 0, 'hadir', NULL),
	(155, 4, 8, 1, 'manual', NULL, NULL, NULL, 0, 'hadir', NULL),
	(156, 4, 6, 0, 'manual', NULL, NULL, NULL, 0, 'absen', NULL),
	(157, 4, 7, 0, 'manual', NULL, NULL, NULL, 0, 'absen', NULL),
	(158, 4, 14, 1, 'manual', NULL, NULL, NULL, 0, 'hadir', NULL),
	(159, 4, 2, 1, 'manual', NULL, NULL, NULL, 0, 'hadir', NULL),
	(160, 4, 15, 0, 'manual', NULL, NULL, NULL, 0, 'absen', NULL),
	(161, 4, 9, 0, 'manual', NULL, NULL, NULL, 0, 'absen', NULL),
	(162, 4, 10, 0, 'manual', NULL, NULL, NULL, 0, 'absen', NULL),
	(163, 4, 11, 0, 'manual', NULL, NULL, NULL, 0, 'absen', NULL),
	(164, 4, 3, 1, 'manual', NULL, NULL, NULL, 0, 'hadir', NULL),
	(165, 4, 5, 1, 'manual', NULL, NULL, NULL, 0, 'hadir', NULL),
	(401, 8, 16, 0, 'manual', NULL, NULL, NULL, 0, 'izin', 'Ada kuliah sore sampai magrib'),
	(402, 8, 13, 1, 'manual', NULL, NULL, NULL, 0, 'telat', 'Nyusul'),
	(403, 8, 4, 1, 'manual', NULL, NULL, NULL, 0, 'hadir', NULL),
	(404, 8, 8, 0, 'manual', NULL, NULL, NULL, 0, 'absen', 'Ga ada kabar'),
	(405, 8, 6, 0, 'manual', NULL, NULL, NULL, 0, 'absen', NULL),
	(406, 8, 7, 1, 'manual', NULL, NULL, NULL, 0, 'hadir', NULL),
	(407, 8, 20, 1, 'manual', NULL, NULL, NULL, 0, 'hadir', 'Cuman 1 jam rencana'),
	(408, 8, 14, 0, 'manual', NULL, NULL, NULL, 0, 'izin', 'Kerja'),
	(409, 8, 2, 1, 'manual', NULL, NULL, NULL, 0, 'telat', 'Ketiduran'),
	(410, 8, 15, 0, 'manual', NULL, NULL, NULL, 0, 'izin', 'Kerja'),
	(411, 8, 9, 0, 'manual', NULL, NULL, NULL, 0, 'absen', 'Tidak ada kabar'),
	(412, 8, 10, 0, 'manual', NULL, NULL, NULL, 0, 'absen', 'Tidak ada kabar'),
	(413, 8, 11, 1, 'manual', NULL, NULL, NULL, 0, 'hadir', NULL),
	(414, 8, 3, 1, 'manual', NULL, NULL, NULL, 0, 'hadir', NULL),
	(415, 8, 17, 1, 'manual', NULL, NULL, NULL, 0, 'hadir', 'Insya allah'),
	(416, 8, 5, 1, 'manual', NULL, NULL, NULL, 0, 'hadir', NULL),
	(418, 9, 3, 1, 'quick', '2026-06-03 06:04:29.088493', NULL, NULL, 0, 'hadir', '');
/*!40000 ALTER TABLE "absensi" ENABLE KEYS */;

-- Dumping structure for table public.app_settings
CREATE TABLE IF NOT EXISTS "app_settings" (
	"skey" VARCHAR(80) NOT NULL,
	"sval" TEXT NOT NULL DEFAULT '',
	"keterangan" TEXT NULL DEFAULT NULL,
	"updated_at" TIMESTAMP NOT NULL DEFAULT 'now()',
	PRIMARY KEY ("skey")
);

-- Dumping data for table public.app_settings: -1 rows
/*!40000 ALTER TABLE "app_settings" DISABLE KEYS */;
INSERT INTO "app_settings" ("skey", "sval", "keterangan", "updated_at") VALUES
	('biaya_admin_fixed', '4000', 'Biaya admin Midtrans fixed (Rp) per transaksi', '2026-06-02 07:20:16.747266'),
	('biaya_admin_pct', '0.007', 'Biaya admin Midtrans persen (0.007 = 0.7%)', '2026-06-02 07:20:16.747266'),
	('biaya_aplikasi_fixed', '1000', 'Biaya aplikasi fixed (Rp) per transaksi', '2026-06-02 07:20:16.747266'),
	('biaya_aplikasi_pct', '0', 'Biaya aplikasi persen', '2026-06-02 07:20:16.747266'),
	('invoice_email_from', 'no-reply@hapfam.local', 'Alamat email pengirim invoice', '2026-06-02 07:20:16.747266'),
	('invoice_email_nama', 'HapFam SportApp', 'Nama pengirim invoice', '2026-06-02 07:20:16.747266');
/*!40000 ALTER TABLE "app_settings" ENABLE KEYS */;

-- Dumping structure for table public.badges
CREATE TABLE IF NOT EXISTS "badges" (
	"id" INTEGER NOT NULL DEFAULT 'nextval(''badges_id_seq''::regclass)',
	"kode" VARCHAR(50) NOT NULL,
	"nama" VARCHAR(100) NOT NULL,
	"deskripsi" TEXT NULL DEFAULT NULL,
	"icon" VARCHAR(50) NULL DEFAULT 'bi-award',
	"warna" VARCHAR(20) NULL DEFAULT 'primary',
	"xp" INTEGER NULL DEFAULT '50',
	PRIMARY KEY ("id"),
	UNIQUE INDEX "badges_kode_key" ("kode")
);

-- Dumping data for table public.badges: -1 rows
/*!40000 ALTER TABLE "badges" DISABLE KEYS */;
INSERT INTO "badges" ("id", "kode", "nama", "deskripsi", "icon", "warna", "xp") VALUES
	(1, 'JOGGING_10', 'Jogging 10x', 'Hadir jogging 10 kali', 'bi-person-running', 'success', 100),
	(2, 'RAJIN_4W', 'Rajin 4 Minggu', 'Hadir 4 minggu berturut-turut', 'bi-fire', 'danger', 150),
	(3, 'TOP_ATTEND', 'Top Attendance', 'Top 3 kehadiran bulanan', 'bi-trophy-fill', 'warning', 200),
	(4, 'NIGHT_RUNNER', 'Night Runner', '5x olahraga malam', 'bi-moon-stars', 'dark', 80),
	(5, 'BADMINTON_WARRIOR', 'Badminton Warrior', 'Hadir 10x badminton', 'bi-shield-fill-check', 'info', 120),
	(6, 'FIRST_CHECKIN', 'First Check-in', 'Check-in pertama via QR', 'bi-qr-code-scan', 'primary', 30),
	(7, 'ALL_ROUNDER', 'All Rounder', 'Hadir di 3 jenis olahraga berbeda', 'bi-stars', 'warning', 150),
	(8, 'CONSISTENCY_KING', 'Consistency King', 'Score konsistensi >85%', 'bi-graph-up', 'success', 180),
	(9, 'EARLY_BIRD', 'Early Bird', '5x check-in <10 menit sebelum mulai', 'bi-sun', 'warning', 60),
	(10, 'FORUM_STAR', 'Forum Star', '50 post di forum', 'bi-chat-heart-fill', 'danger', 70);
/*!40000 ALTER TABLE "badges" ENABLE KEYS */;

-- Dumping structure for table public.berita
CREATE TABLE IF NOT EXISTS "berita" (
	"id" INTEGER NOT NULL DEFAULT 'nextval(''berita_id_seq''::regclass)',
	"judul" VARCHAR(200) NOT NULL,
	"isi" TEXT NULL DEFAULT NULL,
	"gambar_url" VARCHAR(255) NULL DEFAULT NULL,
	"gambar_file_id" VARCHAR(120) NULL DEFAULT NULL,
	"created_at" TIMESTAMP NULL DEFAULT 'now()',
	PRIMARY KEY ("id")
);

-- Dumping data for table public.berita: -1 rows
/*!40000 ALTER TABLE "berita" DISABLE KEYS */;
INSERT INTO "berita" ("id", "judul", "isi", "gambar_url", "gambar_file_id", "created_at") VALUES
	(1, 'Putri KW dengan Senang Hati Terima Tongkat Estafet dari Gregoria Mercy Raya', '<p><span style="color: rgb(0, 0, 0);">Jakarta - Putri Kusuma Wardani dengan senang hati menerima tongkat estafet dari Gregoria Mariska Tunjung sebagai tulang punggung tunggal putri PBSI.</span></p><p><span style="color: rgb(0, 0, 0);">Gregoria memutuskan mundur dari Pelatnas PBSI pekan lalu. Dia mengundurkan diri karena kondisi kesehatannya yang belum pulih sepenuhnya dari vertigo.</span></p><p><br></p><p><span style="color: rgb(0, 0, 0);">Mundurnya Gregoria membuat Putri KW jadi andalan utama PBSI di nomor tunggal putri. Pebulutangkis berusia 23 tahun itu pun optimis bisa melanjutkan langkah seniornya tersebut.</span></p>', 'https://ik.imagekit.io/ahsansur/sportapp/berita/berita-1779362347_WO6ceqhnq.jpeg', '6a0eea2d5c7cd75eb8cb5ec7', '2026-05-21 10:44:13.957308');
/*!40000 ALTER TABLE "berita" ENABLE KEYS */;

-- Dumping structure for table public.booking
CREATE TABLE IF NOT EXISTS "booking" (
	"id" INTEGER NOT NULL DEFAULT 'nextval(''booking_id_seq''::regclass)',
	"tempat_id" INTEGER NOT NULL,
	"user_id" INTEGER NOT NULL,
	"tanggal" DATE NOT NULL,
	"jam_mulai" TIME NOT NULL,
	"jam_selesai" TIME NOT NULL,
	"status" VARCHAR(20) NOT NULL DEFAULT 'pending',
	"dp_status" VARCHAR(20) NULL DEFAULT 'unpaid',
	"recurring" VARCHAR(20) NULL DEFAULT NULL,
	"recurring_until" DATE NULL DEFAULT NULL,
	"catatan" TEXT NULL DEFAULT NULL,
	"created_at" TIMESTAMP NOT NULL DEFAULT 'now()',
	PRIMARY KEY ("id"),
	INDEX "booking_idx" ("tempat_id", "tanggal"),
	CONSTRAINT "booking_tempat_id_fkey" FOREIGN KEY ("tempat_id") REFERENCES "tempat" ("id") ON UPDATE NO ACTION ON DELETE CASCADE,
	CONSTRAINT "booking_user_id_fkey" FOREIGN KEY ("user_id") REFERENCES "users" ("id") ON UPDATE NO ACTION ON DELETE CASCADE
);

-- Dumping data for table public.booking: -1 rows
/*!40000 ALTER TABLE "booking" DISABLE KEYS */;
INSERT INTO "booking" ("id", "tempat_id", "user_id", "tanggal", "jam_mulai", "jam_selesai", "status", "dp_status", "recurring", "recurring_until", "catatan", "created_at") VALUES
	(1, 3, 2, '2026-05-23', '16:00:00', '18:00:00', 'canceled', 'unpaid', NULL, NULL, 'DP', '2026-05-22 00:45:14.355745');
/*!40000 ALTER TABLE "booking" ENABLE KEYS */;

-- Dumping structure for table public.challenge_log
CREATE TABLE IF NOT EXISTS "challenge_log" (
	"id" INTEGER NOT NULL DEFAULT 'nextval(''challenge_log_id_seq''::regclass)',
	"user_id" INTEGER NOT NULL,
	"challenge_key" VARCHAR(40) NOT NULL,
	"tanggal" DATE NOT NULL,
	"catatan" TEXT NULL DEFAULT NULL,
	"created_at" TIMESTAMP NOT NULL DEFAULT 'now()',
	PRIMARY KEY ("id"),
	UNIQUE INDEX "challenge_log_user_id_challenge_key_tanggal_key" ("user_id", "challenge_key", "tanggal"),
	CONSTRAINT "challenge_log_user_id_fkey" FOREIGN KEY ("user_id") REFERENCES "users" ("id") ON UPDATE NO ACTION ON DELETE CASCADE
);

-- Dumping data for table public.challenge_log: -1 rows
/*!40000 ALTER TABLE "challenge_log" DISABLE KEYS */;
INSERT INTO "challenge_log" ("id", "user_id", "challenge_key", "tanggal", "catatan", "created_at") VALUES
	(1, 2, 'dzikir_pagi', '2026-05-24', NULL, '2026-05-24 06:27:37.380155'),
	(3, 2, 'subuh_walk', '2026-05-24', NULL, '2026-05-24 06:31:17.872226'),
	(5, 2, 'ayat_harian', '2026-05-24', NULL, '2026-05-24 06:31:30.814959'),
	(7, 4, 'puasa_tasua_asyura', '2026-05-24', NULL, '2026-05-24 13:59:49.864411'),
	(11, 14, 'ayat_harian', '2026-05-24', NULL, '2026-05-24 15:09:15.284908'),
	(12, 3, 'ayat_harian', '2026-05-26', NULL, '2026-05-26 11:31:32.277207'),
	(14, 16, 'ayat_harian', '2026-05-29', NULL, '2026-05-29 10:01:14.497521'),
	(15, 20, 'ayat_harian', '2026-05-29', NULL, '2026-05-29 13:03:20.644834'),
	(16, 14, 'ayat_harian', '2026-05-29', NULL, '2026-05-29 17:24:49.678454'),
	(17, 2, 'ayat_harian', '2026-05-30', NULL, '2026-05-30 10:21:32.107295'),
	(18, 3, 'ayat_harian', '2026-05-31', NULL, '2026-05-31 16:40:08.47246'),
	(51, 16, 'ayat_harian', '2026-06-01', NULL, '2026-06-01 15:08:27.24533'),
	(52, 6, 'ayat_harian', '2026-06-01', NULL, '2026-06-01 22:14:46.78882');
/*!40000 ALTER TABLE "challenge_log" ENABLE KEYS */;

-- Dumping structure for table public.challenge_master
CREATE TABLE IF NOT EXISTS "challenge_master" (
	"id" INTEGER NOT NULL DEFAULT 'nextval(''challenge_master_id_seq''::regclass)',
	"kunci" VARCHAR(40) NOT NULL,
	"judul" VARCHAR(180) NOT NULL,
	"deskripsi" TEXT NULL DEFAULT NULL,
	"icon" VARCHAR(40) NOT NULL DEFAULT 'bi-trophy',
	"warna" VARCHAR(20) NOT NULL DEFAULT 'success',
	"aktif" SMALLINT NOT NULL DEFAULT '1',
	"created_at" TIMESTAMP NOT NULL DEFAULT 'now()',
	PRIMARY KEY ("id"),
	UNIQUE INDEX "challenge_master_kunci_key" ("kunci")
);

-- Dumping data for table public.challenge_master: -1 rows
/*!40000 ALTER TABLE "challenge_master" DISABLE KEYS */;
INSERT INTO "challenge_master" ("id", "kunci", "judul", "deskripsi", "icon", "warna", "aktif", "created_at") VALUES
	(1, 'ayat_harian', '1 Hari 1 Ayat', 'Baca minimal 1 ayat Al-Qur''an setiap hari.', 'bi-book', 'success', 1, '2026-05-24 08:39:45.801252'),
	(2, 'subuh_walk', 'Subuh Walk Challenge', 'Jalan kaki ≥10 menit setelah sholat Subuh.', 'bi-sunrise', 'warning', 1, '2026-05-24 08:39:45.841177'),
	(3, 'puasa_seninkamis', 'Puasa Senin-Kamis', 'Catat puasa sunnah Senin/Kamis hari ini.', 'bi-droplet-half', 'info', 1, '2026-05-24 08:39:45.887727'),
	(4, 'dzikir_pagi', 'Dzikir Pagi', 'Selesaikan rangkaian dzikir pagi.', 'bi-brightness-high', 'primary', 1, '2026-05-24 08:39:45.927186'),
	(5, 'dzikir_petang', 'Dzikir Petang', 'Selesaikan rangkaian dzikir petang.', 'bi-moon-stars', 'dark', 1, '2026-05-24 08:39:45.966648'),
	(11, 'puasa_ayyamul_bidh', 'Puasa Ayyamul Bidh', 'Puasa 13, 14, 15 Hijriyah (hari putih).', 'bi-moon', 'info', 1, '2026-05-24 09:12:01.835257'),
	(12, 'puasa_daud', 'Puasa Daud', 'Puasa selang-seling: sehari puasa, sehari berbuka.', 'bi-droplet', 'primary', 1, '2026-05-24 09:12:01.875835'),
	(13, 'puasa_syawal', 'Puasa 6 Hari Syawal', 'Puasa 6 hari di bulan Syawal setelah Ramadhan.', 'bi-stars', 'success', 1, '2026-05-24 09:12:01.915993'),
	(14, 'puasa_arafah', 'Puasa Arafah', 'Puasa 9 Dzulhijjah, menghapus dosa 2 tahun.', 'bi-sun', 'warning', 1, '2026-05-24 09:12:01.956198'),
	(15, 'puasa_tasua_asyura', 'Puasa Tasu''a & Asyura', 'Puasa 9 & 10 Muharram.', 'bi-droplet-half', 'dark', 1, '2026-05-24 09:12:01.996228'),
	(16, 'puasa_nisfu_syaban', 'Puasa Nisfu Sya''ban', 'Puasa di pertengahan bulan Sya''ban.', 'bi-moon-stars', 'secondary', 1, '2026-05-24 09:12:02.036358'),
	(17, 'puasa_ramadhan', 'Puasa Ramadhan', 'Puasa wajib di bulan Ramadhan.', 'bi-moon', 'success', 1, '2026-05-24 09:12:02.076612');
/*!40000 ALTER TABLE "challenge_master" ENABLE KEYS */;

-- Dumping structure for table public.chat_forum
CREATE TABLE IF NOT EXISTS "chat_forum" (
	"id" INTEGER NOT NULL DEFAULT 'nextval(''chat_forum_id_seq''::regclass)',
	"user_id" INTEGER NULL DEFAULT NULL,
	"pesan" TEXT NOT NULL,
	"created_at" TIMESTAMP NULL DEFAULT 'now()',
	"parent_id" INTEGER NULL DEFAULT NULL,
	"updated_at" TIMESTAMP NULL DEFAULT NULL,
	PRIMARY KEY ("id"),
	CONSTRAINT "chat_forum_parent_id_fkey" FOREIGN KEY ("parent_id") REFERENCES "chat_forum" ("id") ON UPDATE NO ACTION ON DELETE CASCADE,
	CONSTRAINT "chat_forum_user_id_fkey" FOREIGN KEY ("user_id") REFERENCES "users" ("id") ON UPDATE NO ACTION ON DELETE CASCADE
);

-- Dumping data for table public.chat_forum: -1 rows
/*!40000 ALTER TABLE "chat_forum" DISABLE KEYS */;
INSERT INTO "chat_forum" ("id", "user_id", "pesan", "created_at", "parent_id", "updated_at") VALUES
	(4, 3, 'wa''alikumussalam', '2026-05-21 15:47:46.367728', NULL, NULL),
	(6, 2, 'Semangat malam. Untuk absen, dilakukan di area sekitar lapang, karena radius absen 150 meter dari lokasi. Terimakasih.', '2026-05-22 16:36:35.671593', NULL, '2026-05-23 05:52:06.486691'),
	(8, 4, 'Semangat pagi. Siapp laksanakan', '2026-05-23 06:18:22.527654', 6, NULL),
	(5, 2, 'siap kawans', '2026-05-22 00:37:27.733498', 4, '2026-05-23 06:42:22.877495'),
	(9, 2, 'Pengumuman, sudah ada kalkulator sehat, bisa dicoba', '2026-05-23 07:05:27.882099', NULL, NULL),
	(10, 4, 'Mantappp', '2026-05-23 16:24:57.427956', 9, NULL),
	(12, 2, 'ada fitur Kalender Hijriyah & Puasa Sunnah , boleh dicek', '2026-05-24 08:48:22.594551', NULL, NULL),
	(13, 2, 'Jadwal olahraga jogging pagi ini di rescheduke ke selaaa 2 juni 2026 sorean..', '2026-06-01 13:11:04.649424', NULL, NULL),
	(14, 6, 'Assalamualaikum sadayana☺️', '2026-06-01 22:16:47.249183', NULL, NULL),
	(15, 3, 'wa''alikumussalam broo', '2026-06-01 22:18:32.284391', 14, NULL),
	(16, 2, 'Walaikumsalam', '2026-06-02 00:06:07.527515', 14, '2026-06-02 00:06:28.40659'),
	(17, 3, 'info yang sudah di gor gess', '2026-06-02 16:10:53.192261', NULL, NULL),
	(18, 2, 'Perlengkapan Olahraga dan Pengalaman Hiking Camping tidak lupa di isi ya guys', '2026-06-03 05:39:14.331787', NULL, NULL);
/*!40000 ALTER TABLE "chat_forum" ENABLE KEYS */;

-- Dumping structure for table public.chat_reactions
CREATE TABLE IF NOT EXISTS "chat_reactions" (
	"chat_id" INTEGER NOT NULL,
	"user_id" INTEGER NOT NULL,
	"val" SMALLINT NOT NULL,
	PRIMARY KEY ("chat_id", "user_id"),
	CONSTRAINT "chat_reactions_chat_id_fkey" FOREIGN KEY ("chat_id") REFERENCES "chat_forum" ("id") ON UPDATE NO ACTION ON DELETE CASCADE,
	CONSTRAINT "chat_reactions_user_id_fkey" FOREIGN KEY ("user_id") REFERENCES "users" ("id") ON UPDATE NO ACTION ON DELETE CASCADE,
	CONSTRAINT "chat_reactions_val_check" CHECK ((val = ANY (ARRAY['-1'::integer, 1])))
);

-- Dumping data for table public.chat_reactions: -1 rows
/*!40000 ALTER TABLE "chat_reactions" DISABLE KEYS */;
INSERT INTO "chat_reactions" ("chat_id", "user_id", "val") VALUES
	(4, 2, 1),
	(6, 2, 1),
	(8, 2, 1),
	(9, 14, 1),
	(12, 15, 1),
	(9, 15, 1),
	(14, 6, 1),
	(14, 3, 1),
	(14, 2, 1),
	(17, 2, 1);
/*!40000 ALTER TABLE "chat_reactions" ENABLE KEYS */;

-- Dumping structure for table public.device_locations
CREATE TABLE IF NOT EXISTS "device_locations" (
	"user_id" INTEGER NOT NULL,
	"lat" NUMERIC(10,6) NOT NULL,
	"lng" NUMERIC(10,6) NOT NULL,
	"accuracy_m" NUMERIC(8,2) NULL DEFAULT NULL,
	"device_label" VARCHAR(120) NULL DEFAULT NULL,
	"updated_at" TIMESTAMP NOT NULL DEFAULT 'now()',
	PRIMARY KEY ("user_id"),
	CONSTRAINT "device_locations_user_id_fkey" FOREIGN KEY ("user_id") REFERENCES "users" ("id") ON UPDATE NO ACTION ON DELETE CASCADE
);

-- Dumping data for table public.device_locations: 6 rows
/*!40000 ALTER TABLE "device_locations" DISABLE KEYS */;
INSERT INTO "device_locations" ("user_id", "lat", "lng", "accuracy_m", "device_label", "updated_at") VALUES
	(3, -6.928797, 107.714451, 128.90, 'Mozilla/5.0 (Linux; Android 10; K) AppleWebKit/537.36 (KHTML, like Gecko) SamsungBrowser/30.0 Chrome/143.0.0.0 Mobile Sa', '2026-06-03 06:04:13.022257'),
	(14, -6.292972, 107.302198, 20.00, 'Mozilla/5.0 (Linux; Android 10; K) AppleWebKit/537.36 (KHTML, like Gecko) Chrome/148.0.0.0 Mobile Safari/537.36', '2026-06-01 09:16:06.165449'),
	(11, -6.931489, 107.730605, 18.33, 'Mozilla/5.0 (Linux; Android 10; K) AppleWebKit/537.36 (KHTML, like Gecko) Chrome/148.0.0.0 Mobile Safari/537.36', '2026-06-02 20:10:04.222873'),
	(2, -6.959072, 107.710409, 56.10, 'Mozilla/5.0 (Linux; Android 10; K) AppleWebKit/537.36 (KHTML, like Gecko) Chrome/148.0.0.0 Mobile Safari/537.36', '2026-06-03 07:13:08.908959'),
	(6, -6.914244, 107.697175, 14.68, 'Mozilla/5.0 (Linux; Android 10; K) AppleWebKit/537.36 (KHTML, like Gecko) Chrome/148.0.0.0 Mobile Safari/537.36', '2026-06-01 22:25:39.035786'),
	(4, -6.930715, 107.718345, 100.00, 'Mozilla/5.0 (Linux; Android 10; K) AppleWebKit/537.36 (KHTML, like Gecko) SamsungBrowser/29.0 Chrome/136.0.0.0 Mobile Sa', '2026-06-02 13:28:32.421747');
/*!40000 ALTER TABLE "device_locations" ENABLE KEYS */;

-- Dumping structure for table public.device_location_history
CREATE TABLE IF NOT EXISTS "device_location_history" (
	"id" BIGINT NOT NULL DEFAULT 'nextval(''device_location_history_id_seq''::regclass)',
	"user_id" INTEGER NOT NULL,
	"lat" NUMERIC(10,6) NOT NULL,
	"lng" NUMERIC(10,6) NOT NULL,
	"accuracy_m" NUMERIC(8,2) NULL DEFAULT NULL,
	"created_at" TIMESTAMP NOT NULL DEFAULT 'now()',
	PRIMARY KEY ("id"),
	INDEX "device_loc_hist_user_idx" ("user_id", "created_at"),
	CONSTRAINT "device_location_history_user_id_fkey" FOREIGN KEY ("user_id") REFERENCES "users" ("id") ON UPDATE NO ACTION ON DELETE CASCADE
);

-- Dumping data for table public.device_location_history: 372 rows
/*!40000 ALTER TABLE "device_location_history" DISABLE KEYS */;
INSERT INTO "device_location_history" ("id", "user_id", "lat", "lng", "accuracy_m", "created_at") VALUES
	(422, 2, -6.914367, 107.697088, 8.50, '2026-06-01 22:06:33.777043'),
	(425, 2, -6.914447, 107.697433, 10.60, '2026-06-01 22:07:37.845513'),
	(428, 2, -6.914162, 107.697176, 34.40, '2026-06-01 22:11:26.452398'),
	(431, 6, -6.914244, 107.697168, 14.93, '2026-06-01 22:12:19.118774'),
	(434, 6, -6.914253, 107.697165, 17.07, '2026-06-01 22:13:09.16133'),
	(437, 2, -6.914282, 107.697168, 97.70, '2026-06-01 22:14:14.878984'),
	(440, 6, -6.914249, 107.697175, 20.42, '2026-06-01 22:14:52.413539'),
	(443, 6, -6.914243, 107.697171, 13.85, '2026-06-01 22:17:15.132446'),
	(446, 6, -6.914240, 107.697168, 15.38, '2026-06-01 22:18:14.464798'),
	(449, 4, -6.914464, 107.697124, 100.00, '2026-06-01 22:20:14.64417'),
	(452, 4, -6.914464, 107.697124, 100.00, '2026-06-01 22:20:56.289452'),
	(455, 3, -6.914249, 107.697170, 100.00, '2026-06-01 22:21:17.057545'),
	(458, 3, -6.914249, 107.697170, 100.00, '2026-06-01 22:21:45.660929'),
	(461, 3, -6.914249, 107.697170, 100.00, '2026-06-01 22:22:30.112235'),
	(464, 6, -6.914244, 107.697171, 14.54, '2026-06-01 22:23:04.384555'),
	(467, 6, -6.914244, 107.697175, 14.68, '2026-06-01 22:24:19.201369'),
	(470, 6, -6.914244, 107.697175, 14.68, '2026-06-01 22:24:57.157541'),
	(473, 6, -6.914244, 107.697175, 14.68, '2026-06-01 22:25:39.076751'),
	(476, 2, -6.914477, 107.697217, 11.20, '2026-06-01 22:28:58.25979'),
	(479, 2, -6.925332, 107.729565, 8.00, '2026-06-02 00:04:16.72923'),
	(482, 2, -6.925518, 107.729516, 17.29, '2026-06-02 00:05:00.682297'),
	(485, 2, -6.925516, 107.729510, 16.21, '2026-06-02 00:07:39.507065'),
	(488, 2, -6.925516, 107.729509, 24.90, '2026-06-02 00:08:35.888793'),
	(491, 2, -6.925510, 107.729503, 68.40, '2026-06-02 00:26:43.596901'),
	(494, 2, -6.925515, 107.729473, 68.40, '2026-06-02 05:31:04.492766'),
	(497, 2, -6.925516, 107.729471, 77.60, '2026-06-02 05:31:54.97531'),
	(500, 2, -6.925432, 107.729563, 76.38, '2026-06-02 05:32:57.819023'),
	(503, 2, -6.925511, 107.729579, 17.24, '2026-06-02 05:39:00.886623'),
	(506, 2, -6.925516, 107.729469, 87.60, '2026-06-02 05:43:06.761191'),
	(508, 2, -6.925454, 107.729578, 20.64, '2026-06-02 05:43:31.523252'),
	(510, 2, -6.925454, 107.729578, 85.82, '2026-06-02 05:44:15.454787'),
	(512, 2, -6.925363, 107.729501, 17.20, '2026-06-02 05:45:15.332196'),
	(514, 2, -6.925360, 107.729504, 73.43, '2026-06-02 05:45:49.818834'),
	(515, 2, -6.925452, 107.729538, 9.36, '2026-06-02 05:46:51.916144'),
	(516, 2, -6.925452, 107.729538, 42.52, '2026-06-02 05:47:15.213243'),
	(517, 2, -6.925452, 107.729538, 62.72, '2026-06-02 05:47:28.602203'),
	(518, 2, -6.925420, 107.729505, 10.94, '2026-06-02 05:49:26.894467'),
	(519, 2, -6.925515, 107.729474, 64.10, '2026-06-02 05:52:09.15328'),
	(520, 2, -6.925515, 107.728953, 79.35, '2026-06-02 07:32:22.673411'),
	(521, 2, -6.925515, 107.729541, 34.40, '2026-06-02 07:34:13.157445'),
	(522, 2, -6.925610, 107.729378, 500.00, '2026-06-02 07:34:17.402966'),
	(523, 2, -6.925610, 107.729378, 381.00, '2026-06-02 07:35:42.960759'),
	(524, 2, -6.925610, 107.729378, 381.00, '2026-06-02 07:36:16.69787'),
	(525, 2, -6.925610, 107.729378, 500.00, '2026-06-02 07:38:40.769742'),
	(526, 2, -6.925610, 107.729378, 500.00, '2026-06-02 07:38:58.620812'),
	(527, 2, -6.925610, 107.729378, 500.00, '2026-06-02 07:39:10.621768'),
	(528, 2, -6.925510, 107.729516, 28.84, '2026-06-02 07:40:11.814386'),
	(529, 2, -6.925510, 107.729516, 28.84, '2026-06-02 07:40:13.599616'),
	(530, 2, -6.925173, 107.729295, 7.20, '2026-06-02 07:40:21.593064'),
	(531, 2, -6.925610, 107.729378, 500.00, '2026-06-02 07:42:05.197677'),
	(532, 2, -6.925610, 107.729378, 500.00, '2026-06-02 07:42:48.531104'),
	(533, 2, -6.925610, 107.729378, 500.00, '2026-06-02 07:43:23.1948'),
	(534, 2, -6.925610, 107.729378, 500.00, '2026-06-02 07:43:48.437734'),
	(535, 2, -6.925610, 107.729378, 381.00, '2026-06-02 07:44:25.736722'),
	(536, 2, -6.925610, 107.729378, 381.00, '2026-06-02 07:44:53.861631'),
	(537, 2, -6.925516, 107.729553, 23.60, '2026-06-02 07:54:18.625016'),
	(538, 2, -6.925502, 107.729509, 72.90, '2026-06-02 08:45:35.889848'),
	(539, 2, -6.925457, 107.729571, 9.10, '2026-06-02 08:45:43.490331'),
	(540, 2, -6.925516, 107.729502, 24.90, '2026-06-02 08:46:39.478666'),
	(541, 2, -6.925607, 107.729403, 8.80, '2026-06-02 08:46:56.512239'),
	(542, 2, -6.925515, 107.729555, 30.00, '2026-06-02 08:47:14.965259'),
	(543, 2, -6.925392, 107.729633, 7.70, '2026-06-02 08:47:43.694454'),
	(544, 2, -6.925485, 107.729569, 22.50, '2026-06-02 08:47:58.306371'),
	(545, 2, -6.925453, 107.729599, 7.90, '2026-06-02 08:48:26.735355'),
	(546, 2, -6.925515, 107.729535, 34.40, '2026-06-02 08:48:54.29892'),
	(547, 2, -6.925515, 107.729552, 30.00, '2026-06-02 08:49:51.784953'),
	(548, 2, -6.925517, 107.729508, 22.50, '2026-06-02 10:04:04.751325'),
	(549, 2, -6.925512, 107.729504, 10.30, '2026-06-02 10:04:14.060262'),
	(550, 2, -6.925515, 107.729525, 36.90, '2026-06-02 10:04:43.679672'),
	(551, 2, -6.925483, 107.729542, 98.40, '2026-06-02 10:04:58.817103'),
	(552, 2, -6.925573, 107.729383, 9.70, '2026-06-02 10:06:43.554352'),
	(553, 2, -6.925516, 107.729537, 21.60, '2026-06-02 10:07:29.090859'),
	(554, 2, -6.925515, 107.729522, 20.40, '2026-06-02 10:07:54.882154'),
	(555, 2, -6.925514, 107.729506, 20.90, '2026-06-02 10:08:16.951349'),
	(556, 2, -6.925514, 107.729508, 15.25, '2026-06-02 10:08:31.69836'),
	(557, 2, -6.925515, 107.729526, 21.60, '2026-06-02 10:09:02.211671'),
	(558, 2, -6.925517, 107.729527, 32.10, '2026-06-02 10:10:49.290789'),
	(78, 3, -6.906189, 107.657360, 128.37, '2026-05-31 16:06:17.643089'),
	(79, 3, -6.907269, 107.657232, 100.00, '2026-05-31 16:08:14.281336'),
	(80, 3, -6.907269, 107.657232, 100.00, '2026-05-31 16:09:33.818083'),
	(81, 3, -6.907269, 107.657232, 100.00, '2026-05-31 16:10:24.264631'),
	(82, 3, -6.907269, 107.657232, 100.00, '2026-05-31 16:13:50.295841'),
	(83, 3, -6.907563, 107.657972, 100.00, '2026-05-31 16:14:08.359027'),
	(84, 3, -6.906640, 107.657430, 100.00, '2026-05-31 16:14:13.419149'),
	(85, 3, -6.906640, 107.657430, 100.00, '2026-05-31 16:15:06.698168'),
	(86, 3, -6.906640, 107.657430, 100.00, '2026-05-31 16:15:31.171919'),
	(87, 3, -6.901992, 107.655138, 8.73, '2026-05-31 16:30:01.967854'),
	(88, 3, -6.902028, 107.655140, 50.11, '2026-05-31 16:30:35.165213'),
	(89, 3, -6.902028, 107.655140, 92.12, '2026-05-31 16:31:07.331414'),
	(90, 3, -6.902028, 107.655140, 100.00, '2026-05-31 16:31:46.438103'),
	(91, 3, -6.902028, 107.655140, 100.00, '2026-05-31 16:32:19.164335'),
	(92, 3, -6.902028, 107.655140, 100.00, '2026-05-31 16:32:54.919811'),
	(93, 3, -6.902028, 107.655140, 100.00, '2026-05-31 16:33:27.736967'),
	(94, 3, -6.902028, 107.655140, 100.00, '2026-05-31 16:33:57.968374'),
	(95, 3, -6.902028, 107.655140, 100.00, '2026-05-31 16:34:56.778641'),
	(96, 3, -6.902028, 107.655140, 100.00, '2026-05-31 16:35:34.508509'),
	(97, 3, -6.902028, 107.655140, 100.00, '2026-05-31 16:36:27.437737'),
	(98, 3, -6.901970, 107.655123, 15.43, '2026-05-31 16:40:05.411649'),
	(99, 3, -6.901956, 107.655125, 15.92, '2026-05-31 16:40:22.824217'),
	(100, 3, -6.901970, 107.655115, 16.24, '2026-05-31 16:41:05.341275'),
	(101, 3, -6.901970, 107.655115, 100.00, '2026-05-31 16:43:15.470448'),
	(102, 3, -6.901970, 107.655115, 100.00, '2026-05-31 16:43:41.532509'),
	(103, 3, -6.901937, 107.655092, 15.85, '2026-05-31 16:45:26.699036'),
	(559, 4, -6.931886, 107.713719, 81.62, '2026-06-02 11:23:11.519965'),
	(560, 4, -6.931886, 107.713719, 100.00, '2026-06-02 11:24:44.999247'),
	(561, 4, -6.931886, 107.713719, 100.00, '2026-06-02 11:25:23.319291'),
	(562, 4, -6.931886, 107.713719, 100.00, '2026-06-02 11:25:51.495763'),
	(423, 2, -6.914407, 107.697072, 13.24, '2026-06-01 22:06:59.873787'),
	(426, 2, -6.914280, 107.697215, 10.40, '2026-06-01 22:07:55.238411'),
	(429, 6, -6.914253, 107.697169, 34.40, '2026-06-01 22:11:36.709962'),
	(432, 6, -6.914240, 107.697164, 26.40, '2026-06-01 22:12:31.127865'),
	(435, 6, -6.914244, 107.697145, 22.84, '2026-06-01 22:13:27.885783'),
	(438, 6, -6.914247, 107.697163, 48.90, '2026-06-01 22:14:21.683391'),
	(441, 6, -6.914248, 107.697158, 82.50, '2026-06-01 22:15:11.200288'),
	(444, 4, -6.914464, 107.697124, 84.38, '2026-06-01 22:17:57.638881'),
	(447, 6, -6.914247, 107.697168, 14.26, '2026-06-01 22:18:30.304242'),
	(117, 3, -6.914253, 107.697175, 100.00, '2026-05-31 23:50:56.179853'),
	(118, 4, -6.914251, 107.697157, 100.00, '2026-05-31 23:51:03.649937'),
	(450, 3, -6.914249, 107.697170, 100.00, '2026-06-01 22:20:17.540101'),
	(453, 6, -6.914248, 107.697172, 15.19, '2026-06-01 22:20:58.536196'),
	(121, 3, -6.914253, 107.697175, 100.00, '2026-05-31 23:51:36.47147'),
	(122, 4, -6.914251, 107.697157, 100.00, '2026-05-31 23:51:55.996465'),
	(123, 3, -6.914253, 107.697175, 100.00, '2026-05-31 23:52:05.567464'),
	(456, 4, -6.914464, 107.697124, 100.00, '2026-06-01 22:21:26.983415'),
	(125, 3, -6.914454, 107.697301, 49.14, '2026-05-31 23:52:58.320067'),
	(126, 4, -6.914251, 107.697157, 100.00, '2026-05-31 23:53:12.025083'),
	(127, 4, -6.914251, 107.697157, 100.00, '2026-05-31 23:53:44.840796'),
	(459, 6, -6.914244, 107.697171, 14.54, '2026-06-01 22:21:56.47828'),
	(129, 4, -6.914251, 107.697157, 100.00, '2026-05-31 23:54:13.52953'),
	(462, 4, -6.914464, 107.697124, 100.00, '2026-06-01 22:22:31.329956'),
	(465, 6, -6.914242, 107.697167, 14.49, '2026-06-01 22:23:37.300186'),
	(132, 3, -6.914454, 107.697301, 100.00, '2026-05-31 23:55:50.14471'),
	(133, 4, -6.914251, 107.697157, 100.00, '2026-05-31 23:56:13.409657'),
	(468, 4, -6.914464, 107.697124, 100.00, '2026-06-01 22:24:34.663227'),
	(135, 4, -6.914251, 107.697157, 100.00, '2026-05-31 23:56:45.836936'),
	(471, 4, -6.914464, 107.697124, 100.00, '2026-06-01 22:25:04.550666'),
	(474, 2, -6.916147, 107.699337, 10.70, '2026-06-01 22:28:24.689286'),
	(138, 3, -6.914454, 107.697301, 100.00, '2026-05-31 23:57:22.670545'),
	(139, 4, -6.914251, 107.697157, 100.00, '2026-05-31 23:58:10.502113'),
	(140, 3, -6.914454, 107.697301, 100.00, '2026-05-31 23:58:31.611731'),
	(141, 4, -6.914162, 107.697178, 99.64, '2026-06-01 00:00:03.881515'),
	(477, 2, -6.914216, 107.697178, 19.69, '2026-06-01 22:30:54.412765'),
	(143, 4, -6.914162, 107.697178, 100.00, '2026-06-01 00:02:10.510743'),
	(480, 2, -6.925332, 107.729565, 29.52, '2026-06-02 00:04:36.154147'),
	(145, 4, -6.914162, 107.697178, 100.00, '2026-06-01 00:08:41.815307'),
	(483, 2, -6.925511, 107.729476, 32.10, '2026-06-02 00:05:06.10231'),
	(147, 4, -6.914259, 107.697167, 14.51, '2026-06-01 00:09:03.732252'),
	(486, 2, -6.925518, 107.729526, 26.40, '2026-06-02 00:07:59.52758'),
	(149, 4, -6.914255, 107.697156, 14.29, '2026-06-01 00:10:05.120751'),
	(489, 2, -6.925517, 107.729526, 15.94, '2026-06-02 00:09:21.652485'),
	(151, 4, -6.914257, 107.697163, 72.22, '2026-06-01 00:11:10.530311'),
	(492, 2, -6.925516, 107.729480, 60.00, '2026-06-02 00:27:53.029903'),
	(495, 2, -6.925516, 107.729471, 77.60, '2026-06-02 05:31:19.074628'),
	(154, 4, -6.914255, 107.697171, 15.02, '2026-06-01 00:13:02.765293'),
	(498, 2, -6.925432, 107.729563, 5.89, '2026-06-02 05:32:09.451245'),
	(501, 2, -6.925379, 107.729466, 9.83, '2026-06-02 05:33:24.955426'),
	(504, 2, -6.925511, 107.729579, 17.24, '2026-06-02 05:40:50.364607'),
	(632, 2, -6.931986, 107.724248, 17.74, '2026-06-02 20:40:15.701589'),
	(635, 3, -6.928974, 107.714717, 104.10, '2026-06-03 05:56:26.695484'),
	(638, 3, -6.929037, 107.714701, 110.00, '2026-06-03 05:59:46.302498'),
	(641, 3, -6.928797, 107.714451, 128.90, '2026-06-03 06:04:13.075208'),
	(644, 2, -6.959001, 107.711354, 36.90, '2026-06-03 07:12:29.201595'),
	(168, 14, -6.292970, 107.302204, 19.56, '2026-06-01 09:12:22.897825'),
	(169, 14, -6.292973, 107.302197, 20.00, '2026-06-01 09:13:31.3428'),
	(170, 14, -6.292966, 107.302206, 14.85, '2026-06-01 09:13:55.641584'),
	(171, 14, -6.292970, 107.302204, 24.93, '2026-06-01 09:14:01.722147'),
	(172, 14, -6.292970, 107.302202, 20.00, '2026-06-01 09:14:30.933659'),
	(173, 14, -6.292967, 107.302203, 20.00, '2026-06-01 09:15:05.062035'),
	(174, 14, -6.292968, 107.302201, 18.21, '2026-06-01 09:15:28.912681'),
	(175, 14, -6.292972, 107.302198, 20.00, '2026-06-01 09:16:06.20698'),
	(230, 4, -6.925610, 107.729378, 500.00, '2026-06-01 12:38:13.507923'),
	(231, 4, -6.925610, 107.729378, 500.00, '2026-06-01 12:38:32.061847'),
	(633, 2, -6.939434, 107.665093, 12.25, '2026-06-02 22:10:05.702959'),
	(636, 3, -6.928933, 107.714648, 98.40, '2026-06-03 05:57:04.823617'),
	(639, 3, -6.928797, 107.714451, 128.90, '2026-06-03 06:01:36.707764'),
	(642, 2, -6.959122, 107.711272, 8.50, '2026-06-03 06:35:25.409627'),
	(645, 2, -6.959072, 107.710409, 56.10, '2026-06-03 07:13:08.962083'),
	(270, 4, -6.955900, 107.649900, 20000.00, '2026-06-01 13:15:09.568561'),
	(271, 4, -6.955900, 107.649900, 20000.00, '2026-06-01 13:15:16.771537'),
	(272, 4, -6.955900, 107.649900, 20000.00, '2026-06-01 13:15:32.686506'),
	(273, 4, -6.955900, 107.649900, 20000.00, '2026-06-01 13:15:58.72261'),
	(277, 4, -6.925610, 107.729378, 500.00, '2026-06-01 13:17:53.586953'),
	(281, 4, -6.925610, 107.729378, 500.00, '2026-06-01 13:25:54.696475'),
	(282, 4, -6.925610, 107.729378, 381.00, '2026-06-01 13:27:55.225595'),
	(283, 4, -6.925610, 107.729378, 381.00, '2026-06-01 13:29:57.442825'),
	(284, 4, -6.925610, 107.729378, 500.00, '2026-06-01 13:31:56.343209'),
	(285, 4, -6.925610, 107.729378, 381.00, '2026-06-01 13:33:59.28349'),
	(286, 4, -6.925610, 107.729378, 381.00, '2026-06-01 13:35:57.783616'),
	(287, 4, -6.925610, 107.729378, 381.00, '2026-06-01 13:37:57.750906'),
	(296, 4, -6.925610, 107.729378, 381.00, '2026-06-01 14:09:09.292807'),
	(297, 4, -6.925610, 107.729378, 381.00, '2026-06-01 14:09:28.764134'),
	(298, 4, -6.925610, 107.729378, 381.00, '2026-06-01 14:09:35.910165'),
	(299, 4, -6.925610, 107.729378, 500.00, '2026-06-01 14:11:32.10936'),
	(301, 4, -6.925610, 107.729378, 381.00, '2026-06-01 14:12:49.638134'),
	(305, 4, -6.925610, 107.729378, 381.00, '2026-06-01 14:14:41.398264'),
	(306, 4, -6.925610, 107.729378, 381.00, '2026-06-01 14:15:44.367443'),
	(312, 4, -6.925610, 107.729378, 500.00, '2026-06-01 14:17:36.962247'),
	(315, 4, -6.925610, 107.729378, 381.00, '2026-06-01 14:19:37.54986'),
	(316, 4, -6.925610, 107.729378, 500.00, '2026-06-01 14:21:36.964166'),
	(346, 2, -6.925555, 107.729468, 7.60, '2026-06-01 15:49:58.231997'),
	(347, 4, -6.931890, 107.713711, 100.00, '2026-06-01 16:32:38.313528'),
	(348, 4, -6.931890, 107.713711, 100.00, '2026-06-01 16:34:50.787229'),
	(349, 4, -6.931832, 107.713737, 100.00, '2026-06-01 16:36:33.128683'),
	(350, 3, -6.914248, 107.697173, 19.89, '2026-06-01 19:14:02.594452'),
	(351, 3, -6.914248, 107.697173, 100.00, '2026-06-01 19:16:13.952241'),
	(352, 3, -6.914248, 107.697173, 100.00, '2026-06-01 19:16:41.625818'),
	(353, 3, -6.914248, 107.697173, 100.00, '2026-06-01 19:17:16.490991'),
	(354, 2, -6.914111, 107.697193, 100.00, '2026-06-01 19:17:47.352841'),
	(355, 2, -6.914410, 107.697233, 6.80, '2026-06-01 19:17:59.796338'),
	(356, 2, -6.914582, 107.697340, 6.20, '2026-06-01 19:18:07.996422'),
	(357, 2, -6.914583, 107.697215, 6.60, '2026-06-01 19:18:27.932398'),
	(358, 2, -6.914442, 107.697150, 6.20, '2026-06-01 19:33:19.655632'),
	(359, 2, -6.914318, 107.697177, 6.20, '2026-06-01 19:33:27.293683'),
	(360, 2, -6.914237, 107.697190, 6.20, '2026-06-01 19:33:49.410799'),
	(361, 2, -6.914275, 107.697167, 6.30, '2026-06-01 19:33:57.308755'),
	(362, 2, -6.914425, 107.697245, 6.30, '2026-06-01 19:34:29.907994'),
	(363, 2, -6.914590, 107.697303, 7.20, '2026-06-01 19:34:49.605587'),
	(364, 2, -6.914335, 107.697197, 6.80, '2026-06-01 19:35:01.568766'),
	(365, 2, -6.914237, 107.697187, 6.80, '2026-06-01 19:35:30.891975'),
	(366, 2, -6.914323, 107.697205, 6.70, '2026-06-01 19:35:49.945031'),
	(367, 2, -6.914393, 107.697122, 6.40, '2026-06-01 19:35:57.120209'),
	(368, 2, -6.914587, 107.697153, 14.00, '2026-06-01 19:37:50.667301'),
	(369, 2, -6.914232, 107.697147, 9.30, '2026-06-01 19:40:11.47529'),
	(370, 2, -6.914358, 107.697270, 9.50, '2026-06-01 19:40:37.761352'),
	(371, 2, -6.914248, 107.697173, 16.10, '2026-06-01 19:55:45.693881'),
	(372, 2, -6.914303, 107.697155, 8.80, '2026-06-01 19:55:53.320833'),
	(373, 2, -6.914433, 107.697153, 7.90, '2026-06-01 19:59:41.209511'),
	(374, 2, -6.914708, 107.697530, 8.60, '2026-06-01 19:59:56.540306'),
	(375, 2, -6.914257, 107.697173, 36.90, '2026-06-01 20:00:13.957947'),
	(376, 2, -6.914397, 107.697217, 7.30, '2026-06-01 20:00:30.382441'),
	(377, 2, -6.914287, 107.697172, 10.10, '2026-06-01 20:02:22.56165'),
	(378, 2, -6.914667, 107.697435, 7.20, '2026-06-01 20:02:32.957128'),
	(379, 2, -6.914343, 107.697350, 7.30, '2026-06-01 20:03:11.695699'),
	(380, 2, -6.914455, 107.697113, 6.90, '2026-06-01 20:03:32.036013'),
	(381, 2, -6.914478, 107.697135, 8.10, '2026-06-01 20:10:13.540055'),
	(382, 2, -6.914233, 107.697176, 16.85, '2026-06-01 20:10:32.86798'),
	(383, 2, -6.914365, 107.697092, 6.90, '2026-06-01 20:10:52.329992'),
	(384, 2, -6.914255, 107.697166, 21.54, '2026-06-01 20:41:53.197807'),
	(385, 2, -6.914537, 107.697042, 7.70, '2026-06-01 20:42:54.471638'),
	(386, 2, -6.914308, 107.697185, 7.80, '2026-06-01 20:43:31.887596'),
	(387, 2, -6.914245, 107.697176, 16.42, '2026-06-01 20:43:49.791549'),
	(388, 2, -6.914260, 107.697178, 45.60, '2026-06-01 20:45:48.891874'),
	(389, 2, -6.914213, 107.697170, 21.56, '2026-06-01 20:46:17.438485'),
	(390, 2, -6.914222, 107.697178, 17.57, '2026-06-01 20:46:31.794575'),
	(391, 2, -6.914253, 107.697173, 18.54, '2026-06-01 20:46:41.951897'),
	(392, 2, -6.914249, 107.697174, 16.13, '2026-06-01 20:50:21.193039'),
	(393, 2, -6.914249, 107.697174, 16.13, '2026-06-01 20:50:33.180606'),
	(394, 2, -6.914197, 107.697182, 22.39, '2026-06-01 20:59:08.147599'),
	(395, 2, -6.914060, 107.697195, 39.60, '2026-06-01 20:59:19.464929'),
	(396, 2, -6.914224, 107.697177, 17.51, '2026-06-01 21:01:00.560214'),
	(397, 2, -6.914467, 107.696905, 8.10, '2026-06-01 21:01:36.264041'),
	(398, 2, -6.914307, 107.697030, 9.90, '2026-06-01 21:03:16.841999'),
	(399, 2, -6.915825, 107.696433, 7.90, '2026-06-01 21:03:41.597816'),
	(400, 2, -6.914202, 107.697228, 7.50, '2026-06-01 21:04:28.177179'),
	(401, 2, -6.914187, 107.697228, 7.40, '2026-06-01 21:04:52.954897'),
	(402, 2, -6.914620, 107.697303, 9.80, '2026-06-01 21:05:16.795821'),
	(403, 2, -6.914508, 107.697065, 97.10, '2026-06-01 21:27:58.212666'),
	(404, 2, -6.914650, 107.697027, 9.70, '2026-06-01 21:28:21.553438'),
	(405, 2, -6.914383, 107.697063, 12.20, '2026-06-01 21:28:35.257457'),
	(406, 2, -6.914288, 107.697473, 11.70, '2026-06-01 21:30:30.321281'),
	(407, 2, -6.914398, 107.697032, 11.10, '2026-06-01 21:30:51.722654'),
	(408, 2, -6.914455, 107.697293, 13.40, '2026-06-01 21:31:29.915339'),
	(409, 2, -6.914253, 107.696955, 9.10, '2026-06-01 21:32:46.714738'),
	(410, 2, -6.914420, 107.697128, 8.80, '2026-06-01 21:33:37.696784'),
	(411, 2, -6.914407, 107.697187, 8.60, '2026-06-01 21:34:00.424749'),
	(412, 2, -6.915102, 107.696472, 17.50, '2026-06-01 21:34:16.682719'),
	(413, 2, -6.914117, 107.696827, 7.90, '2026-06-01 21:35:24.642422'),
	(414, 2, -6.914047, 107.696495, 8.00, '2026-06-01 21:36:42.403019'),
	(415, 2, -6.914207, 107.697183, 20.60, '2026-06-01 21:37:43.803301'),
	(416, 2, -6.914300, 107.697163, 8.60, '2026-06-01 21:38:03.583416'),
	(417, 2, -6.914218, 107.697090, 6.40, '2026-06-01 21:38:17.637237'),
	(418, 2, -6.914252, 107.697118, 5.90, '2026-06-01 21:38:25.703675'),
	(419, 2, -6.914247, 107.696740, 14.90, '2026-06-01 21:39:24.1572'),
	(420, 2, -6.914125, 107.697213, 9.20, '2026-06-01 22:06:13.023597'),
	(421, 2, -6.918919, 107.685105, 2000.00, '2026-06-01 22:06:14.842988'),
	(424, 2, -6.914273, 107.697202, 17.53, '2026-06-01 22:07:14.628392'),
	(427, 2, -6.914288, 107.697327, 10.20, '2026-06-01 22:08:17.677932'),
	(430, 6, -6.914254, 107.697171, 34.40, '2026-06-01 22:11:49.775814'),
	(433, 6, -6.914231, 107.697158, 18.01, '2026-06-01 22:12:43.562276'),
	(436, 6, -6.914251, 107.697172, 56.10, '2026-06-01 22:13:44.968173'),
	(439, 2, -6.914473, 107.697002, 11.10, '2026-06-01 22:14:29.120781'),
	(442, 6, -6.914245, 107.697152, 20.59, '2026-06-01 22:15:18.349904'),
	(445, 3, -6.914261, 107.697175, 100.00, '2026-06-01 22:18:06.962233'),
	(448, 4, -6.914464, 107.697124, 100.00, '2026-06-01 22:19:30.920853'),
	(451, 6, -6.914250, 107.697172, 16.86, '2026-06-01 22:20:29.018057'),
	(454, 6, -6.914241, 107.697164, 14.04, '2026-06-01 22:21:11.169758'),
	(457, 6, -6.914245, 107.697171, 15.09, '2026-06-01 22:21:37.886727'),
	(460, 4, -6.914464, 107.697124, 100.00, '2026-06-01 22:21:58.029452'),
	(463, 4, -6.914464, 107.697124, 100.00, '2026-06-01 22:22:56.467802'),
	(466, 6, -6.914244, 107.697175, 14.68, '2026-06-01 22:24:07.658729'),
	(469, 6, -6.914244, 107.697175, 14.68, '2026-06-01 22:24:55.371336'),
	(472, 3, -6.914249, 107.697170, 100.00, '2026-06-01 22:25:08.00126'),
	(475, 2, -6.916438, 107.699340, 11.50, '2026-06-01 22:28:41.088265'),
	(478, 2, -6.914174, 107.697176, 22.08, '2026-06-01 22:31:21.370607'),
	(481, 2, -6.925516, 107.729519, 15.94, '2026-06-02 00:04:41.601934'),
	(484, 2, -6.925513, 107.729508, 17.37, '2026-06-02 00:05:42.560197'),
	(487, 2, -6.925516, 107.729523, 15.93, '2026-06-02 00:08:30.51265'),
	(490, 2, -6.925517, 107.729524, 15.76, '2026-06-02 00:09:42.875305'),
	(493, 2, -6.925509, 107.729503, 82.50, '2026-06-02 00:28:22.935835'),
	(496, 2, -6.925516, 107.729472, 72.90, '2026-06-02 05:31:35.682834'),
	(499, 2, -6.925432, 107.729563, 44.43, '2026-06-02 05:32:35.646843'),
	(502, 2, -6.925516, 107.729471, 77.60, '2026-06-02 05:34:57.520828'),
	(505, 2, -6.927369, 107.729017, 100.00, '2026-06-02 05:42:47.4719'),
	(507, 2, -6.925520, 107.729482, 87.60, '2026-06-02 05:43:20.864706'),
	(509, 2, -6.925454, 107.729578, 69.89, '2026-06-02 05:44:08.071698'),
	(511, 2, -6.925360, 107.729504, 10.19, '2026-06-02 05:45:08.608897'),
	(513, 2, -6.925360, 107.729504, 56.94, '2026-06-02 05:45:42.559685'),
	(563, 4, -6.931886, 107.713719, 100.00, '2026-06-02 11:27:35.674075'),
	(564, 4, -6.931886, 107.713719, 100.00, '2026-06-02 11:29:41.293328'),
	(565, 4, -6.931886, 107.713719, 100.00, '2026-06-02 11:30:40.402417'),
	(566, 4, -6.931820, 107.713744, 32.10, '2026-06-02 11:30:52.686972'),
	(567, 4, -6.931820, 107.713744, 100.00, '2026-06-02 11:32:47.128974'),
	(568, 4, -6.931820, 107.713744, 100.00, '2026-06-02 11:33:57.242142'),
	(569, 4, -6.931820, 107.713744, 100.00, '2026-06-02 11:34:57.156876'),
	(570, 2, -6.945955, 107.710572, 2.00, '2026-06-02 12:43:51.204192'),
	(571, 2, -6.945923, 107.710370, 26.18, '2026-06-02 12:45:59.540058'),
	(572, 2, -6.945854, 107.710261, 24.89, '2026-06-02 12:46:11.930782'),
	(573, 2, -6.945915, 107.710348, 26.62, '2026-06-02 12:46:52.581442'),
	(574, 2, -6.945912, 107.710544, 29.09, '2026-06-02 12:47:47.529081'),
	(575, 2, -6.945983, 107.710632, 20.10, '2026-06-02 12:47:59.792423'),
	(576, 2, -6.945974, 107.710622, 18.02, '2026-06-02 12:48:13.370092'),
	(577, 4, -6.930704, 107.718277, 100.00, '2026-06-02 13:20:45.980563'),
	(578, 3, -6.945905, 107.710276, 24.48, '2026-06-02 13:21:12.754642'),
	(579, 3, -6.930934, 107.718429, 100.00, '2026-06-02 13:21:34.125498'),
	(580, 3, -6.945896, 107.710274, 18.47, '2026-06-02 13:23:34.749672'),
	(581, 4, -6.930704, 107.718277, 100.00, '2026-06-02 13:23:55.724581'),
	(582, 4, -6.930704, 107.718277, 100.00, '2026-06-02 13:25:09.969883'),
	(583, 4, -6.930715, 107.718345, 61.02, '2026-06-02 13:25:51.531969'),
	(584, 2, -6.945857, 107.710320, 20.82, '2026-06-02 13:26:14.766168'),
	(585, 4, -6.930715, 107.718345, 100.00, '2026-06-02 13:26:21.55526'),
	(586, 4, -6.930715, 107.718345, 100.00, '2026-06-02 13:26:51.313832'),
	(587, 4, -6.930715, 107.718345, 100.00, '2026-06-02 13:28:32.461775'),
	(588, 3, -6.931074, 107.714404, 16.09, '2026-06-02 16:10:28.268027'),
	(589, 11, -6.930698, 107.731549, 14.79, '2026-06-02 17:43:50.571489'),
	(590, 11, -6.930700, 107.731544, 17.16, '2026-06-02 17:44:10.507463'),
	(591, 11, -6.930698, 107.731551, 20.10, '2026-06-02 17:44:45.074222'),
	(592, 11, -6.930697, 107.731545, 16.32, '2026-06-02 17:47:54.207077'),
	(593, 11, -6.930699, 107.731548, 16.34, '2026-06-02 17:51:10.251202'),
	(594, 11, -6.930710, 107.731534, 19.85, '2026-06-02 17:51:40.483003'),
	(595, 11, -6.930690, 107.731531, 39.60, '2026-06-02 17:52:45.731506'),
	(596, 11, -6.930698, 107.731541, 17.94, '2026-06-02 17:53:20.94979'),
	(597, 11, -6.930699, 107.731542, 15.73, '2026-06-02 17:55:16.481722'),
	(598, 11, -6.930684, 107.731539, 16.29, '2026-06-02 17:56:04.106663'),
	(599, 11, -6.930697, 107.731551, 20.10, '2026-06-02 17:57:42.224484'),
	(600, 11, -6.930681, 107.731528, 14.96, '2026-06-02 17:59:33.938092'),
	(601, 11, -6.930692, 107.731548, 20.00, '2026-06-02 18:01:33.943936'),
	(602, 11, -6.930705, 107.731575, 11.17, '2026-06-02 18:11:46.280975'),
	(603, 11, -6.930694, 107.731552, 14.76, '2026-06-02 18:12:17.538173'),
	(604, 11, -6.930696, 107.731558, 18.42, '2026-06-02 18:12:43.973792'),
	(605, 11, -6.930687, 107.731545, 14.26, '2026-06-02 18:14:30.554412'),
	(606, 11, -6.930697, 107.731554, 17.05, '2026-06-02 18:14:59.062145'),
	(607, 2, -6.931526, 107.730660, 19.68, '2026-06-02 20:07:54.705107'),
	(608, 11, -6.931489, 107.730605, 18.33, '2026-06-02 20:09:24.978703'),
	(609, 11, -6.931489, 107.730605, 18.33, '2026-06-02 20:10:04.281214'),
	(610, 2, -6.932008, 107.724272, 22.28, '2026-06-02 20:20:55.673202'),
	(611, 2, -6.931959, 107.724185, 19.33, '2026-06-02 20:22:27.265104'),
	(612, 2, -6.931988, 107.724291, 18.24, '2026-06-02 20:22:37.953165'),
	(613, 2, -6.931989, 107.724295, 19.03, '2026-06-02 20:23:59.071947'),
	(614, 2, -6.932016, 107.724293, 42.50, '2026-06-02 20:24:17.032652'),
	(615, 2, -6.931998, 107.724297, 22.38, '2026-06-02 20:24:29.335865'),
	(616, 2, -6.931968, 107.724259, 18.22, '2026-06-02 20:25:03.945062'),
	(617, 2, -6.931984, 107.724279, 21.57, '2026-06-02 20:25:53.590423'),
	(618, 2, -6.931985, 107.724284, 17.18, '2026-06-02 20:27:02.394099'),
	(619, 2, -6.931990, 107.724292, 26.06, '2026-06-02 20:27:20.39769'),
	(620, 2, -6.932044, 107.724137, 5.30, '2026-06-02 20:28:31.01196'),
	(621, 2, -6.931961, 107.724201, 19.78, '2026-06-02 20:28:51.599701'),
	(622, 2, -6.931981, 107.724244, 20.55, '2026-06-02 20:29:22.901835'),
	(623, 2, -6.931975, 107.724300, 21.71, '2026-06-02 20:29:34.049587'),
	(624, 2, -6.932016, 107.724287, 27.22, '2026-06-02 20:29:58.895954'),
	(625, 2, -6.931967, 107.724294, 19.40, '2026-06-02 20:30:45.302506'),
	(626, 2, -6.931964, 107.724292, 22.50, '2026-06-02 20:31:05.090886'),
	(627, 2, -6.931963, 107.724310, 25.14, '2026-06-02 20:32:59.905272'),
	(628, 2, -6.931986, 107.724285, 18.01, '2026-06-02 20:34:20.195482'),
	(629, 2, -6.931986, 107.724285, 18.01, '2026-06-02 20:34:44.389077'),
	(630, 2, -6.931986, 107.724285, 18.01, '2026-06-02 20:34:47.852043'),
	(631, 2, -6.931986, 107.724285, 18.01, '2026-06-02 20:36:25.395337'),
	(634, 3, -6.928957, 107.714729, 98.40, '2026-06-03 05:55:19.013838'),
	(637, 3, -6.928926, 107.714782, 116.10, '2026-06-03 05:57:33.287862'),
	(640, 3, -6.928797, 107.714451, 128.90, '2026-06-03 06:03:26.320954'),
	(643, 2, -6.961176, 107.715262, 7.50, '2026-06-03 06:58:21.171041');
/*!40000 ALTER TABLE "device_location_history" ENABLE KEYS */;

-- Dumping structure for table public.dm_messages
CREATE TABLE IF NOT EXISTS "dm_messages" (
	"id" BIGINT NOT NULL DEFAULT 'nextval(''dm_messages_id_seq''::regclass)',
	"sender_id" INTEGER NOT NULL,
	"receiver_id" INTEGER NOT NULL,
	"pesan" TEXT NOT NULL,
	"read_at" TIMESTAMP NULL DEFAULT NULL,
	"created_at" TIMESTAMP NOT NULL DEFAULT 'now()',
	"delivered_at" TIMESTAMP NULL DEFAULT NULL,
	PRIMARY KEY ("id"),
	INDEX "dm_pair_idx" ("sender_id", "receiver_id", "id"),
	INDEX "dm_receiver_idx" ("receiver_id", "read_at"),
	INDEX "dm_delivered_idx" ("receiver_id", "delivered_at"),
	CONSTRAINT "dm_messages_receiver_id_fkey" FOREIGN KEY ("receiver_id") REFERENCES "users" ("id") ON UPDATE NO ACTION ON DELETE CASCADE,
	CONSTRAINT "dm_messages_sender_id_fkey" FOREIGN KEY ("sender_id") REFERENCES "users" ("id") ON UPDATE NO ACTION ON DELETE CASCADE
);

-- Dumping data for table public.dm_messages: 25 rows
/*!40000 ALTER TABLE "dm_messages" DISABLE KEYS */;
INSERT INTO "dm_messages" ("id", "sender_id", "receiver_id", "pesan", "read_at", "created_at", "delivered_at") VALUES
	(5, 2, 15, 'Nif', NULL, '2026-05-24 09:43:56.986858', NULL),
	(13, 2, 14, 'Kumaha kamari vcat han aman', '2026-05-24 15:08:24.63053', '2026-05-24 14:47:13.573034', NULL),
	(10, 2, 4, 'Sip', '2026-05-24 16:45:35.24327', '2026-05-24 14:05:24.801144', '2026-05-24 16:45:35.24327'),
	(3, 4, 2, 'Oh iya kng semangat malam', '2026-05-24 00:23:39.489397', '2026-05-24 00:23:37.356513', '2026-05-24 16:48:31.503473'),
	(6, 4, 2, 'Kuy', '2026-05-24 09:45:51.456394', '2026-05-24 09:44:50.284804', '2026-05-24 16:48:31.503473'),
	(9, 4, 2, 'Done kang', '2026-05-24 14:05:17.908667', '2026-05-24 13:55:49.348383', '2026-05-24 16:48:31.503473'),
	(14, 14, 2, 'Aman', '2026-05-24 15:28:25.822548', '2026-05-24 15:08:38.785014', '2026-05-24 16:48:31.503473'),
	(17, 4, 2, 'kang', '2026-05-24 16:48:33.141645', '2026-05-24 16:45:56.109485', '2026-05-24 16:48:31.503473'),
	(18, 4, 2, 'tes tes', '2026-05-24 16:48:33.141645', '2026-05-24 16:47:46.57744', '2026-05-24 16:48:31.503473'),
	(15, 2, 14, 'Sip', '2026-05-24 19:45:47.106604', '2026-05-24 15:28:37.998097', '2026-05-24 19:45:47.106604'),
	(16, 2, 14, 'Alhamdulilah', '2026-05-24 19:45:47.106604', '2026-05-24 15:29:03.95966', '2026-05-24 19:45:47.106604'),
	(11, 2, 3, 'Assalamualaikum', '2026-05-26 11:30:29.729809', '2026-05-24 14:40:34.244062', '2026-05-26 11:30:29.729809'),
	(12, 2, 3, '🏸', '2026-05-26 11:30:29.729809', '2026-05-24 14:40:41.349807', '2026-05-26 11:30:29.729809'),
	(19, 2, 20, 'Assalamualaikum', NULL, '2026-05-29 16:11:03.974136', NULL),
	(20, 2, 4, 'Tes', '2026-06-01 00:13:05.94832', '2026-06-01 00:12:11.892282', '2026-06-01 00:13:05.94832'),
	(21, 2, 4, 'Tes', '2026-06-01 00:13:05.94832', '2026-06-01 00:12:20.613937', '2026-06-01 00:13:05.94832'),
	(22, 2, 4, 'Dan', '2026-06-01 00:13:05.94832', '2026-06-01 00:12:38.249808', '2026-06-01 00:13:05.94832'),
	(23, 2, 4, 'Dan', '2026-06-01 00:13:05.94832', '2026-06-01 00:12:43.875096', '2026-06-01 00:13:05.94832'),
	(24, 4, 2, 'Tes', '2026-06-01 00:13:12.821161', '2026-06-01 00:13:10.966645', '2026-06-01 00:13:12.821161'),
	(25, 4, 2, 'Euy', '2026-06-01 00:13:51.677483', '2026-06-01 00:13:30.400303', '2026-06-01 00:13:50.132446'),
	(2, 2, 4, '💪', '2026-05-24 00:23:28.819379', '2026-05-24 00:22:18.066754', '2026-06-01 22:20:51.03983'),
	(1, 2, 4, 'Semangat Malam', '2026-05-24 00:23:28.819379', '2026-05-24 00:22:10.053792', '2026-06-01 22:20:51.03983'),
	(4, 2, 4, '⚽', '2026-05-24 09:44:44.72952', '2026-05-24 09:43:38.545424', '2026-06-01 22:20:51.03983'),
	(8, 2, 4, 'Oh iya dan, berapa lagi bayaran th?', '2026-05-24 13:55:26.780213', '2026-05-24 13:30:01.408808', '2026-06-01 22:20:51.03983'),
	(7, 2, 4, 'Lg dmn dan', '2026-05-24 13:55:26.780213', '2026-05-24 09:45:59.090019', '2026-06-01 22:20:51.03983'),
	(53, 4, 2, 'Cara nambah absen buat ekstern gimana kang?', '2026-06-02 20:20:45.594856', '2026-06-02 13:28:25.212208', '2026-06-02 20:20:43.876446'),
	(54, 2, 4, 'Ada di menu input absensi', NULL, '2026-06-02 20:21:10.024151', NULL);
/*!40000 ALTER TABLE "dm_messages" ENABLE KEYS */;

-- Dumping structure for table public.doa_aamiin
CREATE TABLE IF NOT EXISTS "doa_aamiin" (
	"id" INTEGER NOT NULL DEFAULT 'nextval(''doa_aamiin_id_seq''::regclass)',
	"doa_id" INTEGER NOT NULL,
	"user_id" INTEGER NOT NULL,
	"created_at" TIMESTAMP NOT NULL DEFAULT 'now()',
	PRIMARY KEY ("id"),
	UNIQUE INDEX "doa_aamiin_doa_id_user_id_key" ("doa_id", "user_id"),
	CONSTRAINT "doa_aamiin_doa_id_fkey" FOREIGN KEY ("doa_id") REFERENCES "doa_request" ("id") ON UPDATE NO ACTION ON DELETE CASCADE,
	CONSTRAINT "doa_aamiin_user_id_fkey" FOREIGN KEY ("user_id") REFERENCES "users" ("id") ON UPDATE NO ACTION ON DELETE CASCADE
);

-- Dumping data for table public.doa_aamiin: -1 rows
/*!40000 ALTER TABLE "doa_aamiin" DISABLE KEYS */;
/*!40000 ALTER TABLE "doa_aamiin" ENABLE KEYS */;

-- Dumping structure for table public.doa_request
CREATE TABLE IF NOT EXISTS "doa_request" (
	"id" INTEGER NOT NULL DEFAULT 'nextval(''doa_request_id_seq''::regclass)',
	"user_id" INTEGER NOT NULL,
	"isi" TEXT NOT NULL,
	"created_at" TIMESTAMP NOT NULL DEFAULT 'now()',
	PRIMARY KEY ("id"),
	CONSTRAINT "doa_request_user_id_fkey" FOREIGN KEY ("user_id") REFERENCES "users" ("id") ON UPDATE NO ACTION ON DELETE CASCADE
);

-- Dumping data for table public.doa_request: -1 rows
/*!40000 ALTER TABLE "doa_request" DISABLE KEYS */;
/*!40000 ALTER TABLE "doa_request" ENABLE KEYS */;

-- Dumping structure for table public.doa_user
CREATE TABLE IF NOT EXISTS "doa_user" (
	"id" INTEGER NOT NULL DEFAULT 'nextval(''doa_user_id_seq''::regclass)',
	"user_id" INTEGER NOT NULL,
	"judul" VARCHAR(180) NOT NULL,
	"arab" TEXT NOT NULL,
	"terjemah" TEXT NULL DEFAULT NULL,
	"created_at" TIMESTAMP NOT NULL DEFAULT 'now()',
	"updated_at" TIMESTAMP NULL DEFAULT NULL,
	PRIMARY KEY ("id"),
	CONSTRAINT "doa_user_user_id_fkey" FOREIGN KEY ("user_id") REFERENCES "users" ("id") ON UPDATE NO ACTION ON DELETE CASCADE
);

-- Dumping data for table public.doa_user: -1 rows
/*!40000 ALTER TABLE "doa_user" DISABLE KEYS */;
/*!40000 ALTER TABLE "doa_user" ENABLE KEYS */;

-- Dumping structure for table public.donasi_krb
CREATE TABLE IF NOT EXISTS "donasi_krb" (
	"id" INTEGER NOT NULL DEFAULT 'nextval(''donasi_krb_id_seq''::regclass)',
	"user_id" INTEGER NULL DEFAULT NULL,
	"nama" VARCHAR(120) NOT NULL,
	"jumlah" BIGINT NOT NULL,
	"metode" VARCHAR(30) NULL DEFAULT 'transfer',
	"bank" VARCHAR(40) NULL DEFAULT NULL,
	"no_ref" VARCHAR(60) NULL DEFAULT NULL,
	"bukti_path" VARCHAR(500) NULL DEFAULT NULL,
	"catatan" TEXT NULL DEFAULT NULL,
	"status" VARCHAR(20) NULL DEFAULT 'pending',
	"created_at" TIMESTAMP NULL DEFAULT 'now()',
	PRIMARY KEY ("id"),
	CONSTRAINT "donasi_krb_user_id_fkey" FOREIGN KEY ("user_id") REFERENCES "users" ("id") ON UPDATE NO ACTION ON DELETE SET NULL
);

-- Dumping data for table public.donasi_krb: -1 rows
/*!40000 ALTER TABLE "donasi_krb" DISABLE KEYS */;
/*!40000 ALTER TABLE "donasi_krb" ENABLE KEYS */;

-- Dumping structure for table public.donasi_rekening
CREATE TABLE IF NOT EXISTS "donasi_rekening" (
	"id" INTEGER NOT NULL DEFAULT 'nextval(''donasi_rekening_id_seq''::regclass)',
	"bank" VARCHAR(60) NOT NULL,
	"nomor" VARCHAR(60) NOT NULL,
	"atas_nama" VARCHAR(120) NOT NULL,
	"keterangan" VARCHAR(200) NULL DEFAULT NULL,
	"aktif" BOOLEAN NOT NULL DEFAULT 'true',
	"urutan" INTEGER NOT NULL DEFAULT '0',
	"created_at" TIMESTAMP NOT NULL DEFAULT 'now()',
	PRIMARY KEY ("id")
);

-- Dumping data for table public.donasi_rekening: -1 rows
/*!40000 ALTER TABLE "donasi_rekening" DISABLE KEYS */;
INSERT INTO "donasi_rekening" ("id", "bank", "nomor", "atas_nama", "keterangan", "aktif", "urutan", "created_at") VALUES
	(1, 'BCA', '1234567890', 'Bendahara Kegiatan', NULL, 'true', 1, '2026-05-30 11:18:09.797229'),
	(2, 'Mandiri', '9876543210', 'Bendahara Kegiatan', NULL, 'true', 2, '2026-05-30 11:18:09.797229'),
	(3, 'DANA', '081234567890', 'Bendahara Kegiatan', NULL, 'true', 3, '2026-05-30 11:18:09.797229');
/*!40000 ALTER TABLE "donasi_rekening" ENABLE KEYS */;

-- Dumping structure for table public.event
CREATE TABLE IF NOT EXISTS "event" (
	"id" INTEGER NOT NULL DEFAULT 'nextval(''event_id_seq''::regclass)',
	"nama" VARCHAR(200) NOT NULL,
	"jenis" VARCHAR(50) NOT NULL,
	"tipe" VARCHAR(30) NOT NULL DEFAULT 'challenge',
	"deskripsi" TEXT NULL DEFAULT NULL,
	"tanggal_mulai" DATE NOT NULL,
	"tanggal_selesai" DATE NULL DEFAULT NULL,
	"hadiah" TEXT NULL DEFAULT NULL,
	"status" VARCHAR(20) NOT NULL DEFAULT 'open',
	"banner_url" TEXT NULL DEFAULT NULL,
	"created_by" INTEGER NULL DEFAULT NULL,
	"created_at" TIMESTAMP NOT NULL DEFAULT 'now()',
	"jam_mulai" TIME NULL DEFAULT NULL,
	"jam_selesai" TIME NULL DEFAULT NULL,
	"lokasi" VARCHAR(255) NULL DEFAULT NULL,
	"batas_daftar" DATE NULL DEFAULT NULL,
	PRIMARY KEY ("id"),
	CONSTRAINT "event_created_by_fkey" FOREIGN KEY ("created_by") REFERENCES "users" ("id") ON UPDATE NO ACTION ON DELETE NO ACTION
);

-- Dumping data for table public.event: -1 rows
/*!40000 ALTER TABLE "event" DISABLE KEYS */;
INSERT INTO "event" ("id", "nama", "jenis", "tipe", "deskripsi", "tanggal_mulai", "tanggal_selesai", "hadiah", "status", "banner_url", "created_by", "created_at", "jam_mulai", "jam_selesai", "lokasi", "batas_daftar") VALUES
	(2, 'Nyate Bersama Idul Adha 1447 H', 'Nyate Bersama', 'sosial', 'Gaskeun... Daging sudah tersedia', '2026-06-07', '2026-06-07', 'Konsumsi Gratis', 'open', NULL, 2, '2026-05-29 14:58:53.412649', '19:00:00', '22:00:00', 'Sindang Reret / BnC Cookies', '2026-06-06');
/*!40000 ALTER TABLE "event" ENABLE KEYS */;

-- Dumping structure for table public.event_match
CREATE TABLE IF NOT EXISTS "event_match" (
	"id" INTEGER NOT NULL DEFAULT 'nextval(''event_match_id_seq''::regclass)',
	"event_id" INTEGER NOT NULL,
	"round" INTEGER NOT NULL DEFAULT '1',
	"tim_a" INTEGER NULL DEFAULT NULL,
	"tim_b" INTEGER NULL DEFAULT NULL,
	"score_a" INTEGER NULL DEFAULT '0',
	"score_b" INTEGER NULL DEFAULT '0',
	"pemenang" INTEGER NULL DEFAULT NULL,
	"jadwal_at" TIMESTAMP NULL DEFAULT NULL,
	PRIMARY KEY ("id"),
	CONSTRAINT "event_match_event_id_fkey" FOREIGN KEY ("event_id") REFERENCES "event" ("id") ON UPDATE NO ACTION ON DELETE CASCADE,
	CONSTRAINT "event_match_pemenang_fkey" FOREIGN KEY ("pemenang") REFERENCES "tim" ("id") ON UPDATE NO ACTION ON DELETE NO ACTION,
	CONSTRAINT "event_match_tim_a_fkey" FOREIGN KEY ("tim_a") REFERENCES "tim" ("id") ON UPDATE NO ACTION ON DELETE NO ACTION,
	CONSTRAINT "event_match_tim_b_fkey" FOREIGN KEY ("tim_b") REFERENCES "tim" ("id") ON UPDATE NO ACTION ON DELETE NO ACTION
);

-- Dumping data for table public.event_match: -1 rows
/*!40000 ALTER TABLE "event_match" DISABLE KEYS */;
/*!40000 ALTER TABLE "event_match" ENABLE KEYS */;

-- Dumping structure for table public.event_peserta
CREATE TABLE IF NOT EXISTS "event_peserta" (
	"id" INTEGER NOT NULL DEFAULT 'nextval(''event_peserta_id_seq''::regclass)',
	"event_id" INTEGER NOT NULL,
	"tim_id" INTEGER NULL DEFAULT NULL,
	"user_id" INTEGER NULL DEFAULT NULL,
	"score" NUMERIC(10,2) NULL DEFAULT '0',
	"created_at" TIMESTAMP NOT NULL DEFAULT 'now()',
	"status" VARCHAR(12) NULL DEFAULT NULL,
	"keterangan" TEXT NULL DEFAULT NULL,
	PRIMARY KEY ("id"),
	CONSTRAINT "event_peserta_event_id_fkey" FOREIGN KEY ("event_id") REFERENCES "event" ("id") ON UPDATE NO ACTION ON DELETE CASCADE,
	CONSTRAINT "event_peserta_tim_id_fkey" FOREIGN KEY ("tim_id") REFERENCES "tim" ("id") ON UPDATE NO ACTION ON DELETE CASCADE,
	CONSTRAINT "event_peserta_user_id_fkey" FOREIGN KEY ("user_id") REFERENCES "users" ("id") ON UPDATE NO ACTION ON DELETE CASCADE
);

-- Dumping data for table public.event_peserta: -1 rows
/*!40000 ALTER TABLE "event_peserta" DISABLE KEYS */;
INSERT INTO "event_peserta" ("id", "event_id", "tim_id", "user_id", "score", "created_at", "status", "keterangan") VALUES
	(4, 2, NULL, 13, 0.00, '2026-05-29 14:58:53.496709', NULL, NULL),
	(6, 2, NULL, 8, 0.00, '2026-05-29 14:58:53.575339', NULL, NULL),
	(7, 2, NULL, 6, 0.00, '2026-05-29 14:58:53.61471', NULL, NULL),
	(8, 2, NULL, 7, 0.00, '2026-05-29 14:58:53.654143', NULL, NULL),
	(9, 2, NULL, 20, 0.00, '2026-05-29 14:58:53.693313', NULL, NULL),
	(10, 2, NULL, 14, 0.00, '2026-05-29 14:58:53.732247', NULL, NULL),
	(12, 2, NULL, 15, 0.00, '2026-05-29 14:58:53.810588', NULL, NULL),
	(13, 2, NULL, 9, 0.00, '2026-05-29 14:58:53.849744', NULL, NULL),
	(14, 2, NULL, 10, 0.00, '2026-05-29 14:58:53.888845', NULL, NULL),
	(15, 2, NULL, 11, 0.00, '2026-05-29 14:58:53.929695', NULL, NULL),
	(17, 2, NULL, 17, 0.00, '2026-05-29 14:58:54.008886', NULL, NULL),
	(18, 2, NULL, 5, 0.00, '2026-05-29 14:58:54.047887', NULL, NULL),
	(3, 2, NULL, 16, 0.00, '2026-05-29 14:58:53.455615', 'hadir', NULL),
	(11, 2, NULL, 2, 0.00, '2026-05-29 14:58:53.771509', 'hadir', NULL),
	(19, 2, NULL, 3, 0.00, '2026-05-31 16:33:14.240644', NULL, NULL),
	(16, 2, NULL, 3, 0.00, '2026-05-29 14:58:53.969345', 'hadir', NULL),
	(5, 2, NULL, 4, 0.00, '2026-05-29 14:58:53.536049', 'hadir', NULL);
/*!40000 ALTER TABLE "event_peserta" ENABLE KEYS */;

-- Dumping structure for table public.fcm_tokens
CREATE TABLE IF NOT EXISTS "fcm_tokens" (
	"id" INTEGER NOT NULL DEFAULT 'nextval(''fcm_tokens_id_seq''::regclass)',
	"user_id" INTEGER NOT NULL,
	"token" TEXT NOT NULL,
	"device" VARCHAR(100) NULL DEFAULT NULL,
	"created_at" TIMESTAMP NOT NULL DEFAULT 'now()',
	PRIMARY KEY ("id"),
	UNIQUE INDEX "fcm_tokens_user_id_token_key" ("user_id", "token"),
	CONSTRAINT "fcm_tokens_user_id_fkey" FOREIGN KEY ("user_id") REFERENCES "users" ("id") ON UPDATE NO ACTION ON DELETE CASCADE
);

-- Dumping data for table public.fcm_tokens: -1 rows
/*!40000 ALTER TABLE "fcm_tokens" DISABLE KEYS */;
/*!40000 ALTER TABLE "fcm_tokens" ENABLE KEYS */;

-- Dumping structure for table public.guest_messages
CREATE TABLE IF NOT EXISTS "guest_messages" (
	"id" INTEGER NOT NULL DEFAULT 'nextval(''guest_messages_id_seq''::regclass)',
	"owner_user_id" INTEGER NOT NULL,
	"sender_user_id" INTEGER NOT NULL,
	"parent_id" INTEGER NULL DEFAULT NULL,
	"pesan" TEXT NOT NULL,
	"created_at" TIMESTAMP NOT NULL DEFAULT 'now()',
	"updated_at" TIMESTAMP NULL DEFAULT NULL,
	PRIMARY KEY ("id"),
	CONSTRAINT "guest_messages_parent_id_fkey" FOREIGN KEY ("parent_id") REFERENCES "guest_messages" ("id") ON UPDATE NO ACTION ON DELETE CASCADE,
	CONSTRAINT "guest_messages_owner_user_id_fkey" FOREIGN KEY ("owner_user_id") REFERENCES "users" ("id") ON UPDATE NO ACTION ON DELETE CASCADE,
	CONSTRAINT "guest_messages_sender_user_id_fkey" FOREIGN KEY ("sender_user_id") REFERENCES "users" ("id") ON UPDATE NO ACTION ON DELETE CASCADE
);

-- Dumping data for table public.guest_messages: -1 rows
/*!40000 ALTER TABLE "guest_messages" DISABLE KEYS */;
INSERT INTO "guest_messages" ("id", "owner_user_id", "sender_user_id", "parent_id", "pesan", "created_at", "updated_at") VALUES
	(1, 3, 2, NULL, 'Berqurban Yuks...👍', '2026-05-23 07:02:06.611451', NULL),
	(2, 14, 2, NULL, '👋 Semangat Pagi', '2026-05-23 07:18:03.654891', NULL),
	(3, 14, 2, NULL, '👋 Assalamualaikum', '2026-05-23 07:51:17.711997', NULL),
	(5, 2, 4, NULL, 'Kang, kumaha kabarna, sehat?', '2026-05-23 08:05:05.864711', NULL),
	(6, 17, 4, NULL, '👋 🤗', '2026-05-23 09:15:10.057807', NULL),
	(7, 2, 2, 5, 'Alhamdulilah dan', '2026-05-23 21:17:33.682802', NULL),
	(8, 4, 2, NULL, 'Sudah dikirim sisa dp modul 1 ya dan', '2026-05-24 13:44:59.631205', NULL),
	(9, 4, 4, 8, 'Siapp sudah masuk, makasih kang', '2026-05-24 13:55:11.727449', NULL),
	(10, 4, 2, 8, 'Okay', '2026-05-24 14:05:36.612789', NULL),
	(11, 16, 2, NULL, '💪 Tetap Semangat', '2026-05-29 17:07:20.637099', NULL);
/*!40000 ALTER TABLE "guest_messages" ENABLE KEYS */;

-- Dumping structure for table public.index_blok
CREATE TABLE IF NOT EXISTS "index_blok" (
	"id" INTEGER NOT NULL DEFAULT 'nextval(''index_blok_id_seq''::regclass)',
	"judul" VARCHAR(120) NOT NULL,
	"konten" TEXT NOT NULL DEFAULT '',
	"posisi" VARCHAR(20) NOT NULL DEFAULT 'top',
	"urutan" INTEGER NOT NULL DEFAULT '0',
	"aktif" BOOLEAN NOT NULL DEFAULT 'true',
	"created_at" TIMESTAMP NOT NULL DEFAULT 'now()',
	"updated_at" TIMESTAMP NOT NULL DEFAULT 'now()',
	PRIMARY KEY ("id"),
	INDEX "index_blok_pos_urut_idx" ("posisi", "urutan")
);

-- Dumping data for table public.index_blok: -1 rows
/*!40000 ALTER TABLE "index_blok" DISABLE KEYS */;
/*!40000 ALTER TABLE "index_blok" ENABLE KEYS */;

-- Dumping structure for table public.islami_artikel
CREATE TABLE IF NOT EXISTS "islami_artikel" (
	"id" INTEGER NOT NULL DEFAULT 'nextval(''islami_artikel_id_seq''::regclass)',
	"user_id" INTEGER NULL DEFAULT NULL,
	"judul" VARCHAR(180) NOT NULL,
	"isi" TEXT NOT NULL,
	"created_at" TIMESTAMP NOT NULL DEFAULT 'now()',
	"updated_at" TIMESTAMP NULL DEFAULT NULL,
	PRIMARY KEY ("id"),
	CONSTRAINT "islami_artikel_user_id_fkey" FOREIGN KEY ("user_id") REFERENCES "users" ("id") ON UPDATE NO ACTION ON DELETE SET NULL
);

-- Dumping data for table public.islami_artikel: -1 rows
/*!40000 ALTER TABLE "islami_artikel" DISABLE KEYS */;
INSERT INTO "islami_artikel" ("id", "user_id", "judul", "isi", "created_at", "updated_at") VALUES
	(1, NULL, 'Pola Tidur ala Rasulullah', 'Tidur lebih awal setelah Isya, bangun sebelum Subuh. Posisi tidur miring ke kanan, dengan dzikir sebelum tidur.', '2026-05-23 23:43:21.290195', NULL),
	(2, NULL, 'Makan Tidak Berlebihan', 'Sepertiga untuk makanan, sepertiga air, sepertiga udara. Pola makan yang menjaga kesehatan jangka panjang.', '2026-05-23 23:43:21.33081', NULL),
	(3, NULL, 'Berbekam (Hijamah)', 'Sunnah Nabi yang baik dilakukan di tanggal 17, 19, 21 bulan hijriyah untuk membantu sirkulasi darah.', '2026-05-23 23:43:21.370454', NULL),
	(4, NULL, 'Madu, Habbatussauda, Kurma', 'Tiga makanan sunnah yang memiliki manfaat kesehatan luar biasa.', '2026-05-23 23:43:21.410013', NULL),
	(5, NULL, 'Berjalan Kaki & Olahraga', 'Rasulullah menganjurkan memanah, berenang, dan menunggang kuda. Bergeraklah setiap hari.', '2026-05-23 23:43:21.449408', NULL);
/*!40000 ALTER TABLE "islami_artikel" ENABLE KEYS */;

-- Dumping structure for table public.islami_badges
CREATE TABLE IF NOT EXISTS "islami_badges" (
	"id" INTEGER NOT NULL DEFAULT 'nextval(''islami_badges_id_seq''::regclass)',
	"user_id" INTEGER NOT NULL,
	"badge_key" VARCHAR(40) NOT NULL,
	"earned_at" TIMESTAMP NOT NULL DEFAULT 'now()',
	PRIMARY KEY ("id"),
	UNIQUE INDEX "islami_badges_user_id_badge_key_key" ("user_id", "badge_key"),
	CONSTRAINT "islami_badges_user_id_fkey" FOREIGN KEY ("user_id") REFERENCES "users" ("id") ON UPDATE NO ACTION ON DELETE CASCADE
);

-- Dumping data for table public.islami_badges: -1 rows
/*!40000 ALTER TABLE "islami_badges" DISABLE KEYS */;
/*!40000 ALTER TABLE "islami_badges" ENABLE KEYS */;

-- Dumping structure for table public.islami_kajian
CREATE TABLE IF NOT EXISTS "islami_kajian" (
	"id" INTEGER NOT NULL DEFAULT 'nextval(''islami_kajian_id_seq''::regclass)',
	"user_id" INTEGER NULL DEFAULT NULL,
	"judul" VARCHAR(180) NOT NULL,
	"isi" TEXT NULL DEFAULT NULL,
	"link_video" VARCHAR(255) NULL DEFAULT NULL,
	"created_at" TIMESTAMP NOT NULL DEFAULT 'now()',
	"penulis" VARCHAR(120) NULL DEFAULT NULL,
	"tipe" VARCHAR(20) NULL DEFAULT 'buku',
	"link_web" VARCHAR(500) NULL DEFAULT NULL,
	"pdf_path" VARCHAR(500) NULL DEFAULT NULL,
	"updated_at" TIMESTAMP NULL DEFAULT NULL,
	PRIMARY KEY ("id"),
	CONSTRAINT "islami_kajian_user_id_fkey" FOREIGN KEY ("user_id") REFERENCES "users" ("id") ON UPDATE NO ACTION ON DELETE SET NULL
);

-- Dumping data for table public.islami_kajian: -1 rows
/*!40000 ALTER TABLE "islami_kajian" DISABLE KEYS */;
/*!40000 ALTER TABLE "islami_kajian" ENABLE KEYS */;

-- Dumping structure for table public.islami_quotes
CREATE TABLE IF NOT EXISTS "islami_quotes" (
	"id" INTEGER NOT NULL DEFAULT 'nextval(''islami_quotes_id_seq''::regclass)',
	"user_id" INTEGER NULL DEFAULT NULL,
	"isi" TEXT NOT NULL,
	"sumber" VARCHAR(120) NULL DEFAULT NULL,
	"created_at" TIMESTAMP NOT NULL DEFAULT 'now()',
	PRIMARY KEY ("id"),
	CONSTRAINT "islami_quotes_user_id_fkey" FOREIGN KEY ("user_id") REFERENCES "users" ("id") ON UPDATE NO ACTION ON DELETE SET NULL
);

-- Dumping data for table public.islami_quotes: -1 rows
/*!40000 ALTER TABLE "islami_quotes" DISABLE KEYS */;
/*!40000 ALTER TABLE "islami_quotes" ENABLE KEYS */;

-- Dumping structure for table public.islami_streak
CREATE TABLE IF NOT EXISTS "islami_streak" (
	"id" INTEGER NOT NULL DEFAULT 'nextval(''islami_streak_id_seq''::regclass)',
	"user_id" INTEGER NOT NULL,
	"tanggal" DATE NOT NULL,
	"quran_done" SMALLINT NOT NULL DEFAULT '0',
	"dzikir_pagi" SMALLINT NOT NULL DEFAULT '0',
	"dzikir_petang" SMALLINT NOT NULL DEFAULT '0',
	"doa_done" SMALLINT NOT NULL DEFAULT '0',
	"sholat_count" SMALLINT NOT NULL DEFAULT '0',
	"subuh_walk" SMALLINT NOT NULL DEFAULT '0',
	"sedekah" SMALLINT NOT NULL DEFAULT '0',
	"poin" INTEGER NOT NULL DEFAULT '0',
	PRIMARY KEY ("id"),
	UNIQUE INDEX "islami_streak_user_id_tanggal_key" ("user_id", "tanggal"),
	CONSTRAINT "islami_streak_user_id_fkey" FOREIGN KEY ("user_id") REFERENCES "users" ("id") ON UPDATE NO ACTION ON DELETE CASCADE
);

-- Dumping data for table public.islami_streak: -1 rows
/*!40000 ALTER TABLE "islami_streak" DISABLE KEYS */;
INSERT INTO "islami_streak" ("id", "user_id", "tanggal", "quran_done", "dzikir_pagi", "dzikir_petang", "doa_done", "sholat_count", "subuh_walk", "sedekah", "poin") VALUES
	(1, 2, '2026-05-24', 1, 1, 0, 0, 0, 1, 0, 90),
	(10, 14, '2026-05-24', 1, 0, 0, 0, 0, 0, 0, 10),
	(11, 3, '2026-05-26', 1, 0, 0, 0, 0, 0, 0, 20),
	(13, 16, '2026-05-29', 1, 0, 0, 0, 0, 0, 0, 10),
	(14, 20, '2026-05-29', 1, 0, 0, 0, 0, 0, 0, 10),
	(15, 14, '2026-05-29', 1, 0, 0, 0, 0, 0, 0, 10),
	(16, 2, '2026-05-30', 1, 0, 0, 0, 0, 0, 0, 10),
	(17, 3, '2026-05-31', 1, 0, 0, 0, 0, 0, 0, 10),
	(50, 16, '2026-06-01', 1, 0, 0, 0, 0, 0, 0, 10),
	(51, 6, '2026-06-01', 1, 0, 0, 0, 0, 0, 0, 10);
/*!40000 ALTER TABLE "islami_streak" ENABLE KEYS */;

-- Dumping structure for table public.jadwal
CREATE TABLE IF NOT EXISTS "jadwal" (
	"id" INTEGER NOT NULL DEFAULT 'nextval(''jadwal_id_seq''::regclass)',
	"tanggal" DATE NOT NULL,
	"bulan" VARCHAR(20) NOT NULL,
	"minggu_ke" VARCHAR(4) NOT NULL,
	"jenis" VARCHAR(60) NOT NULL,
	"tempat" VARCHAR(180) NOT NULL,
	"koordinator_id" INTEGER NULL DEFAULT NULL,
	"konten_obrolan" TEXT NULL DEFAULT NULL,
	"catatan" TEXT NULL DEFAULT NULL,
	"created_at" TIMESTAMP NULL DEFAULT 'now()',
	"tempat_id" INTEGER NULL DEFAULT NULL,
	"durasi_menit" INTEGER NULL DEFAULT NULL,
	"tim_id" INTEGER NULL DEFAULT NULL,
	"event_id" INTEGER NULL DEFAULT NULL,
	"jam_mulai" TIME NULL DEFAULT NULL,
	"jam_selesai" TIME NULL DEFAULT NULL,
	PRIMARY KEY ("id"),
	CONSTRAINT "jadwal_event_id_fkey" FOREIGN KEY ("event_id") REFERENCES "event" ("id") ON UPDATE NO ACTION ON DELETE SET NULL,
	CONSTRAINT "jadwal_tempat_id_fkey" FOREIGN KEY ("tempat_id") REFERENCES "tempat" ("id") ON UPDATE NO ACTION ON DELETE SET NULL,
	CONSTRAINT "jadwal_tim_id_fkey" FOREIGN KEY ("tim_id") REFERENCES "tim" ("id") ON UPDATE NO ACTION ON DELETE SET NULL,
	CONSTRAINT "jadwal_koordinator_id_fkey" FOREIGN KEY ("koordinator_id") REFERENCES "users" ("id") ON UPDATE NO ACTION ON DELETE SET NULL
);

-- Dumping data for table public.jadwal: -1 rows
/*!40000 ALTER TABLE "jadwal" DISABLE KEYS */;
INSERT INTO "jadwal" ("id", "tanggal", "bulan", "minggu_ke", "jenis", "tempat", "koordinator_id", "konten_obrolan", "catatan", "created_at", "tempat_id", "durasi_menit", "tim_id", "event_id", "jam_mulai", "jam_selesai") VALUES
	(1, '2026-04-16', 'April', 'W3', 'Jogging', 'SR-Panyileukan', 2, '<p>Struktur DK, Indk, Sjrh</p>', '<ol><li>Dedi ada bimbingan skripsi, jadi pulang </li><li>Dani sama Rifat ada Kuliah Online</li></ol>', '2026-05-19 07:50:23.02801', 4, 240, NULL, NULL, '06:10:00', '10:00:00'),
	(2, '2026-04-22', 'April', 'W4', 'Badminton', 'GOR Mayasari', 3, '<p>Tidak Ada</p>', '<p>Tidak Ada</p>', '2026-05-19 07:51:01.708229', 2, 120, NULL, NULL, '16:00:00', '18:00:00'),
	(3, '2026-05-03', 'May', 'W1', 'Jogging', 'Summarecon', 3, '<p>Sharing Hikmah Per Orang</p>', '<ol><li>Dedi Jalan dari Kosan ke Summarecon </li><li>Dedi Cedera kaki</li></ol>', '2026-05-19 07:51:58.579444', 5, 210, NULL, NULL, '07:30:00', '10:00:00'),
	(4, '2026-05-09', 'May', 'W2', 'Futsal', 'GOR Adiguna', 3, '<p>Tidak Ada</p>', '<p>Dedi Jalan dari Kosan ke Adiguna</p>', '2026-05-19 07:52:37.974739', 1, 60, NULL, NULL, '16:00:00', '17:00:00'),
	(5, '2026-05-17', 'May', 'W3', 'Badminton', 'GOR Purbaya', 4, '<p>Sharing Hikmah Per Orang</p>', '<ol><li>Rizal (Rihlah bersama adik Mentornya) </li><li>Fajar S (Part time)</li></ol>', '2026-05-19 07:53:14.399509', 3, 120, NULL, NULL, '08:00:00', '10:00:00'),
	(6, '2026-05-23', 'May', 'W4', 'Badminton', 'GOR Gaza', 3, '<p><br></p>', '<p><br></p>', '2026-05-21 15:45:32.456543', 14, 120, NULL, NULL, '16:00:00', '18:00:00'),
	(8, '2026-06-02', 'June', 'W1', 'Badminton', 'GOR Gaza', 2, '<p><br></p>', '<p><br></p>', '2026-06-01 13:57:16.375314', 14, 120, NULL, NULL, '16:00:00', '18:00:00'),
	(9, '2026-06-05', 'June', 'W1', 'Jogging', 'Parkiran Taman Sumringah', 2, '<p><br></p>', '<p><br></p>', '2026-06-02 20:30:34.263032', 5, 180, NULL, NULL, '06:30:00', '09:30:00');
/*!40000 ALTER TABLE "jadwal" ENABLE KEYS */;

-- Dumping structure for table public.jajanan
CREATE TABLE IF NOT EXISTS "jajanan" (
	"id" INTEGER NOT NULL DEFAULT 'nextval(''jajanan_id_seq''::regclass)',
	"nama" VARCHAR(160) NOT NULL,
	"deskripsi" TEXT NULL DEFAULT NULL,
	"harga" INTEGER NOT NULL DEFAULT '0',
	"stok" INTEGER NOT NULL DEFAULT '0',
	"foto_url" TEXT NULL DEFAULT NULL,
	"kategori" VARCHAR(60) NULL DEFAULT NULL,
	"aktif" BOOLEAN NOT NULL DEFAULT 'true',
	"created_at" TIMESTAMP NOT NULL DEFAULT 'now()',
	"foto_file_id" VARCHAR(120) NULL DEFAULT NULL,
	"lat" NUMERIC(10,6) NULL DEFAULT NULL,
	"lng" NUMERIC(10,6) NULL DEFAULT NULL,
	"jam_buka" TIME NULL DEFAULT NULL,
	"jam_tutup" TIME NULL DEFAULT NULL,
	"toko_id" INTEGER NULL DEFAULT NULL,
	"hari_buka" VARCHAR(20) NULL DEFAULT '0,1,2,3,4,5,6',
	PRIMARY KEY ("id"),
	INDEX "jajanan_toko_idx" ("toko_id"),
	INDEX "jajanan_aktif_idx" ("aktif"),
	CONSTRAINT "jajanan_toko_id_fkey" FOREIGN KEY ("toko_id") REFERENCES "toko" ("id") ON UPDATE NO ACTION ON DELETE SET NULL
);

-- Dumping data for table public.jajanan: 7 rows
/*!40000 ALTER TABLE "jajanan" DISABLE KEYS */;
INSERT INTO "jajanan" ("id", "nama", "deskripsi", "harga", "stok", "foto_url", "kategori", "aktif", "created_at", "foto_file_id", "lat", "lng", "jam_buka", "jam_tutup", "toko_id", "hari_buka") VALUES
	(4, 'Nasi Telor Dadar', NULL, 12000, 10, 'https://ik.imagekit.io/ahsansur/sportapp/jajanan/2026/05/Nasi_Dadar_Abin-1780186504-3a1835_9soVpQNTe.jpg', 'Makanan', 'true', '2026-05-30 17:54:08.943507', NULL, -6.934213, 107.716876, '07:00:00', '21:00:00', 5, '0,1,2,3,4,5,6'),
	(5, 'Kopi Susu Caramel Ice', NULL, 20000, 10, 'https://ik.imagekit.io/ahsansur/sportapp/jajanan/2026/05/Kopi_Tekun_Cibiru___Kopi_Susu_Caramel_Ice-1780186465-fc78c6_hoErhR2bZ.jpg', 'Minuman', 'true', '2026-05-30 17:56:18.352873', NULL, -6.932213, 107.715419, '07:00:00', '21:00:00', 4, '0,1,2,3,4,5,6'),
	(2, 'Mie Bakso Urat', NULL, 15000, 9, 'https://ik.imagekit.io/ahsansur/sportapp/jajanan/2026/05/Bakso_Neng_Hajjah___Mie_Bakso_Urat-1780186577-a980f0_QV9JBgCqB.jpg', 'Makanan', 'true', '2026-05-30 17:43:16.278053', NULL, -6.940613, 107.714490, '07:00:00', '21:00:00', 6, '0,1,2,3,4,5,6'),
	(3, 'Tempe Mendoan', NULL, 12000, 10, 'https://ik.imagekit.io/ahsansur/sportapp/jajanan/2026/05/Ayam_penyet_esti___Tempe_Mendoan-1780186536-dcdd7b_q7hTvQ2mX.jpg', 'Snack', 'true', '2026-05-30 17:52:58.119717', NULL, -6.933805, 107.716582, '07:00:00', '21:00:00', 1, '0,1,2,3,4,5,6'),
	(7, 'Blooming Jasmine Milk Tea', NULL, 20000, 10, 'https://ik.imagekit.io/ahsansur/sportapp/jajanan/2026/05/Tianlala_Cibiru___Blooming_Jasmine_Milk_Tea-1780186336-fe1b3e_kFvedWrpy.jpg', 'Minuman', 'true', '2026-05-30 18:00:28.030693', NULL, -6.933354, 107.720471, '07:00:00', '21:00:00', 2, '0,1,2,3,4,5,6'),
	(6, 'Nasi Goreng Hongkong', NULL, 29000, 10, 'https://ik.imagekit.io/ahsansur/sportapp/jajanan/2026/05/Waroeng_Cafe_Yayang___Nasi_Goreng_Hongkong-1780186385-5a253e_IbrFiWzPMh.jpg', 'Makanan', 'true', '2026-05-30 17:58:44.024626', NULL, -6.933812, 107.716533, '07:00:00', '21:00:00', 3, '0,1,2,3,4,5,6'),
	(9, 'Nasi Telor Dadar', NULL, 12000, 10, NULL, 'Makanan', 'true', '2026-06-02 12:47:28.88952', NULL, NULL, NULL, '07:00:00', '21:00:00', 7, '0,1,2,3,4,5,6');
/*!40000 ALTER TABLE "jajanan" ENABLE KEYS */;

-- Dumping structure for table public.jajanan_pesanan
CREATE TABLE IF NOT EXISTS "jajanan_pesanan" (
	"id" INTEGER NOT NULL DEFAULT 'nextval(''jajanan_pesanan_id_seq''::regclass)',
	"kode" VARCHAR(20) NOT NULL,
	"nama_pemesan" VARCHAR(120) NOT NULL,
	"no_wa" VARCHAR(25) NOT NULL,
	"alamat" TEXT NOT NULL,
	"catatan" TEXT NULL DEFAULT NULL,
	"subtotal" BIGINT NOT NULL DEFAULT '0',
	"ongkir" BIGINT NOT NULL DEFAULT '0',
	"total" BIGINT NOT NULL DEFAULT '0',
	"metode" VARCHAR(20) NULL DEFAULT 'cod',
	"status" VARCHAR(20) NOT NULL DEFAULT 'baru',
	"kurir_user_id" INTEGER NULL DEFAULT NULL,
	"created_at" TIMESTAMP NOT NULL DEFAULT 'now()',
	"updated_at" TIMESTAMP NOT NULL DEFAULT 'now()',
	"pickup_lat" NUMERIC(10,6) NULL DEFAULT NULL,
	"pickup_lng" NUMERIC(10,6) NULL DEFAULT NULL,
	"payment_status" VARCHAR(20) NULL DEFAULT 'pending',
	"midtrans_order_id" VARCHAR(40) NULL DEFAULT NULL,
	"snap_token" VARCHAR(120) NULL DEFAULT NULL,
	"snap_redirect" TEXT NULL DEFAULT NULL,
	"stok_dipotong" BOOLEAN NOT NULL DEFAULT 'false',
	"driver_lat" NUMERIC(10,6) NULL DEFAULT NULL,
	"driver_lng" NUMERIC(10,6) NULL DEFAULT NULL,
	"driver_loc_updated_at" TIMESTAMPTZ NULL DEFAULT NULL,
	"rating" SMALLINT NULL DEFAULT NULL,
	"rating_komentar" TEXT NULL DEFAULT NULL,
	"rating_at" TIMESTAMPTZ NULL DEFAULT NULL,
	"email_pemesan" VARCHAR(160) NULL DEFAULT NULL,
	"biaya_aplikasi" BIGINT NOT NULL DEFAULT '0',
	"biaya_admin" BIGINT NOT NULL DEFAULT '0',
	"invoice_sent_at" TIMESTAMP NULL DEFAULT NULL,
	PRIMARY KEY ("id"),
	UNIQUE INDEX "jajanan_pesanan_kode_key" ("kode"),
	INDEX "jjn_pesanan_payment_idx" ("payment_status"),
	INDEX "jjn_pesanan_midtrans_idx" ("midtrans_order_id"),
	INDEX "idx_jjn_pesanan_driver_upd" ("driver_loc_updated_at"),
	CONSTRAINT "jajanan_pesanan_kurir_user_id_fkey" FOREIGN KEY ("kurir_user_id") REFERENCES "users" ("id") ON UPDATE NO ACTION ON DELETE SET NULL,
	CONSTRAINT "jjn_rating_range_chk" CHECK (((rating IS NULL) OR ((rating >= 1) AND (rating <= 5))))
);

-- Dumping data for table public.jajanan_pesanan: 4 rows
/*!40000 ALTER TABLE "jajanan_pesanan" DISABLE KEYS */;
INSERT INTO "jajanan_pesanan" ("id", "kode", "nama_pemesan", "no_wa", "alamat", "catatan", "subtotal", "ongkir", "total", "metode", "status", "kurir_user_id", "created_at", "updated_at", "pickup_lat", "pickup_lng", "payment_status", "midtrans_order_id", "snap_token", "snap_redirect", "stok_dipotong", "driver_lat", "driver_lng", "driver_loc_updated_at", "rating", "rating_komentar", "rating_at", "email_pemesan", "biaya_aplikasi", "biaya_admin", "invoice_sent_at") VALUES
	(2, 'JJN-260530-3974', 'Andin', '081386369207', 'Tes', 'Gerbang Biru', 15000, 5000, 20000, 'cod', 'selesai', 2, '2026-05-30 17:45:28.285732', '2026-05-30 18:28:35.688819', -6.925610, 107.729378, 'pending', NULL, NULL, NULL, 'false', NULL, NULL, NULL, NULL, NULL, NULL, NULL, 0, 0, NULL),
	(38, 'JJN-260601-8E2D', 'Firdam', '6281386369207', 'Ngetes', 'Gerbang hijau', 30000, 5638, 43211, 'midtrans', 'pending_payment', NULL, '2026-06-01 13:13:28.980403', '2026-06-01 13:13:28.980403', -6.925368, 107.729468, 'pending', 'JJN-260601-8E2D', 'ba0c3cad-46b4-4194-ae20-bae0a288f6b8', 'https://app.sandbox.midtrans.com/snap/v4/redirection/ba0c3cad-46b4-4194-ae20-bae0a288f6b8', 'false', NULL, NULL, NULL, NULL, NULL, NULL, NULL, 0, 0, NULL),
	(1, 'JJN-260530-3300', 'Anggi', '081386369207', 'Biru', 'Gerbang biru', 40000, 5000, 45000, 'cod', 'diantar', 4, '2026-05-30 12:24:40.776433', '2026-06-01 14:35:33.005843', NULL, NULL, 'pending', NULL, NULL, NULL, 'false', -6.925610, 107.729378, '2026-06-01 14:15:36.01085+07', NULL, NULL, NULL, NULL, 0, 0, NULL),
	(40, 'JJN-260602-877D', 'Firdam', '6281386369207', 'Cibiru', 'Gerbang', 10000, 5637, 20854, 'midtrans', 'pending_payment', NULL, '2026-06-02 05:34:05.70711', '2026-06-02 05:34:05.70711', -6.925379, 107.729466, 'pending', 'JJN-260602-877D', '99e4c775-9f1b-4206-92f1-aea28de015d3', 'https://app.midtrans.com/snap/v4/redirection/99e4c775-9f1b-4206-92f1-aea28de015d3', 'false', NULL, NULL, NULL, NULL, NULL, NULL, NULL, 0, 0, NULL);
/*!40000 ALTER TABLE "jajanan_pesanan" ENABLE KEYS */;

-- Dumping structure for table public.jajanan_pesanan_item
CREATE TABLE IF NOT EXISTS "jajanan_pesanan_item" (
	"id" INTEGER NOT NULL DEFAULT 'nextval(''jajanan_pesanan_item_id_seq''::regclass)',
	"pesanan_id" INTEGER NOT NULL,
	"jajanan_id" INTEGER NULL DEFAULT NULL,
	"nama" VARCHAR(160) NOT NULL,
	"harga" INTEGER NOT NULL DEFAULT '0',
	"qty" INTEGER NOT NULL DEFAULT '1',
	PRIMARY KEY ("id"),
	CONSTRAINT "jajanan_pesanan_item_jajanan_id_fkey" FOREIGN KEY ("jajanan_id") REFERENCES "jajanan" ("id") ON UPDATE NO ACTION ON DELETE SET NULL,
	CONSTRAINT "jajanan_pesanan_item_pesanan_id_fkey" FOREIGN KEY ("pesanan_id") REFERENCES "jajanan_pesanan" ("id") ON UPDATE NO ACTION ON DELETE CASCADE
);

-- Dumping data for table public.jajanan_pesanan_item: -1 rows
/*!40000 ALTER TABLE "jajanan_pesanan_item" DISABLE KEYS */;
INSERT INTO "jajanan_pesanan_item" ("id", "pesanan_id", "jajanan_id", "nama", "harga", "qty") VALUES
	(1, 1, NULL, '🍕 Pizza', 20000, 2),
	(2, 2, 2, 'Bakso Neng Hajjah - Mie Bakso Urat', 15000, 1),
	(38, 38, 2, 'Mie Bakso Urat', 15000, 2),
	(41, 40, NULL, 'Testes', 10000, 1);
/*!40000 ALTER TABLE "jajanan_pesanan_item" ENABLE KEYS */;

-- Dumping structure for table public.jenis_olahraga
CREATE TABLE IF NOT EXISTS "jenis_olahraga" (
	"id" INTEGER NOT NULL DEFAULT 'nextval(''jenis_olahraga_id_seq''::regclass)',
	"nama" VARCHAR(60) NOT NULL,
	"deskripsi" TEXT NULL DEFAULT NULL,
	"created_at" TIMESTAMP NULL DEFAULT 'now()',
	PRIMARY KEY ("id"),
	UNIQUE INDEX "jenis_olahraga_nama_key" ("nama")
);

-- Dumping data for table public.jenis_olahraga: -1 rows
/*!40000 ALTER TABLE "jenis_olahraga" DISABLE KEYS */;
INSERT INTO "jenis_olahraga" ("id", "nama", "deskripsi", "created_at") VALUES
	(1, 'Jogging', 'Lari santai outdoor, fokus pada durasi dan jarak.', '2026-05-21 00:40:55.617378'),
	(2, 'Badminton', 'Pertandingan ganda/tunggal di GOR.', '2026-05-21 00:40:55.617378'),
	(3, 'Futsal', 'Sepak bola dalam ruangan, 5 vs 5.', '2026-05-21 00:40:55.617378'),
	(7, 'Basket', 'Mari mainkan bersama', '2026-05-21 15:50:18.482263'),
	(8, 'Hiking', 'Ngalam bagian healing', '2026-05-22 16:19:49.34839'),
	(9, 'Camping', 'Bersama dalam malam', '2026-05-22 16:20:06.583601'),
	(10, 'Gerak Jalan', 'Menjaga intensitas kaki', '2026-05-22 16:20:27.018665'),
	(5, 'Renang', 'Renang gaya yang bagian dari edukasi', '2026-05-21 00:40:55.617378'),
	(11, 'Biliard', 'Kuy, maen bola kecil', '2026-05-23 04:33:57.391667'),
	(12, 'Ping Pong', 'Bola Bolaan Kecil', '2026-05-23 06:40:37.374439'),
	(13, 'Olahraga Pribadi', 'Rumahan', '2026-06-03 05:36:56.762834');
/*!40000 ALTER TABLE "jenis_olahraga" ENABLE KEYS */;

-- Dumping structure for table public.kebijakan_privasi
CREATE TABLE IF NOT EXISTS "kebijakan_privasi" (
	"id" INTEGER NOT NULL DEFAULT 'nextval(''kebijakan_privasi_id_seq''::regclass)',
	"versi" VARCHAR(20) NOT NULL DEFAULT '1.0',
	"judul" VARCHAR(160) NOT NULL DEFAULT 'Kebijakan Privasi',
	"konten" TEXT NOT NULL DEFAULT '',
	"aktif" BOOLEAN NOT NULL DEFAULT 'true',
	"created_at" TIMESTAMP NOT NULL DEFAULT 'now()',
	"updated_at" TIMESTAMP NOT NULL DEFAULT 'now()',
	PRIMARY KEY ("id")
);

-- Dumping data for table public.kebijakan_privasi: -1 rows
/*!40000 ALTER TABLE "kebijakan_privasi" DISABLE KEYS */;
INSERT INTO "kebijakan_privasi" ("id", "versi", "judul", "konten", "aktif", "created_at", "updated_at") VALUES
	(1, '1.0', 'Kebijakan Privasi (UU PDP No. 27 Tahun 2022)', '<h3>Pendahuluan</h3><p>HapFam SportApp menghormati privasi Anda dan mematuhi UU No. 27 Tahun 2022 tentang Pelindungan Data Pribadi.</p>
<h3>1. Data yang Kami Kumpulkan</h3><ul><li>Data identitas: nama, email, jenis kelamin, nomor WhatsApp</li><li>Data lokasi (saat memesan jajanan/booking lapangan)</li><li>Data aktivitas olahraga, foto profil, postingan</li></ul>
<h3>2. Dasar Pemrosesan</h3><p>Persetujuan Anda saat mendaftar, pelaksanaan kontrak (pemesanan), dan kepentingan sah.</p>
<h3>3. Hak Subjek Data</h3><ul><li>Hak mendapatkan informasi</li><li>Hak akses, koreksi, dan penghapusan</li><li>Hak menarik persetujuan</li><li>Hak menolak pemrosesan otomatis</li></ul>
<h3>4. Keamanan</h3><p>Kami menerapkan enkripsi password (bcrypt), HTTPS, dan kontrol akses berbasis peran.</p>
<h3>5. Pengiriman ke Pihak Ketiga</h3><p>Hanya untuk pemrosesan pembayaran (Midtrans) dan penyimpanan media (ImageKit) sesuai standar industri.</p>
<h3>6. Kontak DPO</h3><p>Hubungi: admin@hapfam.local</p>', 'true', '2026-06-02 07:20:18.842615', '2026-06-02 07:20:18.842615');
/*!40000 ALTER TABLE "kebijakan_privasi" ENABLE KEYS */;

-- Dumping structure for table public.login_attempts
CREATE TABLE IF NOT EXISTS "login_attempts" (
	"id" INTEGER NOT NULL DEFAULT 'nextval(''login_attempts_id_seq''::regclass)',
	"email" VARCHAR(150) NULL DEFAULT NULL,
	"ip" VARCHAR(64) NULL DEFAULT NULL,
	"success" SMALLINT NULL DEFAULT '0',
	"created_at" TIMESTAMP NOT NULL DEFAULT 'now()',
	PRIMARY KEY ("id")
);

-- Dumping data for table public.login_attempts: 240 rows
/*!40000 ALTER TABLE "login_attempts" DISABLE KEYS */;
INSERT INTO "login_attempts" ("id", "email", "ip", "success", "created_at") VALUES
	(1, 'firdam@sport.local', '::1', 1, '2026-05-22 00:12:26.427246'),
	(2, 'firdam@sport.local', '::1', 1, '2026-05-22 00:17:34.01573'),
	(3, 'firdam@sport.local', '::1', 1, '2026-05-22 01:29:24.816901'),
	(4, 'firdam@sport.local', '::1', 1, '2026-05-22 02:37:01.677462'),
	(5, 'firdam@sport.local', '::1', 1, '2026-05-22 02:38:41.215681'),
	(6, 'firdam@sport.local', '::1', 1, '2026-05-22 02:39:11.674584'),
	(7, 'firdam@sport.local', '::1', 1, '2026-05-22 02:43:33.266834'),
	(8, 'firdam@sport.local', '::1', 1, '2026-05-22 02:44:29.827481'),
	(9, 'firdam@sport.local', '::1', 1, '2026-05-22 03:00:43.311588'),
	(10, 'dedi@sport.local', '::1', 1, '2026-05-22 03:22:39.113084'),
	(11, 'firdam@sport.local', '::1', 1, '2026-05-22 03:48:44.556657'),
	(12, 'firdam@sport.local', '::1', 1, '2026-05-22 04:08:55.248041'),
	(13, 'dedi@sport.local', '::1', 1, '2026-05-22 04:15:04.752104'),
	(14, 'firdam@sport.local', '::1', 1, '2026-05-22 04:45:06.775472'),
	(15, 'firdam@sport.local', '::1', 0, '2026-05-22 04:47:57.45418'),
	(16, 'firdam@sport.local', '::1', 1, '2026-05-22 04:48:04.754668'),
	(17, 'firdam@local.sport', '::1', 0, '2026-05-22 04:52:05.704754'),
	(18, 'firdam@sport.local', '::1', 0, '2026-05-22 04:52:22.255597'),
	(19, 'firdam@sport.local', '::1', 1, '2026-05-22 04:52:50.653865'),
	(20, 'firdam@sport.local', '::1', 1, '2026-05-22 05:25:13.391183'),
	(21, 'firdam@sport.local', '::1', 1, '2026-05-22 05:26:07.704106'),
	(22, 'firdam@sport.local', '::1', 1, '2026-05-22 05:47:39.216339'),
	(23, 'aziz@sport.local', '::1', 1, '2026-05-22 05:47:40.208118'),
	(24, 'firdam@sport.local', '::1', 1, '2026-05-22 05:48:56.387582'),
	(25, 'firdam@sport.local', '::1', 1, '2026-05-22 05:53:55.788381'),
	(26, 'firdam@sport.local', '::1', 1, '2026-05-22 06:10:21.948608'),
	(27, 'firdam@sport.local', '::1', 1, '2026-05-22 06:15:10.512396'),
	(28, 'firdam@sport.local', '::1', 0, '2026-05-22 06:17:52.407287'),
	(29, 'firdam@sport.local', '::1', 1, '2026-05-22 06:18:02.606331'),
	(30, 'firdam@sport.local', '::1', 0, '2026-05-22 06:55:25.922506'),
	(31, 'firdam@sport.local', '::1', 1, '2026-05-22 06:55:39.323671'),
	(32, 'rizalsaad1405@gmail.com', '::1', 1, '2026-05-22 09:25:59.055948'),
	(33, 'rizalsaad1405@gmail.com', '::1', 1, '2026-05-22 09:26:01.152729'),
	(34, 'adith@sport.local', '::1', 0, '2026-05-22 09:26:12.665261'),
	(35, 'adithsetiawan62@gmail.com', '::1', 0, '2026-05-22 09:26:28.252302'),
	(36, 'farhan@sport.local', '::1', 1, '2026-05-22 09:26:42.758253'),
	(37, 'adithsetiawan62@gmail.com', '::1', 1, '2026-05-22 09:27:15.67298'),
	(38, 'adithsetiawan62@gmail.com', '::1', 1, '2026-05-22 09:27:17.662859'),
	(39, 'adithsetiawan62@gmail.com', '::1', 1, '2026-05-22 09:27:21.063629'),
	(40, 'adithsetiawan62@gmail.com', '::1', 1, '2026-05-22 09:27:22.960921'),
	(41, 'adithsetiawan62@gmail.com', '::1', 1, '2026-05-22 09:27:24.956696'),
	(42, 'adithsetiawan62@gmail.com', '::1', 1, '2026-05-22 09:27:26.959754'),
	(43, 'adithsetiawan62@gmail.com', '::1', 1, '2026-05-22 09:27:29.063756'),
	(44, 'adithsetiawan62@gmail.com', '::1', 1, '2026-05-22 09:27:31.577118'),
	(45, 'firdam@sport.local', '::1', 0, '2026-05-22 09:32:01.756689'),
	(46, 'firdam@sport.local', '::1', 1, '2026-05-22 09:32:11.957059'),
	(47, 'dani@sport.local', '::1', 1, '2026-05-22 10:33:17.332064'),
	(48, 'firdam@sport.local', '::1', 1, '2026-05-22 12:15:52.764111'),
	(49, 'firdam@sport.local', '::1', 1, '2026-05-22 15:22:45.07098'),
	(50, 'firdam@sport.local', '::1', 1, '2026-05-22 16:02:56.558954'),
	(51, 'firdam@sport.local', '::1', 1, '2026-05-22 16:50:07.36065'),
	(52, 'firdam@sport.local', '::1', 1, '2026-05-22 16:50:29.760719'),
	(53, 'farhan@sport.local', '::1', 1, '2026-05-22 20:32:57.610004'),
	(54, 'firdam@sport.local', '::1', 1, '2026-05-23 04:32:52.006381'),
	(55, 'firdam@sport.local', '::1', 1, '2026-05-23 05:11:39.051908'),
	(56, 'firdam@sport.local', '::1', 1, '2026-05-23 05:45:57.544728'),
	(57, 'firdam@sport.local', '::1', 1, '2026-05-23 05:57:10.94672'),
	(58, 'firdam@sport.local', '::1', 1, '2026-05-23 05:58:14.043684'),
	(59, 'firdam@sport.local', '::1', 1, '2026-05-23 06:01:13.646096'),
	(60, 'dani@sport.local', '::1', 1, '2026-05-23 06:16:18.049163'),
	(61, 'firdam@sport.local', '::1', 1, '2026-05-23 06:40:21.467383'),
	(62, 'firdam@sport.local', '::1', 1, '2026-05-23 07:00:19.265408'),
	(63, 'firdam@sport.local', '::1', 1, '2026-05-23 07:17:49.750471'),
	(64, 'firdam@sport.local', '::1', 1, '2026-05-23 07:51:09.666772'),
	(65, 'firdam@sport.local', '::1', 1, '2026-05-23 07:53:56.730811'),
	(66, 'hanif@sport.local', '::1', 1, '2026-05-23 07:55:42.030535'),
	(67, 'firdam@sport.local', '::1', 1, '2026-05-23 08:00:14.234138'),
	(68, 'firdam@sport.local', '::1', 1, '2026-05-23 08:00:50.925963'),
	(69, 'hanif@sport.local', '::1', 1, '2026-05-23 08:01:10.53084'),
	(70, 'firdam@sport.local', '::1', 1, '2026-05-23 08:01:54.533101'),
	(71, 'firdam@sport.local', '::1', 1, '2026-05-23 08:01:57.43081'),
	(72, 'dani@sport.local', '::1', 1, '2026-05-23 08:04:25.631009'),
	(73, 'firdam@sport.local', '::1', 1, '2026-05-23 08:17:17.036734'),
	(74, 'hanif@sport.local', '::1', 1, '2026-05-23 08:17:57.438327'),
	(75, 'firdam@sport.local', '::1', 1, '2026-05-23 08:18:23.336663'),
	(76, 'farhan@sport.local', '::1', 0, '2026-05-23 09:06:58.780826'),
	(77, 'farhan@sport.local', '::1', 1, '2026-05-23 09:07:15.78216'),
	(78, 'dani@sport.local', '::1', 1, '2026-05-23 09:13:09.993464'),
	(79, 'rifat@sport.local', '::1', 1, '2026-05-23 09:13:59.298529'),
	(80, 'rifat@sport.local', '::1', 1, '2026-05-23 09:14:02.285043'),
	(81, 'rifat@sport.local', '::1', 1, '2026-05-23 09:14:03.576288'),
	(82, 'firdam@sport.local', '::1', 1, '2026-05-23 09:14:49.881582'),
	(83, 'rifat@sport.local', '::1', 0, '2026-05-23 09:14:51.184753'),
	(84, 'rifat@sport.local', '::1', 1, '2026-05-23 09:15:25.480309'),
	(85, 'dani@sport.local', '::1', 1, '2026-05-23 09:16:56.881765'),
	(86, 'firdam@sport.local', '::1', 1, '2026-05-23 10:58:45.370556'),
	(87, 'firdam@sport.local', '::1', 1, '2026-05-23 10:58:48.364178'),
	(88, 'firdam@sport.local', '::1', 1, '2026-05-23 11:26:02.090968'),
	(89, 'firdam@sport.local', '::1', 1, '2026-05-23 14:11:11.46566'),
	(90, 'firdam@sport.local', '::1', 1, '2026-05-23 14:32:36.622198'),
	(91, 'dani@sport.local', '::1', 1, '2026-05-23 15:55:35.428255'),
	(92, 'adithsetiawan62@gmail.com', '::1', 0, '2026-05-23 15:56:11.031084'),
	(93, 'adithsetiawan62@gmail.com', '::1', 0, '2026-05-23 15:56:38.930822'),
	(94, 'adithsetiawan62@gmail.com', '::1', 1, '2026-05-23 15:56:58.428601'),
	(95, 'dani@sport.local', '::1', 1, '2026-05-23 16:24:12.85294'),
	(96, 'adithsetiawan62@gmail.com', '::1', 1, '2026-05-23 16:24:48.460409'),
	(97, 'firdam@sport.local', '::1', 1, '2026-05-23 16:24:55.46588'),
	(98, 'firdam@sport.local', '::1', 1, '2026-05-23 16:24:59.058688'),
	(99, 'faiz@sport.local', '::1', 1, '2026-05-23 16:26:33.246502'),
	(100, 'adithsetiawan62@gmail.com', '::1', 1, '2026-05-23 16:27:59.048286'),
	(101, 'firdam@sport.local', '::1', 1, '2026-05-23 17:01:18.09499'),
	(102, 'firdam@sport.local', '::1', 1, '2026-05-23 17:01:21.102968'),
	(103, 'dedi@sport.local', '::1', 1, '2026-05-23 17:10:11.295735'),
	(104, 'firdam@sport.local', '::1', 1, '2026-05-23 18:31:01.491479'),
	(105, 'firdam@sport.local', '::1', 1, '2026-05-23 18:31:04.477134'),
	(106, 'firdam@sport.local', '::1', 1, '2026-05-23 18:54:13.463847'),
	(107, 'firdam@sport.local', '::1', 1, '2026-05-23 19:05:44.174095'),
	(108, 'farhan@sport.local', '::1', 1, '2026-05-23 19:06:33.775824'),
	(109, 'farhan@sport.local', '::1', 1, '2026-05-23 19:06:36.865871'),
	(110, 'firdam@sport.local', '::1', 1, '2026-05-23 19:10:43.370673'),
	(111, 'firdam@sport.local', '::1', 1, '2026-05-23 21:15:16.789076'),
	(112, 'firdam@sport.local', '::1', 1, '2026-05-23 21:16:21.282745'),
	(113, 'firdam@sport.local', '::1', 1, '2026-05-23 21:16:24.694205'),
	(114, 'hanif@sport.local', '::1', 1, '2026-05-23 21:18:46.803703'),
	(115, 'hanif@sport.local', '::1', 1, '2026-05-23 21:18:47.990227'),
	(116, 'firdam@sport.local', '::1', 1, '2026-05-23 21:21:22.500638'),
	(117, 'firdam@sport.local', '::1', 1, '2026-05-23 21:21:23.688742'),
	(118, 'firdam@sport.local', '::1', 1, '2026-05-23 23:25:04.818341'),
	(119, 'firdam@sport.local', '::1', 1, '2026-05-23 23:39:33.740411'),
	(120, 'firdam@sport.local', '::1', 1, '2026-05-23 23:39:38.048722'),
	(121, 'firdam@sport.local', '::1', 1, '2026-05-23 23:51:18.536705'),
	(122, 'firdam@sport.local', '::1', 1, '2026-05-23 23:51:19.736515'),
	(123, 'firdamdamsasmita@upi.edu', '::1', 1, '2026-05-23 23:52:15.352602'),
	(124, 'firdamdamsasmita@upi.edu', '::1', 1, '2026-05-23 23:52:17.741655'),
	(125, 'firdam@sport.local', '::1', 0, '2026-05-24 00:10:00.031515'),
	(126, 'firdam@sport.local', '::1', 1, '2026-05-24 00:10:24.336'),
	(127, 'firdam@sport.local', '::1', 1, '2026-05-24 00:10:25.537046'),
	(128, 'firdam@sport.local', '::1', 1, '2026-05-24 00:13:55.436265'),
	(129, 'firdam@sport.local', '::1', 0, '2026-05-24 00:16:22.439664'),
	(130, 'firdam@sport.local', '::1', 1, '2026-05-24 00:16:39.039698'),
	(131, 'tes@sport.local', '::1', 1, '2026-05-24 00:18:11.538797'),
	(132, 'firdam@sport.local', '::1', 1, '2026-05-24 00:18:48.337171'),
	(133, 'dani@sport.local', '::1', 1, '2026-05-24 00:23:05.738692'),
	(134, 'firdam@sport.local', '::1', 1, '2026-05-24 00:34:56.950419'),
	(135, 'firdam@sport.local', '::1', 1, '2026-05-24 00:34:58.138956'),
	(136, 'firdam@sport.local', '::1', 1, '2026-05-24 06:00:22.471063'),
	(137, 'firdam@sport.local', '::1', 1, '2026-05-24 06:00:23.667252'),
	(138, 'firdam@sport.local', '::1', 1, '2026-05-24 07:19:08.653942'),
	(139, 'firdam@sport.local', '::1', 1, '2026-05-24 07:24:04.104817'),
	(140, 'firdam@sport.local', '::1', 0, '2026-05-24 07:56:40.571535'),
	(141, 'firdam@sport.local', '::1', 0, '2026-05-24 07:56:48.967109'),
	(142, 'firdam@sport.local', '::1', 0, '2026-05-24 07:56:59.978372'),
	(143, 'firdam@sport.local', '::1', 0, '2026-05-24 07:57:14.366125'),
	(144, 'dani@sport.local', '::1', 0, '2026-05-24 07:57:46.577606'),
	(145, 'firdam@sport.local', '::1', 0, '2026-05-24 08:00:06.864485'),
	(146, 'firdam@sport.local', '::1', 0, '2026-05-24 08:00:44.16464'),
	(147, 'firdam@sport.local', '::1', 1, '2026-05-24 08:10:46.414771'),
	(148, 'firdam@sport.local', '::1', 1, '2026-05-24 08:40:25.235493'),
	(149, 'firdam@sport.local', '::1', 0, '2026-05-24 08:54:52.534767'),
	(150, 'firdam@sport.local', '::1', 1, '2026-05-24 08:55:11.435494'),
	(151, 'firdam@sport.local', '::1', 1, '2026-05-24 08:55:38.835667'),
	(152, 'firdam@sport.local', '::1', 1, '2026-05-24 08:56:14.036775'),
	(153, 'firdam@sport.local', '::1', 1, '2026-05-24 08:56:15.137174'),
	(154, 'tes@sport.local', '::1', 1, '2026-05-24 09:05:12.035483'),
	(155, 'tes@sport.local', '::1', 1, '2026-05-24 09:05:14.240911'),
	(156, 'firdam@sport.local', '::1', 1, '2026-05-24 09:13:32.698431'),
	(157, 'firdam@sport.local', '::1', 1, '2026-05-24 09:39:09.735445'),
	(158, 'dani@sport.local', '::1', 1, '2026-05-24 09:44:32.433449'),
	(159, 'firdam@sport.local', '::1', 1, '2026-05-24 09:45:35.733956'),
	(160, 'firdam@sport.local', '::1', 1, '2026-05-24 09:45:36.93286'),
	(161, 'firdam@sport.local', '::1', 1, '2026-05-24 10:07:38.565108'),
	(162, 'firdam@sport.local', '::1', 1, '2026-05-24 10:19:10.760743'),
	(163, 'firdam@sport.local', '::1', 1, '2026-05-24 10:20:21.459961'),
	(164, 'firdam@sport.local', '::1', 1, '2026-05-24 13:06:19.185657'),
	(165, 'firdam@sport.local', '::1', 1, '2026-05-24 13:06:20.601317'),
	(166, 'firdam@sport.local', '::1', 1, '2026-05-24 13:25:50.18519'),
	(167, 'firdam@sport.local', '::1', 1, '2026-05-24 13:25:51.603675'),
	(168, 'dani@sport.local', '::1', 1, '2026-05-24 13:53:40.399612'),
	(169, 'dani@sport.local', '::1', 1, '2026-05-24 13:53:49.486295'),
	(170, 'dani@sport.local', '::1', 1, '2026-05-24 13:53:50.685468'),
	(171, 'dani@sport.local', '::1', 1, '2026-05-24 13:53:51.885335'),
	(172, 'dani@sport.local', '::1', 1, '2026-05-24 13:53:53.085512'),
	(173, 'dani@sport.local', '::1', 1, '2026-05-24 13:54:07.884485'),
	(174, 'firdam@sport.local', '::1', 1, '2026-05-24 14:38:00.177554'),
	(175, 'firdam@sport.local', '::1', 1, '2026-05-24 14:38:01.380972'),
	(176, 'dani@sport.local', '::1', 1, '2026-05-24 14:46:57.48718'),
	(177, 'dani@sport.local', '::1', 1, '2026-05-24 14:47:07.17703'),
	(178, 'dani@sport.local', '::1', 1, '2026-05-24 14:47:08.595317'),
	(179, 'dani@sport.local', '::1', 1, '2026-05-24 14:47:09.778603'),
	(180, 'dani@sport.local', '::1', 1, '2026-05-24 14:47:10.975287'),
	(181, 'farhan@sport.local', '::1', 1, '2026-05-24 15:08:13.5815'),
	(182, 'rifat@sport.local', '::1', 1, '2026-05-24 15:35:25.178991'),
	(183, 'firdam@sport.local', '::1', 1, '2026-05-24 15:43:07.98022'),
	(184, 'rifat@sport.local', '::1', 0, '2026-05-24 16:40:24.368752'),
	(185, 'rifat@sport.local', '::1', 0, '2026-05-24 16:40:38.870349'),
	(186, 'rifat@sport.local', '::1', 0, '2026-05-24 16:40:47.384306'),
	(187, 'dani@sport.local', '::1', 1, '2026-05-24 16:41:26.106283'),
	(188, 'rifat@sport.local', '::1', 1, '2026-05-24 16:42:36.271745'),
	(189, 'rifat@sport.local', '::1', 1, '2026-05-24 16:42:46.470877'),
	(190, 'rifat@sport.local', '::1', 1, '2026-05-24 16:44:41.270966'),
	(191, 'rifat@sport.local', '::1', 1, '2026-05-24 16:45:33.972304'),
	(192, 'firdam@sport.local', '::1', 1, '2026-05-24 16:47:21.873799'),
	(193, 'firdam@sport.local', '::1', 1, '2026-05-24 16:47:23.289217'),
	(194, 'firdam@sport.local', '::1', 1, '2026-05-24 17:17:38.258654'),
	(195, 'firdam@sport.local', '::1', 0, '2026-05-24 17:26:51.758859'),
	(196, 'firdam@sport.local', '::1', 1, '2026-05-24 17:27:08.058026'),
	(197, 'firdam@sport.local', '::1', 1, '2026-05-24 17:27:09.259693'),
	(198, 'farhan@sport.local', '::1', 1, '2026-05-24 17:45:43.570794'),
	(199, 'firdam@sport.local', '::1', 1, '2026-05-24 17:51:16.328044'),
	(200, 'firdam@sport.local', '::1', 1, '2026-05-24 17:52:17.210753'),
	(201, 'farhan@sport.local', '::1', 1, '2026-05-24 19:45:30.220705'),
	(202, 'firdam@sport.local', '::1', 1, '2026-05-24 21:27:09.619165'),
	(203, 'firdam@sport.local', '::1', 1, '2026-05-24 23:09:14.183005'),
	(204, 'firdam@sport.local', '::1', 1, '2026-05-25 06:12:53.320202'),
	(205, 'firdam@sport.local', '::1', 1, '2026-05-25 14:33:09.209759'),
	(206, 'firdam@sport.local', '::1', 1, '2026-05-25 17:40:51.835472'),
	(207, 'firdam@sport.local', '::1', 1, '2026-05-25 22:51:30.420108'),
	(208, 'firdam@sport.local', '::1', 1, '2026-05-25 23:09:56.046495'),
	(209, 'firdam@sport.local', '::1', 1, '2026-05-26 08:50:54.968428'),
	(210, 'firdam@sport.local', '::1', 1, '2026-05-26 10:06:01.136196'),
	(211, 'firdam@sport.local', '::1', 1, '2026-05-26 10:40:19.054152'),
	(212, 'firdam@sport.local', '::1', 1, '2026-05-26 10:49:20.016167'),
	(213, 'firdam@sport.local', '::1', 1, '2026-05-26 10:59:33.909343'),
	(214, 'rifat@sport.local', '::1', 1, '2026-05-26 11:28:02.69151'),
	(215, 'rifat@sport.local', '::1', 1, '2026-05-26 11:28:39.599941'),
	(216, 'rifat@sport.local', '::1', 1, '2026-05-26 11:28:47.313181'),
	(217, 'adithsetiawan62@gmail.com', '::1', 1, '2026-05-26 11:38:44.391285'),
	(218, 'farhan@sport.local', '::1', 1, '2026-05-26 11:39:08.998148'),
	(219, 'adithsetiawan62@gmail.com', '::1', 1, '2026-05-26 11:40:44.313752'),
	(220, 'firdam@sport.local', '::1', 1, '2026-05-26 15:40:55.097164'),
	(221, 'firdam@sport.local', '::1', 1, '2026-05-26 15:41:28.893999'),
	(222, 'firdam@sport.local', '::1', 1, '2026-05-27 06:46:43.916294'),
	(223, 'firdam@sport.local', '::1', 1, '2026-05-29 05:38:20.376448'),
	(224, 'adithsetiawan62@gmail.com', '::1', 1, '2026-05-29 10:00:59.005647'),
	(225, 'firdam@sport.local', '::1', 1, '2026-05-29 12:48:58.619054'),
	(226, 'firdam@sport.local', '::1', 1, '2026-05-29 12:56:49.119734'),
	(227, 'fajar@sport.local', '::1', 1, '2026-05-29 13:02:23.295608'),
	(228, 'firdam@sport.local', '::1', 1, '2026-05-29 13:53:13.096611'),
	(229, 'dendra@sport.local', '::1', 1, '2026-05-29 13:58:31.086987'),
	(230, 'firdam@sport.local', '::1', 1, '2026-05-29 13:59:34.691233'),
	(231, 'firdam@sport.local', '::1', 1, '2026-05-29 14:21:28.382151'),
	(232, 'firdam@sport.local', '::1', 1, '2026-05-29 14:55:17.585663'),
	(233, 'dani@sport.local', '::1', 1, '2026-05-29 15:05:59.872701'),
	(234, 'fajar@sport.local', '::1', 1, '2026-05-29 15:55:41.274426'),
	(235, 'firdam@sport.local', '::1', 1, '2026-05-29 16:02:07.874481'),
	(236, 'adithsetiawan62@gmail.com', '::1', 1, '2026-05-29 16:05:43.674392'),
	(237, 'firdam@sport.local', '::1', 1, '2026-05-29 17:04:23.736548'),
	(238, 'adithsetiawan62@gmail.com', '::1', 1, '2026-05-29 17:08:11.536964'),
	(239, 'farhan@sport.local', '::1', 1, '2026-05-29 17:24:32.739622'),
	(240, 'firdam@sport.local', '::1', 1, '2026-05-29 20:28:45.605916'),
	(241, 'firdam@sport.local', '::1', 1, '2026-05-29 20:31:58.306581'),
	(242, 'firdam@sport.local', '::1', 1, '2026-05-29 21:11:08.51261'),
	(243, 'firdam@sport.local', '::1', 1, '2026-05-29 21:36:34.035689'),
	(244, 'firdam@sport.local', '::1', 1, '2026-05-29 21:58:15.920093'),
	(245, 'firdam@sport.local', '::1', 1, '2026-05-29 22:14:55.120676'),
	(246, 'firdam@sport.local', '::1', 1, '2026-05-29 22:41:27.803853'),
	(247, 'firdam@sport.local', '::1', 1, '2026-05-29 22:57:39.470241'),
	(248, 'firdam@sport.local', '::1', 1, '2026-05-29 23:09:33.339499'),
	(249, 'farhan@sport.local', '::1', 1, '2026-05-30 07:10:30.138981'),
	(250, 'firdam@sport.local', '::1', 1, '2026-05-30 08:07:07.448765'),
	(251, 'firdam@sport.local', '::1', 1, '2026-05-30 08:08:03.733944'),
	(252, 'firdam@sport.local', '::1', 1, '2026-05-30 08:09:22.239651'),
	(253, 'firdam@sport.local', '::1', 1, '2026-05-30 08:44:39.825668'),
	(254, 'firdam@sport.local', '::1', 1, '2026-05-30 08:45:49.219626'),
	(255, 'firdam@sport.local', '::1', 1, '2026-05-30 09:23:30.091893'),
	(256, 'firdam@sport.local', '::1', 1, '2026-05-30 09:52:59.506263'),
	(257, 'hanif@sport.local', '::1', 1, '2026-05-30 09:55:46.297174'),
	(258, 'firdam@sport.local', '::1', 1, '2026-05-30 11:19:24.327497'),
	(259, 'firdam@sport.local', '::1', 0, '2026-05-30 11:22:12.429735'),
	(260, 'firdam@sport.local', '::1', 1, '2026-05-30 11:22:20.427708'),
	(261, 'firdam@sport.local', '::1', 0, '2026-05-30 11:40:18.638941'),
	(262, 'firdam@sport.local', '::1', 0, '2026-05-30 11:40:27.926208'),
	(263, 'firdam@sport.local', '::1', 1, '2026-05-30 11:40:36.729913'),
	(264, 'firdam@sport.local', '::1', 1, '2026-05-30 12:26:35.428276'),
	(265, 'firdam@sport.local', '::1', 1, '2026-05-30 13:18:34.999448'),
	(266, 'firdam@sport.local', '::1', 1, '2026-05-30 14:58:03.483097'),
	(267, 'rifat@sport.local', '::1', 1, '2026-05-30 16:20:59.291477'),
	(268, 'rifat@sport.local', '::1', 1, '2026-05-30 16:25:40.491661'),
	(269, 'firdam@sport.local', '::1', 1, '2026-05-30 16:32:29.591067'),
	(270, 'firdam@sport.local', '::1', 1, '2026-05-30 16:45:59.986954'),
	(271, 'firdam@sport.local', '::1', 1, '2026-05-30 16:51:44.074789'),
	(272, 'firdam@sport.local', '::1', 1, '2026-05-30 17:39:53.473253'),
	(273, 'firdam@sport.local', '::1', 1, '2026-05-30 17:50:08.074344'),
	(274, 'firdam@sport.local', '::1', 1, '2026-05-30 18:03:41.373338'),
	(275, 'firdam@sport.local', '::1', 1, '2026-05-30 18:16:16.201811'),
	(276, 'firdam@sport.local', '::1', 1, '2026-05-30 21:30:33.93701'),
	(277, 'firdam@sport.local', '::1', 1, '2026-05-30 21:53:40.024054'),
	(278, 'firdam@sport.local', '::1', 1, '2026-05-30 22:52:09.57996'),
	(279, 'firdam@sport.local', '::1', 1, '2026-05-30 22:52:49.465588'),
	(280, 'firdam@sport.local', '::1', 0, '2026-05-31 06:15:20.669998'),
	(281, 'firdam@sport.local', '::1', 1, '2026-05-31 06:15:38.273792'),
	(282, 'firdam@sport.local', '::1', 1, '2026-05-31 06:31:26.958175'),
	(283, 'firdam@sport.local', '::1', 1, '2026-05-31 06:39:32.882247'),
	(284, 'firdam@sport.local', '::1', 1, '2026-05-31 07:11:36.813499'),
	(285, 'firdam@sport.local', '::1', 1, '2026-05-31 11:48:27.824279'),
	(286, 'rifat@sport.local', '::1', 1, '2026-05-31 16:06:02.889833'),
	(287, 'rifat@sport.local', '::1', 1, '2026-05-31 16:09:19.687038'),
	(288, 'firdam@sport.local', '::1', 1, '2026-05-31 19:27:10.512728'),
	(289, 'firdam@sport.local', '::1', 1, '2026-05-31 23:46:41.163239'),
	(290, 'rifat@sport.local', '::1', 1, '2026-05-31 23:50:41.278639'),
	(291, 'dani@sport.local', '::1', 1, '2026-05-31 23:50:46.363918'),
	(292, 'firdam@sport.local', '::1', 1, '2026-06-01 06:11:00.014366'),
	(293, 'farhan@sport.local', '::1', 1, '2026-06-01 09:12:01.863449'),
	(326, 'firdam@sport.local', '::1', 1, '2026-06-01 10:44:01.033806'),
	(327, 'firdam@sport.local', '::1', 1, '2026-06-01 12:31:10.010099'),
	(328, 'dani@sport.local', '::1', 1, '2026-06-01 12:37:47.918355'),
	(329, 'firdam@sport.local', '::1', 1, '2026-06-01 13:00:04.397033'),
	(330, 'dani@sport.local', '::1', 1, '2026-06-01 13:14:50.998276'),
	(331, 'firdam@sport.local', '::1', 1, '2026-06-01 13:56:25.041246'),
	(332, 'firdam@sport.local', '::1', 1, '2026-06-01 14:03:47.926665'),
	(333, 'dani@sport.local', '::1', 0, '2026-06-01 14:08:40.625924'),
	(334, 'dani@sport.local', '::1', 1, '2026-06-01 14:08:52.739123'),
	(335, 'firdam@sport.local', '::1', 1, '2026-06-01 14:32:47.087979'),
	(336, 'firdam@sport.local', '::1', 1, '2026-06-01 15:00:14.549108'),
	(337, 'adithsetiawan62@gmail.com', '::1', 1, '2026-06-01 15:05:56.857392'),
	(338, 'firdam@sport.local', '::1', 1, '2026-06-01 15:31:33.453482'),
	(339, 'firdam@sport.local', '::1', 1, '2026-06-01 15:48:48.690433'),
	(340, 'dani@sport.local', '::1', 1, '2026-06-01 16:32:25.12652'),
	(341, 'firdam@sport.local', '::1', 1, '2026-06-01 16:53:39.427242'),
	(342, 'rifat@sport.local', '::1', 1, '2026-06-01 19:13:46.607896'),
	(343, 'firdam@sport.local', '::1', 1, '2026-06-01 19:14:07.010733'),
	(344, 'rifat@sport.local', '::1', 1, '2026-06-01 19:15:57.078245'),
	(345, 'firdam@sport.local', '::1', 0, '2026-06-01 19:16:40.079613'),
	(346, 'firdam@sport.local', '::1', 1, '2026-06-01 19:16:50.078418'),
	(347, 'firdam@sport.local', '::1', 1, '2026-06-01 19:32:59.975439'),
	(348, 'firdam@sport.local', '::1', 1, '2026-06-01 19:55:24.01756'),
	(349, 'firdam@sport.local', '::1', 1, '2026-06-01 20:41:36.519655'),
	(350, 'firdam@sport.local', '::1', 1, '2026-06-01 20:42:39.420161'),
	(351, 'firdam@sport.local', '::1', 1, '2026-06-01 21:27:41.03711'),
	(352, 'firdam@sport.local', '::1', 1, '2026-06-01 22:05:50.64621'),
	(353, 'dendra@sport.local', '::1', 1, '2026-06-01 22:11:10.646938'),
	(354, 'firdam@sport.local', '::1', 1, '2026-06-01 22:14:35.248438'),
	(355, 'dani@sport.local', '::1', 1, '2026-06-01 22:17:42.850003'),
	(356, 'rifat@sport.local', '::1', 1, '2026-06-01 22:17:51.450672'),
	(357, 'firdam@sport.local', '::1', 1, '2026-06-01 22:28:07.06768'),
	(358, 'firdam@sport.local', '::1', 1, '2026-06-01 22:47:54.771537'),
	(359, 'firdam@sport.local', '::1', 1, '2026-06-02 00:03:54.851303'),
	(360, 'firdam@sport.local', '::1', 1, '2026-06-02 00:26:13.246726'),
	(361, 'firdam@sport.local', '::1', 1, '2026-06-02 05:30:48.355304'),
	(362, 'firdam@sport.local', '::1', 1, '2026-06-02 07:30:47.37703'),
	(363, 'firdam@sport.local', '::1', 1, '2026-06-02 07:33:55.467284'),
	(364, 'farhan@sport.local', '::1', 1, '2026-06-02 08:08:09.37426'),
	(365, 'firdam@sport.local', '::1', 1, '2026-06-02 08:34:27.731107'),
	(366, 'firdam@sport.local', '::1', 1, '2026-06-02 10:03:43.860296'),
	(367, 'dani@sport.local', '::1', 1, '2026-06-02 11:22:50.672741'),
	(368, 'firdam@sport.local', '::1', 1, '2026-06-02 12:27:50.84233'),
	(369, 'dendra@sport.local', '::1', 1, '2026-06-02 13:16:21.606401'),
	(370, 'dani@sport.local', '::1', 1, '2026-06-02 13:20:32.034977'),
	(371, 'rifat@sport.local', '::1', 1, '2026-06-02 13:20:56.713246'),
	(372, 'rifat@sport.local', '::1', 1, '2026-06-02 13:21:17.925249'),
	(373, 'firdam@sport.local', '::1', 1, '2026-06-02 13:25:58.107728'),
	(374, 'rifat@sport.local', '::1', 1, '2026-06-02 16:10:11.944114'),
	(375, 'rian@sport.local', '::1', 1, '2026-06-02 17:43:25.591088'),
	(376, 'rian@sport.local', '::1', 1, '2026-06-02 17:55:00.290807'),
	(377, 'rian@sport.local', '::1', 1, '2026-06-02 17:57:22.591216'),
	(378, 'rian@sport.local', '::1', 1, '2026-06-02 18:11:30.289524'),
	(379, 'firdam@sport.local', '::1', 1, '2026-06-02 20:03:21.214415'),
	(380, 'rian@sport.local', '::1', 1, '2026-06-02 20:09:08.811674'),
	(381, 'firdam@sport.local', '::1', 0, '2026-06-02 22:09:36.65991'),
	(382, 'firdam@sport.local', '::1', 1, '2026-06-02 22:09:49.648998'),
	(383, 'firdam@sport.local', '::1', 1, '2026-06-03 05:35:36.045188'),
	(384, 'rifat@sport.local', '::1', 1, '2026-06-03 05:55:02.45179'),
	(385, 'firdam@sport.local', '::1', 1, '2026-06-03 06:34:59.156733');
/*!40000 ALTER TABLE "login_attempts" ENABLE KEYS */;

-- Dumping structure for table public.member_eksternal
CREATE TABLE IF NOT EXISTS "member_eksternal" (
	"id" INTEGER NOT NULL DEFAULT 'nextval(''member_eksternal_id_seq''::regclass)',
	"jadwal_id" INTEGER NOT NULL,
	"nama_tamu" VARCHAR(120) NOT NULL,
	"dibawa_oleh_id" INTEGER NULL DEFAULT NULL,
	PRIMARY KEY ("id"),
	CONSTRAINT "member_eksternal_jadwal_id_fkey" FOREIGN KEY ("jadwal_id") REFERENCES "jadwal" ("id") ON UPDATE NO ACTION ON DELETE CASCADE,
	CONSTRAINT "member_eksternal_dibawa_oleh_id_fkey" FOREIGN KEY ("dibawa_oleh_id") REFERENCES "users" ("id") ON UPDATE NO ACTION ON DELETE SET NULL
);

-- Dumping data for table public.member_eksternal: -1 rows
/*!40000 ALTER TABLE "member_eksternal" DISABLE KEYS */;
INSERT INTO "member_eksternal" ("id", "jadwal_id", "nama_tamu", "dibawa_oleh_id") VALUES
	(4, 4, 'Zacky Arido', 4),
	(5, 4, 'Kean', 4);
/*!40000 ALTER TABLE "member_eksternal" ENABLE KEYS */;

-- Dumping structure for table public.nav_menu
CREATE TABLE IF NOT EXISTS "nav_menu" (
	"id" INTEGER NOT NULL DEFAULT 'nextval(''nav_menu_id_seq''::regclass)',
	"label" VARCHAR(80) NOT NULL,
	"url" VARCHAR(255) NOT NULL DEFAULT '#',
	"icon" VARCHAR(60) NULL DEFAULT NULL,
	"parent_id" INTEGER NULL DEFAULT NULL,
	"urutan" INTEGER NOT NULL DEFAULT '0',
	"aktif" BOOLEAN NOT NULL DEFAULT 'true',
	"target" VARCHAR(10) NULL DEFAULT '_self',
	"posisi" VARCHAR(20) NOT NULL DEFAULT 'drawer',
	"created_at" TIMESTAMP NOT NULL DEFAULT 'now()',
	PRIMARY KEY ("id"),
	INDEX "nav_menu_pos_urut_idx" ("posisi", "urutan"),
	CONSTRAINT "nav_menu_parent_id_fkey" FOREIGN KEY ("parent_id") REFERENCES "nav_menu" ("id") ON UPDATE NO ACTION ON DELETE CASCADE
);

-- Dumping data for table public.nav_menu: -1 rows
/*!40000 ALTER TABLE "nav_menu" DISABLE KEYS */;
/*!40000 ALTER TABLE "nav_menu" ENABLE KEYS */;

-- Dumping structure for table public.notifications
CREATE TABLE IF NOT EXISTS "notifications" (
	"id" INTEGER NOT NULL DEFAULT 'nextval(''notifications_id_seq''::regclass)',
	"user_id" INTEGER NOT NULL,
	"jenis" VARCHAR(30) NOT NULL,
	"judul" VARCHAR(200) NOT NULL,
	"isi" TEXT NULL DEFAULT NULL,
	"url" VARCHAR(255) NULL DEFAULT NULL,
	"dibaca" SMALLINT NOT NULL DEFAULT '0',
	"created_at" TIMESTAMP NOT NULL DEFAULT 'now()',
	"dibuat_pada" TIMESTAMP NULL DEFAULT 'now()',
	PRIMARY KEY ("id"),
	INDEX "notif_user_idx" ("user_id", "dibaca", "created_at"),
	CONSTRAINT "notifications_user_id_fkey" FOREIGN KEY ("user_id") REFERENCES "users" ("id") ON UPDATE NO ACTION ON DELETE CASCADE
);

-- Dumping data for table public.notifications: 44 rows
/*!40000 ALTER TABLE "notifications" DISABLE KEYS */;
INSERT INTO "notifications" ("id", "user_id", "jenis", "judul", "isi", "url", "dibaca", "created_at", "dibuat_pada") VALUES
	(4, 13, 'event', '🏆 Event baru: Lomba Badminton', 'Daftar sekarang di menu Event.', '/event.php?id=1', 0, '2026-05-22 00:27:56.805361', '2026-06-01 21:23:57.044901'),
	(6, 8, 'event', '🏆 Event baru: Lomba Badminton', 'Daftar sekarang di menu Event.', '/event.php?id=1', 0, '2026-05-22 00:27:56.885423', '2026-06-01 21:23:57.044901'),
	(7, 6, 'event', '🏆 Event baru: Lomba Badminton', 'Daftar sekarang di menu Event.', '/event.php?id=1', 0, '2026-05-22 00:27:56.92564', '2026-06-01 21:23:57.044901'),
	(8, 7, 'event', '🏆 Event baru: Lomba Badminton', 'Daftar sekarang di menu Event.', '/event.php?id=1', 0, '2026-05-22 00:27:56.965584', '2026-06-01 21:23:57.044901'),
	(9, 14, 'event', '🏆 Event baru: Lomba Badminton', 'Daftar sekarang di menu Event.', '/event.php?id=1', 0, '2026-05-22 00:27:57.005545', '2026-06-01 21:23:57.044901'),
	(11, 15, 'event', '🏆 Event baru: Lomba Badminton', 'Daftar sekarang di menu Event.', '/event.php?id=1', 0, '2026-05-22 00:27:57.085645', '2026-06-01 21:23:57.044901'),
	(12, 10, 'event', '🏆 Event baru: Lomba Badminton', 'Daftar sekarang di menu Event.', '/event.php?id=1', 0, '2026-05-22 00:27:57.125638', '2026-06-01 21:23:57.044901'),
	(13, 9, 'event', '🏆 Event baru: Lomba Badminton', 'Daftar sekarang di menu Event.', '/event.php?id=1', 0, '2026-05-22 00:27:57.165505', '2026-06-01 21:23:57.044901'),
	(14, 11, 'event', '🏆 Event baru: Lomba Badminton', 'Daftar sekarang di menu Event.', '/event.php?id=1', 0, '2026-05-22 00:27:57.205328', '2026-06-01 21:23:57.044901'),
	(15, 5, 'event', '🏆 Event baru: Lomba Badminton', 'Daftar sekarang di menu Event.', '/event.php?id=1', 0, '2026-05-22 00:27:57.245296', '2026-06-01 21:23:57.044901'),
	(18, 8, 'badge', '🏅 Badge baru: All Rounder', 'Hadir di 3 jenis olahraga berbeda', '/profile.php', 0, '2026-05-22 03:22:47.970868', '2026-06-01 21:23:57.044901'),
	(19, 14, 'badge', '🏅 Badge baru: All Rounder', 'Hadir di 3 jenis olahraga berbeda', '/profile.php', 0, '2026-05-22 09:29:51.433106', '2026-06-01 21:23:57.044901'),
	(29, 2, 'dm', '💬 Pesan baru dari Dani', 'tes tes', '/dm.php?u=4', 1, '2026-05-24 16:47:46.618028', '2026-06-01 21:23:57.044901'),
	(28, 2, 'dm', '💬 Pesan baru dari Dani', 'kang', '/dm.php?u=4', 1, '2026-05-24 16:45:56.151978', '2026-06-01 21:23:57.044901'),
	(25, 2, 'titip_pesan_reply', '↩️ Dani membalas pesanmu', 'Siapp sudah masuk, makasih kang', '/user.php?id=4#titip-pesan', 1, '2026-05-24 13:55:11.808257', '2026-06-01 21:23:57.044901'),
	(22, 2, 'badge', '🏅 Badge baru: Rajin 4 Minggu', 'Hadir 4 minggu berturut-turut', '/profile.php', 1, '2026-05-23 16:27:31.593629', '2026-06-01 21:23:57.044901'),
	(17, 2, 'booking', 'Booking dibuat', 'Lapangan #3, 2026-05-23 16:00-18:00 (DP belum dibayar)', '/tempat.php', 1, '2026-05-22 00:45:14.401911', '2026-06-01 21:23:57.044901'),
	(16, 2, 'badge', '🏅 Badge baru: All Rounder', 'Hadir di 3 jenis olahraga berbeda', '/profile.php', 1, '2026-05-22 00:37:28.326276', '2026-06-01 21:23:57.044901'),
	(1, 2, 'event', '🏆 Event baru: Lomba Badminton', 'Daftar sekarang di menu Event.', '/event.php?id=1', 1, '2026-05-22 00:27:56.680877', '2026-06-01 21:23:57.044901'),
	(32, 17, 'event', '🎉 Event baru: Nyate Bersama Idul Adha 1447 H', 'Detail di menu Event.', '/event.php?id=2', 0, '2026-05-29 14:58:54.206067', '2026-06-01 21:23:57.044901'),
	(33, 16, 'event', '🎉 Event baru: Nyate Bersama Idul Adha 1447 H', 'Detail di menu Event.', '/event.php?id=2', 0, '2026-05-29 14:58:54.245251', '2026-06-01 21:23:57.044901'),
	(34, 8, 'event', '🎉 Event baru: Nyate Bersama Idul Adha 1447 H', 'Detail di menu Event.', '/event.php?id=2', 0, '2026-05-29 14:58:54.284508', '2026-06-01 21:23:57.044901'),
	(35, 9, 'event', '🎉 Event baru: Nyate Bersama Idul Adha 1447 H', 'Detail di menu Event.', '/event.php?id=2', 0, '2026-05-29 14:58:54.326161', '2026-06-01 21:23:57.044901'),
	(36, 14, 'event', '🎉 Event baru: Nyate Bersama Idul Adha 1447 H', 'Detail di menu Event.', '/event.php?id=2', 0, '2026-05-29 14:58:54.365582', '2026-06-01 21:23:57.044901'),
	(38, 10, 'event', '🎉 Event baru: Nyate Bersama Idul Adha 1447 H', 'Detail di menu Event.', '/event.php?id=2', 0, '2026-05-29 14:58:54.443708', '2026-06-01 21:23:57.044901'),
	(40, 13, 'event', '🎉 Event baru: Nyate Bersama Idul Adha 1447 H', 'Detail di menu Event.', '/event.php?id=2', 0, '2026-05-29 14:58:54.52263', '2026-06-01 21:23:57.044901'),
	(41, 15, 'event', '🎉 Event baru: Nyate Bersama Idul Adha 1447 H', 'Detail di menu Event.', '/event.php?id=2', 0, '2026-05-29 14:58:54.56162', '2026-06-01 21:23:57.044901'),
	(43, 6, 'event', '🎉 Event baru: Nyate Bersama Idul Adha 1447 H', 'Detail di menu Event.', '/event.php?id=2', 0, '2026-05-29 14:58:54.640076', '2026-06-01 21:23:57.044901'),
	(44, 7, 'event', '🎉 Event baru: Nyate Bersama Idul Adha 1447 H', 'Detail di menu Event.', '/event.php?id=2', 0, '2026-05-29 14:58:54.679285', '2026-06-01 21:23:57.044901'),
	(45, 11, 'event', '🎉 Event baru: Nyate Bersama Idul Adha 1447 H', 'Detail di menu Event.', '/event.php?id=2', 0, '2026-05-29 14:58:54.718433', '2026-06-01 21:23:57.044901'),
	(46, 5, 'event', '🎉 Event baru: Nyate Bersama Idul Adha 1447 H', 'Detail di menu Event.', '/event.php?id=2', 0, '2026-05-29 14:58:54.757476', '2026-06-01 21:23:57.044901'),
	(39, 20, 'event', '🎉 Event baru: Nyate Bersama Idul Adha 1447 H', 'Detail di menu Event.', '/event.php?id=2', 1, '2026-05-29 14:58:54.48276', '2026-06-01 21:23:57.044901'),
	(47, 20, 'dm', '💬 Pesan baru dari Firdam', 'Assalamualaikum', '/dm.php?u=2', 0, '2026-05-29 16:11:04.015005', '2026-06-01 21:23:57.044901'),
	(48, 16, 'titip_pesan', '💌 Titip pesan baru dari Firdam', '💪 Tetap Semangat', '/user.php?id=16#titip-pesan', 0, '2026-05-29 17:07:20.677133', '2026-06-01 21:23:57.044901'),
	(10, 3, 'event', '🏆 Event baru: Lomba Badminton', 'Daftar sekarang di menu Event.', '/event.php?id=1', 1, '2026-05-22 00:27:57.0456', '2026-06-01 21:23:57.044901'),
	(21, 3, 'badge', '🏅 Badge baru: All Rounder', 'Hadir di 3 jenis olahraga berbeda', '/profile.php', 1, '2026-05-23 09:18:05.260227', '2026-06-01 21:23:57.044901'),
	(27, 3, 'badge', '🏅 Badge baru: Rajin 4 Minggu', 'Hadir 4 minggu berturut-turut', '/profile.php', 1, '2026-05-24 15:37:52.588805', '2026-06-01 21:23:57.044901'),
	(37, 3, 'event', '🎉 Event baru: Nyate Bersama Idul Adha 1447 H', 'Detail di menu Event.', '/event.php?id=2', 1, '2026-05-29 14:58:54.404635', '2026-06-01 21:23:57.044901'),
	(49, 3, 'event', 'Pendaftaran event berhasil', 'Anda terdaftar di event #2', '/event.php?id=2', 1, '2026-05-31 16:33:14.282903', '2026-06-01 21:23:57.044901'),
	(42, 2, 'event', '🎉 Event baru: Nyate Bersama Idul Adha 1447 H', 'Detail di menu Event.', '/event.php?id=2', 1, '2026-05-29 14:58:54.600808', '2026-06-01 21:23:57.044901'),
	(54, 2, 'dm', '💬 Pesan baru dari Dani', 'Tes', '/dm.php?u=4', 1, '2026-06-01 00:13:11.006352', '2026-06-01 21:23:57.044901'),
	(55, 2, 'dm', '💬 Pesan baru dari Dani', 'Euy', '/dm.php?u=4', 1, '2026-06-01 00:13:30.441056', '2026-06-01 21:23:57.044901'),
	(20, 4, 'badge', '🏅 Badge baru: All Rounder', 'Hadir di 3 jenis olahraga berbeda', '/profile.php', 1, '2026-05-22 10:34:05.881776', '2026-06-01 21:23:57.044901'),
	(2, 4, 'event', '🏆 Event baru: Lomba Badminton', 'Daftar sekarang di menu Event.', '/event.php?id=1', 1, '2026-05-22 00:27:56.72524', '2026-06-01 21:23:57.044901'),
	(23, 4, 'titip_pesan', '💌 Titip pesan baru dari Firdam', 'Sudah dikirim sisa dp modul 1 ya dan', '/user.php?id=4#titip-pesan', 1, '2026-05-24 13:44:59.686455', '2026-06-01 21:23:57.044901'),
	(24, 4, 'badge', '🏅 Badge baru: Rajin 4 Minggu', 'Hadir 4 minggu berturut-turut', '/profile.php', 1, '2026-05-24 13:54:15.697312', '2026-06-01 21:23:57.044901'),
	(26, 4, 'titip_pesan', '💌 Titip pesan baru dari Firdam', 'Okay', '/user.php?id=4#titip-pesan', 1, '2026-05-24 14:05:36.654331', '2026-06-01 21:23:57.044901'),
	(50, 4, 'dm', '💬 Pesan baru dari Firdam', 'Tes', '/dm.php?u=2', 1, '2026-06-01 00:12:11.93225', '2026-06-01 21:23:57.044901'),
	(31, 4, 'event', '🎉 Event baru: Nyate Bersama Idul Adha 1447 H', 'Detail di menu Event.', '/event.php?id=2', 1, '2026-05-29 14:58:54.166954', '2026-06-01 21:23:57.044901'),
	(51, 4, 'dm', '💬 Pesan baru dari Firdam', 'Tes', '/dm.php?u=2', 1, '2026-06-01 00:12:20.653809', '2026-06-01 21:23:57.044901'),
	(52, 4, 'dm', '💬 Pesan baru dari Firdam', 'Dan', '/dm.php?u=2', 1, '2026-06-01 00:12:38.298878', '2026-06-01 21:23:57.044901'),
	(53, 4, 'dm', '💬 Pesan baru dari Firdam', 'Dan', '/dm.php?u=2', 1, '2026-06-01 00:12:43.915597', '2026-06-01 21:23:57.044901'),
	(84, 4, 'dm', '💬 Pesan baru dari Firdam', 'Ada di menu input absensi', '/dm.php?u=2', 0, '2026-06-02 20:21:10.06544', '2026-06-02 20:21:10.06544'),
	(83, 2, 'dm', '💬 Pesan baru dari Dani', 'Cara nambah absen buat ekstern gimana kang?', '/dm.php?u=4', 1, '2026-06-02 13:28:25.269817', '2026-06-02 13:28:25.269817');
/*!40000 ALTER TABLE "notifications" ENABLE KEYS */;

-- Dumping structure for table public.pengeluaran_kegiatan
CREATE TABLE IF NOT EXISTS "pengeluaran_kegiatan" (
	"id" INTEGER NOT NULL DEFAULT 'nextval(''pengeluaran_kegiatan_id_seq''::regclass)',
	"jadwal_id" INTEGER NULL DEFAULT NULL,
	"tanggal" DATE NOT NULL DEFAULT 'CURRENT_DATE',
	"kategori" VARCHAR(60) NULL DEFAULT NULL,
	"judul" VARCHAR(200) NOT NULL,
	"jumlah" BIGINT NOT NULL DEFAULT '0',
	"catatan" TEXT NULL DEFAULT NULL,
	"bukti_url" TEXT NULL DEFAULT NULL,
	"created_by" INTEGER NULL DEFAULT NULL,
	"created_at" TIMESTAMP NOT NULL DEFAULT 'now()',
	PRIMARY KEY ("id"),
	CONSTRAINT "pengeluaran_kegiatan_jadwal_id_fkey" FOREIGN KEY ("jadwal_id") REFERENCES "jadwal" ("id") ON UPDATE NO ACTION ON DELETE SET NULL,
	CONSTRAINT "pengeluaran_kegiatan_created_by_fkey" FOREIGN KEY ("created_by") REFERENCES "users" ("id") ON UPDATE NO ACTION ON DELETE SET NULL
);

-- Dumping data for table public.pengeluaran_kegiatan: -1 rows
/*!40000 ALTER TABLE "pengeluaran_kegiatan" DISABLE KEYS */;
INSERT INTO "pengeluaran_kegiatan" ("id", "jadwal_id", "tanggal", "kategori", "judul", "jumlah", "catatan", "bukti_url", "created_by", "created_at") VALUES
	(1, 6, '2026-05-23', NULL, 'Sewa Lapang 2 Jam dan Konsumsi', 76000, 'Tidak ada', NULL, 2, '2026-05-30 15:06:08.76388'),
	(3, 1, '2026-04-16', 'Konsumsi', 'Konsumsi', 32000, 'Dani Rifat', NULL, 2, '2026-05-30 15:12:35.797556'),
	(4, 2, '2026-04-22', NULL, 'Sewa Lapang 2 Jam dan Konsumsi', 70000, 'Tidak ada', NULL, 2, '2026-05-30 15:13:20.984815'),
	(5, 5, '2026-05-17', '-', 'Sewa Lapang 2 Jam dan Konsumsi', 55000, 'Tidak ada', NULL, 2, '2026-06-01 22:50:44.855311'),
	(6, 8, '2026-06-02', 'Sewa Lapang', 'Sewa Lapang 2 Jam', 50000, 'Dr Firdam', NULL, 2, '2026-06-02 20:24:50.167984'),
	(7, 8, '2026-06-02', 'Shuttlecock', 'Kok Badminton 1', 10000, 'Dari rifat', NULL, 2, '2026-06-02 20:25:38.08549'),
	(8, 8, '2026-06-02', 'Konsumsi Mie Ayam', 'Mie Ayam Pujas Gor Gaza', 96000, 'Dari Firdam 50 + Aziz 46 (12.000 satu porsi)', NULL, 2, '2026-06-02 20:26:51.364726'),
	(9, 3, '2026-06-02', 'Konsumsi', 'Snack Snack', 35000, 'Dari Rifat', NULL, 2, '2026-06-02 20:29:08.646703');
/*!40000 ALTER TABLE "pengeluaran_kegiatan" ENABLE KEYS */;

-- Dumping structure for table public.posts
CREATE TABLE IF NOT EXISTS "posts" (
	"id" INTEGER NOT NULL DEFAULT 'nextval(''posts_id_seq''::regclass)',
	"user_id" INTEGER NOT NULL,
	"caption" TEXT NULL DEFAULT NULL,
	"foto_url" TEXT NULL DEFAULT NULL,
	"jenis" VARCHAR(30) NULL DEFAULT 'post',
	"expired_at" TIMESTAMP NULL DEFAULT NULL,
	"created_at" TIMESTAMP NOT NULL DEFAULT 'now()',
	"repost_of" INTEGER NULL DEFAULT NULL,
	PRIMARY KEY ("id"),
	INDEX "posts_created_idx" ("created_at"),
	INDEX "posts_repost_idx" ("repost_of"),
	CONSTRAINT "posts_repost_of_fkey" FOREIGN KEY ("repost_of") REFERENCES "posts" ("id") ON UPDATE NO ACTION ON DELETE SET NULL,
	CONSTRAINT "posts_user_id_fkey" FOREIGN KEY ("user_id") REFERENCES "users" ("id") ON UPDATE NO ACTION ON DELETE CASCADE
);

-- Dumping data for table public.posts: 13 rows
/*!40000 ALTER TABLE "posts" DISABLE KEYS */;
INSERT INTO "posts" ("id", "user_id", "caption", "foto_url", "jenis", "expired_at", "created_at", "repost_of") VALUES
	(5, 2, 'tes', '/uploads/post_d2dce7a2a089a7d9.jpg', 'story', '2026-05-23 03:53:03.596651', '2026-05-22 03:53:03.596651', NULL),
	(8, 2, 'Qurban moal?', NULL, 'story', '2026-05-23 05:00:49.909346', '2026-05-22 05:00:49.909346', NULL),
	(10, 2, 'tes b', '/uploads/post_37cbf90924ba9b51.jpg', 'story', '2026-05-23 05:23:01.584754', '2026-05-22 05:23:01.584754', NULL),
	(12, 2, 'Dimana ini?', 'uploads/post_2098d5361db54699.jpg', 'story', '2026-05-23 05:28:20.343507', '2026-05-22 05:28:20.343507', NULL),
	(20, 2, 'Hiking Zaman doloe...', 'https://ik.imagekit.io/ahsansur/sportapp/social/May_2026/Firdam-story-1779493421-2b6b42d2_AEpezqZSR.jpg', 'story', '2026-05-24 06:43:42.642329', '2026-05-23 06:43:42.642329', NULL),
	(21, 2, 'Hati2, jalanan macet penuh dengan persib', 'https://ik.imagekit.io/ahsansur/sportapp/social/May_2026/Firdam-story-1779547426-900d5ed9_c4S84uqK_.jpg', 'story', '2026-05-24 21:43:48.245773', '2026-05-23 21:43:48.245773', NULL),
	(22, 2, 'Qurban moal', 'https://ik.imagekit.io/ahsansur/sportapp/social/May_2026/Firdam-post-1779547507-7ed5637f_9n8arlV51.jpg', 'post', NULL, '2026-05-23 21:45:08.625407', NULL),
	(23, 2, 'Climate Funding', 'https://ik.imagekit.io/ahsansur/sportapp/social/May_2026/Firdam-post-1779547596-1e76b6d1_9wtvJIxFg.jpg', 'post', NULL, '2026-05-23 21:46:38.411556', NULL),
	(25, 4, 'Ngingetan wee...(keur simkuring oge😁)', 'https://ik.imagekit.io/ahsansur/sportapp/social/May_2026/Dani-story-1779605908-2204a5fa_kUSGEz6lb.jpg', 'story', '2026-05-25 13:58:30.336405', '2026-05-24 13:58:30.336405', NULL),
	(28, 2, 'Domba terkini', 'https://ik.imagekit.io/ahsansur/sportapp/social/May_2026/Firdam-story-1779768993-21dc48d4_XPYhdHH33.jpg', 'story', '2026-05-27 11:16:35.636885', '2026-05-26 11:16:35.636885', NULL),
	(29, 3, '', 'https://ik.imagekit.io/ahsansur/sportapp/social/May_2026/Rifat-story-1779770124-f0e41a1d_1a1BS0Fet.jpg', 'story', '2026-05-27 11:35:26.013084', '2026-05-26 11:35:26.013084', NULL),
	(32, 2, 'Antara fakta dan opini', 'https://ik.imagekit.io/ahsansur/sportapp/social/May_2026/Firdam-post-1780049475-cedee336_wPxDCJpb-.jpg', 'post', NULL, '2026-05-29 17:11:17.421259', NULL),
	(33, 4, 'Konspirasi or Fakta?', 'https://ik.imagekit.io/ahsansur/sportapp/social/June_2026/Dani-post-1780327470-21d51df0_gVR0VWdgw.jpg', 'post', NULL, '2026-06-01 22:24:32.328472', NULL);
/*!40000 ALTER TABLE "posts" ENABLE KEYS */;

-- Dumping structure for table public.post_bookmarks
CREATE TABLE IF NOT EXISTS "post_bookmarks" (
	"user_id" INTEGER NOT NULL,
	"post_id" INTEGER NOT NULL,
	"created_at" TIMESTAMP NOT NULL DEFAULT 'now()',
	PRIMARY KEY ("user_id", "post_id"),
	CONSTRAINT "post_bookmarks_post_id_fkey" FOREIGN KEY ("post_id") REFERENCES "posts" ("id") ON UPDATE NO ACTION ON DELETE CASCADE,
	CONSTRAINT "post_bookmarks_user_id_fkey" FOREIGN KEY ("user_id") REFERENCES "users" ("id") ON UPDATE NO ACTION ON DELETE CASCADE
);

-- Dumping data for table public.post_bookmarks: -1 rows
/*!40000 ALTER TABLE "post_bookmarks" DISABLE KEYS */;
INSERT INTO "post_bookmarks" ("user_id", "post_id", "created_at") VALUES
	(4, 33, '2026-06-02 11:30:17.935851');
/*!40000 ALTER TABLE "post_bookmarks" ENABLE KEYS */;

-- Dumping structure for table public.post_comments
CREATE TABLE IF NOT EXISTS "post_comments" (
	"id" INTEGER NOT NULL DEFAULT 'nextval(''post_comments_id_seq''::regclass)',
	"post_id" INTEGER NOT NULL,
	"user_id" INTEGER NOT NULL,
	"isi" TEXT NOT NULL,
	"created_at" TIMESTAMP NOT NULL DEFAULT 'now()',
	PRIMARY KEY ("id"),
	CONSTRAINT "post_comments_post_id_fkey" FOREIGN KEY ("post_id") REFERENCES "posts" ("id") ON UPDATE NO ACTION ON DELETE CASCADE,
	CONSTRAINT "post_comments_user_id_fkey" FOREIGN KEY ("user_id") REFERENCES "users" ("id") ON UPDATE NO ACTION ON DELETE CASCADE
);

-- Dumping data for table public.post_comments: -1 rows
/*!40000 ALTER TABLE "post_comments" DISABLE KEYS */;
INSERT INTO "post_comments" ("id", "post_id", "user_id", "isi", "created_at") VALUES
	(10, 32, 15, 'Sumber penghasilan zionis', '2026-05-30 09:58:40.957355'),
	(11, 32, 2, 'Tru', '2026-05-30 10:31:45.242195'),
	(12, 32, 2, '🍺', '2026-05-30 10:32:06.204291'),
	(13, 33, 2, 'Dunia terasa luas', '2026-06-01 22:29:29.316883');
/*!40000 ALTER TABLE "post_comments" ENABLE KEYS */;

-- Dumping structure for table public.post_hashtags
CREATE TABLE IF NOT EXISTS "post_hashtags" (
	"post_id" INTEGER NOT NULL,
	"tag" VARCHAR(64) NOT NULL,
	PRIMARY KEY ("post_id", "tag"),
	INDEX "post_hashtags_tag_idx" ("tag"),
	CONSTRAINT "post_hashtags_post_id_fkey" FOREIGN KEY ("post_id") REFERENCES "posts" ("id") ON UPDATE NO ACTION ON DELETE CASCADE
);

-- Dumping data for table public.post_hashtags: -1 rows
/*!40000 ALTER TABLE "post_hashtags" DISABLE KEYS */;
/*!40000 ALTER TABLE "post_hashtags" ENABLE KEYS */;

-- Dumping structure for table public.post_likes
CREATE TABLE IF NOT EXISTS "post_likes" (
	"post_id" INTEGER NOT NULL,
	"user_id" INTEGER NOT NULL,
	"created_at" TIMESTAMP NOT NULL DEFAULT 'now()',
	PRIMARY KEY ("post_id", "user_id"),
	CONSTRAINT "post_likes_post_id_fkey" FOREIGN KEY ("post_id") REFERENCES "posts" ("id") ON UPDATE NO ACTION ON DELETE CASCADE,
	CONSTRAINT "post_likes_user_id_fkey" FOREIGN KEY ("user_id") REFERENCES "users" ("id") ON UPDATE NO ACTION ON DELETE CASCADE
);

-- Dumping data for table public.post_likes: -1 rows
/*!40000 ALTER TABLE "post_likes" DISABLE KEYS */;
INSERT INTO "post_likes" ("post_id", "user_id", "created_at") VALUES
	(23, 2, '2026-05-24 17:51:28.688676'),
	(22, 2, '2026-05-24 21:27:42.950059'),
	(32, 2, '2026-05-29 17:11:38.556404'),
	(22, 15, '2026-05-30 09:59:06.795263'),
	(33, 2, '2026-06-01 22:29:52.872995'),
	(33, 4, '2026-06-02 11:30:23.159956');
/*!40000 ALTER TABLE "post_likes" ENABLE KEYS */;

-- Dumping structure for table public.post_mentions
CREATE TABLE IF NOT EXISTS "post_mentions" (
	"post_id" INTEGER NOT NULL,
	"user_id" INTEGER NOT NULL,
	PRIMARY KEY ("post_id", "user_id"),
	CONSTRAINT "post_mentions_post_id_fkey" FOREIGN KEY ("post_id") REFERENCES "posts" ("id") ON UPDATE NO ACTION ON DELETE CASCADE,
	CONSTRAINT "post_mentions_user_id_fkey" FOREIGN KEY ("user_id") REFERENCES "users" ("id") ON UPDATE NO ACTION ON DELETE CASCADE
);

-- Dumping data for table public.post_mentions: -1 rows
/*!40000 ALTER TABLE "post_mentions" DISABLE KEYS */;
/*!40000 ALTER TABLE "post_mentions" ENABLE KEYS */;

-- Dumping structure for table public.post_reports
CREATE TABLE IF NOT EXISTS "post_reports" (
	"id" BIGINT NOT NULL DEFAULT 'nextval(''post_reports_id_seq''::regclass)',
	"post_id" INTEGER NOT NULL,
	"reporter_id" INTEGER NOT NULL,
	"alasan" VARCHAR(60) NOT NULL,
	"catatan" TEXT NULL DEFAULT NULL,
	"status" VARCHAR(20) NOT NULL DEFAULT 'open',
	"created_at" TIMESTAMP NOT NULL DEFAULT 'now()',
	"resolved_at" TIMESTAMP NULL DEFAULT NULL,
	PRIMARY KEY ("id"),
	INDEX "post_reports_post_idx" ("post_id"),
	INDEX "post_reports_status_idx" ("status"),
	CONSTRAINT "post_reports_post_id_fkey" FOREIGN KEY ("post_id") REFERENCES "posts" ("id") ON UPDATE NO ACTION ON DELETE CASCADE,
	CONSTRAINT "post_reports_reporter_id_fkey" FOREIGN KEY ("reporter_id") REFERENCES "users" ("id") ON UPDATE NO ACTION ON DELETE CASCADE
);

-- Dumping data for table public.post_reports: -1 rows
/*!40000 ALTER TABLE "post_reports" DISABLE KEYS */;
/*!40000 ALTER TABLE "post_reports" ENABLE KEYS */;

-- Dumping structure for table public.post_views
CREATE TABLE IF NOT EXISTS "post_views" (
	"post_id" INTEGER NOT NULL,
	"user_id" INTEGER NOT NULL,
	"viewed_at" TIMESTAMP NOT NULL DEFAULT 'now()',
	PRIMARY KEY ("post_id", "user_id"),
	INDEX "post_views_post_idx" ("post_id", "viewed_at"),
	CONSTRAINT "post_views_post_id_fkey" FOREIGN KEY ("post_id") REFERENCES "posts" ("id") ON UPDATE NO ACTION ON DELETE CASCADE,
	CONSTRAINT "post_views_user_id_fkey" FOREIGN KEY ("user_id") REFERENCES "users" ("id") ON UPDATE NO ACTION ON DELETE CASCADE
);

-- Dumping data for table public.post_views: -1 rows
/*!40000 ALTER TABLE "post_views" DISABLE KEYS */;
INSERT INTO "post_views" ("post_id", "user_id", "viewed_at") VALUES
	(25, 3, '2026-05-24 16:44:50.2914'),
	(21, 3, '2026-05-24 16:45:06.41631'),
	(21, 2, '2026-05-24 16:53:01.202804'),
	(25, 2, '2026-05-24 16:53:15.55592'),
	(21, 14, '2026-05-24 19:46:01.157275'),
	(28, 2, '2026-05-26 11:17:00.071517'),
	(28, 3, '2026-05-26 11:36:11.94052'),
	(29, 16, '2026-05-26 11:40:20.585951'),
	(29, 14, '2026-05-26 11:40:33.125094'),
	(29, 2, '2026-05-26 15:41:05.828374');
/*!40000 ALTER TABLE "post_views" ENABLE KEYS */;

-- Dumping structure for table public.push_seen
CREATE TABLE IF NOT EXISTS "push_seen" (
	"user_id" INTEGER NOT NULL,
	"last_notif_id" INTEGER NOT NULL DEFAULT '0',
	"updated_at" TIMESTAMP NOT NULL DEFAULT 'now()',
	PRIMARY KEY ("user_id"),
	CONSTRAINT "push_seen_user_id_fkey" FOREIGN KEY ("user_id") REFERENCES "users" ("id") ON UPDATE NO ACTION ON DELETE CASCADE
);

-- Dumping data for table public.push_seen: -1 rows
/*!40000 ALTER TABLE "push_seen" DISABLE KEYS */;
INSERT INTO "push_seen" ("user_id", "last_notif_id", "updated_at") VALUES
	(15, 11, '2026-05-23 21:18:51.120847'),
	(20, 39, '2026-05-29 15:55:47.827124'),
	(16, 48, '2026-05-29 17:08:18.241245'),
	(14, 36, '2026-05-29 17:24:39.25911'),
	(3, 49, '2026-05-31 16:33:17.857761'),
	(4, 53, '2026-06-01 12:37:59.287488'),
	(6, 43, '2026-06-01 22:12:15.742673'),
	(11, 45, '2026-06-02 17:44:08.742823'),
	(2, 83, '2026-06-02 20:03:33.699035');
/*!40000 ALTER TABLE "push_seen" ENABLE KEYS */;

-- Dumping structure for table public.qr_tokens
CREATE TABLE IF NOT EXISTS "qr_tokens" (
	"id" INTEGER NOT NULL DEFAULT 'nextval(''qr_tokens_id_seq''::regclass)',
	"jadwal_id" INTEGER NOT NULL,
	"token" TEXT NOT NULL,
	"valid_from" TIMESTAMP NOT NULL DEFAULT 'now()',
	"valid_until" TIMESTAMP NOT NULL DEFAULT '(now() + ''03:00:00''::interval)',
	"lat" DOUBLE PRECISION NULL DEFAULT NULL,
	"lng" DOUBLE PRECISION NULL DEFAULT NULL,
	"radius_meter" INTEGER NULL DEFAULT '150',
	"created_at" TIMESTAMP NOT NULL DEFAULT 'now()',
	PRIMARY KEY ("id"),
	UNIQUE INDEX "qr_tokens_token_key" ("token"),
	CONSTRAINT "qr_tokens_jadwal_id_fkey" FOREIGN KEY ("jadwal_id") REFERENCES "jadwal" ("id") ON UPDATE NO ACTION ON DELETE CASCADE
);

-- Dumping data for table public.qr_tokens: -1 rows
/*!40000 ALTER TABLE "qr_tokens" DISABLE KEYS */;
INSERT INTO "qr_tokens" ("id", "jadwal_id", "token", "valid_from", "valid_until", "lat", "lng", "radius_meter", "created_at") VALUES
	(5, 6, 'cd37adec1cf2590065502b658ecf499d', '2026-05-23 05:49:08.58788', '2026-05-24 05:49:08.58788', -6.930473, 107.731552, 150, '2026-05-23 05:49:08.58788');
/*!40000 ALTER TABLE "qr_tokens" ENABLE KEYS */;

-- Dumping structure for table public.quran_bookmarks
CREATE TABLE IF NOT EXISTS "quran_bookmarks" (
	"id" INTEGER NOT NULL DEFAULT 'nextval(''quran_bookmarks_id_seq''::regclass)',
	"user_id" INTEGER NOT NULL,
	"surah" INTEGER NOT NULL,
	"ayat" INTEGER NOT NULL,
	"catatan" TEXT NULL DEFAULT NULL,
	"created_at" TIMESTAMP NOT NULL DEFAULT 'now()',
	PRIMARY KEY ("id"),
	UNIQUE INDEX "quran_bookmarks_user_id_surah_ayat_key" ("user_id", "surah", "ayat"),
	CONSTRAINT "quran_bookmarks_user_id_fkey" FOREIGN KEY ("user_id") REFERENCES "users" ("id") ON UPDATE NO ACTION ON DELETE CASCADE
);

-- Dumping data for table public.quran_bookmarks: -1 rows
/*!40000 ALTER TABLE "quran_bookmarks" DISABLE KEYS */;
INSERT INTO "quran_bookmarks" ("id", "user_id", "surah", "ayat", "catatan", "created_at") VALUES
	(1, 2, 2, 5, '', '2026-05-24 00:36:28.512328'),
	(7, 2, 60, 12, '', '2026-05-24 10:24:33.534955');
/*!40000 ALTER TABLE "quran_bookmarks" ENABLE KEYS */;

-- Dumping structure for table public.quran_last_read
CREATE TABLE IF NOT EXISTS "quran_last_read" (
	"user_id" INTEGER NOT NULL,
	"surah" INTEGER NOT NULL,
	"ayat" INTEGER NOT NULL,
	"updated_at" TIMESTAMP NOT NULL DEFAULT 'now()',
	PRIMARY KEY ("user_id"),
	CONSTRAINT "quran_last_read_user_id_fkey" FOREIGN KEY ("user_id") REFERENCES "users" ("id") ON UPDATE NO ACTION ON DELETE CASCADE
);

-- Dumping data for table public.quran_last_read: -1 rows
/*!40000 ALTER TABLE "quran_last_read" DISABLE KEYS */;
INSERT INTO "quran_last_read" ("user_id", "surah", "ayat", "updated_at") VALUES
	(2, 60, 12, '2026-05-24 10:24:35.592169');
/*!40000 ALTER TABLE "quran_last_read" ENABLE KEYS */;

-- Dumping structure for table public.rate_limit
CREATE TABLE IF NOT EXISTS "rate_limit" (
	"bucket" VARCHAR(120) NOT NULL,
	"ts" TIMESTAMP NOT NULL DEFAULT 'now()',
	INDEX "rl_idx" ("bucket", "ts")
);

-- Dumping data for table public.rate_limit: 1 rows
/*!40000 ALTER TABLE "rate_limit" DISABLE KEYS */;
INSERT INTO "rate_limit" ("bucket", "ts") VALUES
	('login:::1', '2026-06-03 06:34:58.759303'),
	('run_start:2', '2026-06-03 06:35:28.801996');
/*!40000 ALTER TABLE "rate_limit" ENABLE KEYS */;

-- Dumping structure for table public.referal_codes
CREATE TABLE IF NOT EXISTS "referal_codes" (
	"id" INTEGER NOT NULL DEFAULT 'nextval(''referal_codes_id_seq''::regclass)',
	"kode" VARCHAR(32) NOT NULL,
	"deskripsi" TEXT NULL DEFAULT NULL,
	"aktif" SMALLINT NOT NULL DEFAULT '1',
	"max_pakai" INTEGER NULL DEFAULT NULL,
	"jumlah_terpakai" INTEGER NOT NULL DEFAULT '0',
	"dibuat_oleh" INTEGER NULL DEFAULT NULL,
	"expired_at" DATE NULL DEFAULT NULL,
	"created_at" TIMESTAMP NOT NULL DEFAULT 'now()',
	PRIMARY KEY ("id"),
	UNIQUE INDEX "referal_codes_kode_key" ("kode"),
	CONSTRAINT "referal_codes_dibuat_oleh_fkey" FOREIGN KEY ("dibuat_oleh") REFERENCES "users" ("id") ON UPDATE NO ACTION ON DELETE SET NULL
);

-- Dumping data for table public.referal_codes: -1 rows
/*!40000 ALTER TABLE "referal_codes" DISABLE KEYS */;
INSERT INTO "referal_codes" ("id", "kode", "deskripsi", "aktif", "max_pakai", "jumlah_terpakai", "dibuat_oleh", "expired_at", "created_at") VALUES
	(1, 'HAPFAM2211', '', 1, 5, 1, 2, '2026-05-24', '2026-05-23 23:46:16.842891');
/*!40000 ALTER TABLE "referal_codes" ENABLE KEYS */;

-- Dumping structure for table public.run_points
CREATE TABLE IF NOT EXISTS "run_points" (
	"id" BIGINT NOT NULL DEFAULT 'nextval(''run_points_id_seq''::regclass)',
	"session_id" BIGINT NOT NULL,
	"lat" DOUBLE PRECISION NOT NULL,
	"lng" DOUBLE PRECISION NOT NULL,
	"ts" TIMESTAMP NOT NULL DEFAULT 'now()',
	"speed_mps" DOUBLE PRECISION NULL DEFAULT NULL,
	"accuracy_m" DOUBLE PRECISION NULL DEFAULT NULL,
	PRIMARY KEY ("id"),
	INDEX "run_points_sess_idx" ("session_id", "ts"),
	CONSTRAINT "run_points_session_id_fkey" FOREIGN KEY ("session_id") REFERENCES "run_sessions" ("id") ON UPDATE NO ACTION ON DELETE CASCADE
);

-- Dumping data for table public.run_points: 1.113 rows
/*!40000 ALTER TABLE "run_points" DISABLE KEYS */;
INSERT INTO "run_points" ("id", "session_id", "lat", "lng", "ts", "speed_mps", "accuracy_m") VALUES
	(127, 6, -6.9255173, 107.7295209, '2026-05-30 10:44:35.938352', NULL, 87.599998474121),
	(129, 6, -6.9255058, 107.7295288, '2026-05-30 10:44:40.177433', NULL, 90.593002319336),
	(131, 6, -6.9252733, 107.7295367, '2026-05-30 10:44:42.154036', 0.66965359449387, 9.1499996185303),
	(133, 6, -6.925285, 107.7294567, '2026-05-30 10:44:45.096591', 0.35618779063225, 8.3249998092651),
	(135, 6, -6.9252817, 107.7294517, '2026-05-30 10:44:46.872885', 0.34795221686363, 7.7160000801086),
	(137, 6, -6.9253033, 107.7294867, '2026-05-30 10:44:48.661672', 0.22338944673538, 6.6139998435974),
	(139, 6, -6.925325, 107.729495, '2026-05-30 10:44:51.562307', 0.18272638320923, 4.539999961853),
	(141, 6, -6.92534, 107.729495, '2026-05-30 10:44:54.442146', 0.34743750095367, 3.460000038147),
	(143, 6, -6.9253417, 107.72949, '2026-05-30 10:44:56.544983', 0.33302527666092, 3.1500000953674),
	(145, 6, -6.925345, 107.7294833, '2026-05-30 10:44:58.329204', 0.24964027106762, 2.8710000514984),
	(147, 6, -6.925345, 107.72948, '2026-05-30 10:45:00.126861', NULL, 2.7139999866486),
	(149, 6, -6.9253433, 107.7294817, '2026-05-30 10:45:03.285486', 0.31037750840187, 2.5659999847412),
	(151, 6, -6.9253483, 107.72949, '2026-05-30 10:45:05.383223', 0.2877297103405, 2.5160000324249),
	(153, 6, -6.92535, 107.729495, '2026-05-30 10:45:07.48071', 0.27640584111214, 2.4660000801086),
	(155, 6, -6.9254283, 107.7295067, '2026-05-30 10:45:12.841479', NULL, 4.3000001907349),
	(157, 6, -6.9254283, 107.7295067, '2026-05-30 10:45:17.177598', NULL, 4.2329998016357),
	(159, 6, -6.92543, 107.7294933, '2026-05-30 10:45:19.257396', NULL, 4.2399997711182),
	(161, 6, -6.92535, 107.729505, '2026-05-30 10:45:21.053828', NULL, 4.2709999084473),
	(163, 6, -6.9253883, 107.7295083, '2026-05-30 10:45:22.838226', 0.36390861868858, 4.1849999427795),
	(165, 6, -6.92541, 107.7295083, '2026-05-30 10:45:24.619978', 0.16265222430229, 3.7660000324249),
	(167, 6, -6.9254033, 107.729505, '2026-05-30 10:45:26.398274', 0.33456945419312, 3.2160000801086),
	(169, 6, -6.9254, 107.7294967, '2026-05-30 10:45:28.463876', NULL, 2.9830000400543),
	(171, 6, -6.9253933, 107.7294783, '2026-05-30 10:45:30.264453', 0.35567304491997, 2.7400000095367),
	(173, 6, -6.9253983, 107.7294917, '2026-05-30 10:45:32.072051', 0.37832084298134, 2.460000038147),
	(175, 6, -6.9254017, 107.7294883, '2026-05-30 10:45:35.721617', 0.13382777571678, 2.3199999332428),
	(177, 6, -6.9254083, 107.72948, '2026-05-30 10:45:37.81095', 0.830246925354, 2.2200000286102),
	(179, 6, -6.9254283, 107.7294633, '2026-05-30 10:45:40.43384', 0.59707778692245, 2.1159999370575),
	(181, 6, -6.9254283, 107.729455, '2026-05-30 10:45:42.228896', 0.64649111032486, 1.9830000400543),
	(183, 6, -6.9254383, 107.7294467, '2026-05-30 10:45:44.011259', 0.64185863733292, 1.8999999761581),
	(185, 6, -6.9254383, 107.7294383, '2026-05-30 10:45:45.818782', 0.63619667291641, 1.8830000162125),
	(187, 6, -6.9254483, 107.7294383, '2026-05-30 10:45:47.927159', 0.60222500562668, 1.8830000162125),
	(189, 6, -6.925455, 107.729445, '2026-05-30 10:45:51.053149', 0.39993917942047, 1.8500000238419),
	(191, 6, -6.9254533, 107.7294417, '2026-05-30 10:45:52.866499', 0.33456945419312, 1.7829999923706),
	(193, 6, -6.9254517, 107.72943, '2026-05-30 10:45:54.635142', 0.37008526921272, 1.7159999608994),
	(195, 6, -6.92545, 107.7294133, '2026-05-30 10:45:57.261796', 0.50597196817398, 1.6829999685287),
	(197, 6, -6.92544, 107.7293967, '2026-05-30 10:45:59.036066', 0.65935915708542, 1.6829999685287),
	(199, 6, -6.925435, 107.7293783, '2026-05-30 10:46:00.846148', 0.90076386928558, 1.75),
	(201, 6, -6.925425, 107.72936, '2026-05-30 10:46:02.636739', 1.1164325475693, 1.7829999923706),
	(203, 6, -6.9254133, 107.7293483, '2026-05-30 10:46:05.225352', 1.2461425065994, 1.8159999847412),
	(205, 6, -6.925405, 107.7293333, '2026-05-30 10:46:08.325928', 1.2574664354324, 1.7999999523163),
	(207, 6, -6.9253933, 107.7293183, '2026-05-30 10:46:10.109763', 1.2121708393097, 1.7999999523163),
	(209, 6, -6.9253817, 107.7292967, '2026-05-30 10:46:12.168538', 1.1648163795471, 1.7999999523163),
	(211, 6, -6.9253667, 107.7292783, '2026-05-30 10:46:14.086638', 1.1344478130341, 1.7999999523163),
	(213, 6, -6.9253687, 107.7292739, '2026-05-30 10:46:15.973544', 0.99545580148697, 1.8329999446869),
	(215, 6, -6.9253754, 107.7292641, '2026-05-30 10:46:19.139909', 0.9011812210083, 1.8500000238419),
	(217, 6, -6.9253877, 107.7292533, '2026-05-30 10:46:20.92514', 0.84639430046082, 1.8830000162125),
	(219, 6, -6.9254078, 107.7292337, '2026-05-30 10:46:24.421421', 0.8259471654892, 1.8999999761581),
	(221, 6, -6.9254185, 107.7292195, '2026-05-30 10:46:26.197723', 0.73102736473083, 1.9329999685287),
	(223, 6, -6.9254295, 107.7292082, '2026-05-30 10:46:29.05807', 0.78126865625381, 1.9500000476837),
	(225, 6, -6.9254422, 107.729191, '2026-05-30 10:46:31.169596', 0.8253430724144, 1.9500000476837),
	(227, 6, -6.9254546, 107.7291716, '2026-05-30 10:46:33.282824', 0.86824727058411, 1.9329999685287),
	(229, 6, -6.9254708, 107.7291603, '2026-05-30 10:46:35.074769', 0.88280153274536, 1.9160000085831),
	(231, 6, -6.9254922, 107.7291537, '2026-05-30 10:46:36.859992', 0.94165766239166, 1.8999999761581),
	(233, 6, -6.9255124, 107.7291476, '2026-05-30 10:46:39.271451', 0.98291897773743, 1.8830000162125),
	(235, 6, -6.9255341, 107.7291429, '2026-05-30 10:46:43.209755', 1.0130550861359, 1.8500000238419),
	(237, 6, -6.9255517, 107.7291403, '2026-05-30 10:46:45.003655', 0.96062403917313, 1.8159999847412),
	(239, 6, -6.9255686, 107.7291489, '2026-05-30 10:46:47.068296', 0.92029386758804, 1.7999999523163),
	(241, 6, -6.9255843, 107.729167, '2026-05-30 10:46:49.149503', 0.88320696353912, 1.8329999446869),
	(243, 6, -6.9255958, 107.7291839, '2026-05-30 10:46:50.940646', 0.86444902420044, 1.8660000562668),
	(245, 6, -6.9256136, 107.7291964, '2026-05-30 10:46:52.727074', 0.89357572793961, 1.8660000562668),
	(247, 6, -6.9256296, 107.7292101, '2026-05-30 10:46:54.57116', 0.94287943840027, 1.8159999847412),
	(249, 6, -6.9256428, 107.7292263, '2026-05-30 10:46:58.202292', 0.9887233376503, 1.7330000400543),
	(251, 6, -6.9256564, 107.7292477, '2026-05-30 10:46:59.977025', 1.0878521203995, 1.7159999608994),
	(253, 6, -6.925671, 107.7292773, '2026-05-30 10:47:01.748869', 1.1963756084442, 1.7330000400543),
	(255, 6, -6.9256821, 107.7293025, '2026-05-30 10:47:03.529262', 1.1968262195587, 1.75),
	(257, 6, -6.9256916, 107.7293165, '2026-05-30 10:47:05.328213', 1.1862816810608, 1.7159999608994),
	(259, 6, -6.9257048, 107.7293255, '2026-05-30 10:47:07.113824', 1.1723947525024, 1.6660000085831),
	(261, 6, -6.9257156, 107.7293359, '2026-05-30 10:47:09.166108', 1.0698970556259, 1.6330000162125),
	(263, 6, -6.9257283, 107.7293519, '2026-05-30 10:47:11.802845', 1.024892449379, 1.6499999761581),
	(265, 6, -6.9257437, 107.7293697, '2026-05-30 10:47:14.985632', 1.0263769626617, 1.7000000476837),
	(267, 6, -6.9257561, 107.7293865, '2026-05-30 10:47:17.067408', 0.98175317049026, 1.7660000324249),
	(269, 6, -6.9257637, 107.7294044, '2026-05-30 10:47:19.141176', 1.057519197464, 1.8159999847412),
	(271, 6, -6.925772, 107.7294193, '2026-05-30 10:47:21.527878', 1.0293507575989, 1.8159999847412),
	(273, 6, -6.9257898, 107.7294295, '2026-05-30 10:47:23.304624', 0.95661401748657, 1.8159999847412),
	(275, 6, -6.9258029, 107.729438, '2026-05-30 10:47:25.369053', 0.91462349891663, 1.7829999923706),
	(277, 6, -6.9258135, 107.7294503, '2026-05-30 10:47:27.930091', 0.9720219373703, 1.7330000400543),
	(279, 6, -6.9258208, 107.7294679, '2026-05-30 10:47:30.744064', 0.9660792350769, 1.6660000085831),
	(281, 6, -6.9258285, 107.7294859, '2026-05-30 10:47:32.505519', 1.0524959564209, 1.6000000238419),
	(283, 6, -6.9258342, 107.7295066, '2026-05-30 10:47:34.293747', 1.1407537460327, 1.5829999446869),
	(285, 6, -6.9258409, 107.7295264, '2026-05-30 10:47:36.357687', 1.1863926649094, 1.5829999446869),
	(287, 6, -6.9257871, 107.7295123, '2026-05-30 10:48:09.759604', 2.7182881832123, 7.9499998092651),
	(289, 6, -6.9256639, 107.7294913, '2026-05-30 10:48:13.729195', 2.5795469284058, 7.2750000953674),
	(291, 6, -6.9256054, 107.7294753, '2026-05-30 10:48:15.510234', 1.6112931966782, 6.6999998092651),
	(293, 6, -6.9255431, 107.72946, '2026-05-30 10:48:17.292853', 1.0432466268539, 5.9869999885559),
	(295, 6, -6.9254913, 107.7294399, '2026-05-30 10:48:19.659534', 0.88127195835114, 3.9500000476837),
	(297, 6, -6.9254791, 107.7294317, '2026-05-30 10:48:21.446034', 1.2750420570374, 2.7660000324249),
	(299, 6, -6.9254732, 107.7294239, '2026-05-30 10:48:24.272174', 0.16071912646294, 2.039999961853),
	(301, 7, -6.9319299, 107.7241049, '2026-05-30 11:43:35.775178', 0.59154111146927, 11.824999809265),
	(303, 7, -6.9319447, 107.7240902, '2026-05-30 11:43:38.024697', 0.53323405981064, 7.2119998931885),
	(305, 7, -6.9319261, 107.7240939, '2026-05-30 11:43:40.312709', 0.61413675546646, 4.0570001602173),
	(307, 7, -6.9319129, 107.7240778, '2026-05-30 11:43:42.580846', 0.8435737490654, 2.9140000343323),
	(309, 7, -6.9319, 107.7240589, '2026-05-30 11:43:46.242998', 0.95455235242844, 2.5160000324249),
	(311, 7, -6.9318986, 107.7240535, '2026-05-30 11:43:48.871129', 0.86210894584656, 2.441999912262),
	(313, 7, -6.9318801, 107.7240437, '2026-05-30 11:43:53.464113', 0.83967638015747, 2.3499999046326),
	(314, 7, -6.9318748, 107.7240404, '2026-05-30 11:43:54.96968', 0.77016049623489, 2.3159999847412),
	(315, 7, -6.9318709, 107.7240344, '2026-05-30 11:43:56.098777', 0.86931037902832, 2.2599999904633),
	(316, 7, -6.9318698, 107.7240328, '2026-05-30 11:43:57.585125', 0.9162175655365, 2.2200000286102),
	(317, 7, -6.9318635, 107.7240144, '2026-05-30 11:43:58.732898', 1.0812952518463, 2.183000087738),
	(128, 6, -6.9255103, 107.7295269, '2026-05-30 10:44:39.28398', NULL, 90.422996520996),
	(130, 6, -6.9253983, 107.729555, '2026-05-30 10:44:41.157826', NULL, 9.6000003814697),
	(132, 6, -6.9252733, 107.7294967, '2026-05-30 10:44:43.163092', 0.61149001121521, 8.8330001831055),
	(134, 6, -6.925285, 107.7294567, '2026-05-30 10:44:45.982934', 0.35618779063225, 8.0200004577637),
	(136, 6, -6.925285, 107.7294217, '2026-05-30 10:44:47.756608', 0.11787138879299, 7.3850002288818),
	(138, 6, -6.9253117, 107.7294967, '2026-05-30 10:44:50.642669', 0.099856108427048, 5.5),
	(140, 6, -6.9253333, 107.7294933, '2026-05-30 10:44:53.270274', 0.51266330480576, 3.9200000762939),
	(142, 6, -6.9253417, 107.72949, '2026-05-30 10:44:55.638109', 0.33302527666092, 3.2000000476837),
	(144, 6, -6.9253417, 107.729485, '2026-05-30 10:44:57.438609', 0.27434694766998, 2.970999956131),
	(146, 6, -6.92535, 107.7294817, '2026-05-30 10:44:59.227323', 0.27589112520218, 2.7850000858307),
	(148, 6, -6.9253433, 107.72948, '2026-05-30 10:45:02.083447', 0.31655415892601, 2.6159999370575),
	(150, 6, -6.92535, 107.729485, '2026-05-30 10:45:04.200057', 0.29030331969261, 2.5329999923706),
	(152, 6, -6.92535, 107.729495, '2026-05-30 10:45:06.577356', 0.27640584111214, 2.5),
	(154, 6, -6.92535, 107.7294917, '2026-05-30 10:45:08.386694', 0.27897945046425, 2.4570000171661),
	(156, 6, -6.9254283, 107.7295067, '2026-05-30 10:45:14.87392', NULL, 4.25),
	(158, 6, -6.9254283, 107.7295067, '2026-05-30 10:45:18.06696', NULL, 4.2249999046326),
	(160, 6, -6.9253417, 107.7294933, '2026-05-30 10:45:20.157973', NULL, 4.2659997940063),
	(162, 6, -6.92536, 107.7295033, '2026-05-30 10:45:21.947166', 0.33302527666092, 4.2750000953674),
	(164, 6, -6.9253983, 107.729505, '2026-05-30 10:45:23.728197', 0.17397610843182, 4.0159997940063),
	(166, 6, -6.925405, 107.7295083, '2026-05-30 10:45:25.517783', 0.1528725028038, 3.4830000400543),
	(168, 6, -6.9254033, 107.729505, '2026-05-30 10:45:27.278471', NULL, 3.0469999313354),
	(170, 6, -6.925395, 107.7294883, '2026-05-30 10:45:29.361752', 0.28824445605278, 2.8399999141693),
	(172, 6, -6.9253983, 107.7294967, '2026-05-30 10:45:31.178252', 0.41023361682892, 2.6689999103546),
	(174, 6, -6.9254017, 107.72949, '2026-05-30 10:45:34.819441', 0.70825779438019, 2.4000000953674),
	(122, 5, -6.9371956, 107.7295671, '2026-05-24 14:06:27.220108', 0.02862118370831, 11.479999542236),
	(123, 5, -6.9372365, 107.7295822, '2026-05-24 14:06:28.015353', 0.090525113046169, 11.154999732971),
	(124, 5, -6.9372532, 107.729589, '2026-05-24 14:06:29.186623', 0.026881486177444, 11.03600025177),
	(125, 5, -6.9255177, 107.7294744, '2026-05-24 14:19:43.366962', NULL, 64.099998474121),
	(126, 5, -6.9255201, 107.7294733, '2026-05-24 14:19:48.223482', NULL, 82.5),
	(176, 6, -6.9254017, 107.729485, '2026-05-30 10:45:36.901546', 0.41435140371323, 2.2599999904633),
	(178, 6, -6.9254167, 107.72947, '2026-05-30 10:45:38.714289', 0.50442779064178, 2.183000087738),
	(180, 6, -6.9254317, 107.7294633, '2026-05-30 10:45:41.335555', 0.61715191602707, 2.0329999923706),
	(182, 6, -6.92543, 107.7294517, '2026-05-30 10:45:43.112239', 0.63979971408844, 1.9329999685287),
	(184, 6, -6.9254383, 107.729445, '2026-05-30 10:45:44.925209', 0.60582804679871, 1.8830000162125),
	(186, 6, -6.9254417, 107.729435, '2026-05-30 10:45:47.019225', 0.64649111032486, 1.8999999761581),
	(188, 6, -6.9254533, 107.7294433, '2026-05-30 10:45:48.8282', 0.52192831039429, 1.8660000562668),
	(190, 6, -6.9254533, 107.729445, '2026-05-30 10:45:51.964321', 0.36390861868858, 1.8159999847412),
	(192, 6, -6.9254533, 107.7294333, '2026-05-30 10:45:53.747217', 0.35207000374794, 1.75),
	(194, 6, -6.9254517, 107.7294217, '2026-05-30 10:45:56.361379', 0.44163167476654, 1.7000000476837),
	(196, 6, -6.925445, 107.729405, '2026-05-30 10:45:58.149796', 0.55898833274841, 1.6829999685287),
	(198, 6, -6.9254367, 107.7293883, '2026-05-30 10:45:59.942012', 0.75818580389023, 1.7000000476837),
	(200, 6, -6.92543, 107.72937, '2026-05-30 10:46:01.72966', 1.0217236280441, 1.7660000324249),
	(202, 6, -6.92542, 107.729355, '2026-05-30 10:46:04.342402', 1.1843758821487, 1.7999999523163),
	(204, 6, -6.9254083, 107.7293433, '2026-05-30 10:46:07.1485', 1.2409952878952, 1.8159999847412),
	(206, 6, -6.9254, 107.729325, '2026-05-30 10:46:09.226547', 1.2564369440079, 1.7999999523163),
	(208, 6, -6.92539, 107.72931, '2026-05-30 10:46:10.990559', 1.196729183197, 1.7999999523163),
	(210, 6, -6.9253733, 107.7292867, '2026-05-30 10:46:13.076051', 1.1534924507141, 1.7999999523163),
	(212, 6, -6.925365, 107.7292767, '2026-05-30 10:46:15.073397', 1.0680485963821, 1.8159999847412),
	(214, 6, -6.9253711, 107.7292689, '2026-05-30 10:46:17.954083', 0.95497137308121, 1.8500000238419),
	(216, 6, -6.9253813, 107.7292593, '2026-05-30 10:46:20.039086', 0.86634576320648, 1.8660000562668),
	(218, 6, -6.9253977, 107.7292435, '2026-05-30 10:46:22.103912', 0.84966903924942, 1.8830000162125),
	(220, 6, -6.9254134, 107.7292262, '2026-05-30 10:46:25.312609', 0.77275097370148, 1.9160000085831),
	(222, 6, -6.9254234, 107.7292128, '2026-05-30 10:46:27.077344', 0.75020426511765, 1.9500000476837),
	(224, 6, -6.9254348, 107.7291988, '2026-05-30 10:46:29.982022', 0.81766349077225, 1.9659999608994),
	(226, 6, -6.9254481, 107.7291807, '2026-05-30 10:46:32.373337', 0.8560483455658, 1.9329999685287),
	(228, 6, -6.9254625, 107.7291656, '2026-05-30 10:46:34.175071', 0.87231940031052, 1.9160000085831),
	(230, 6, -6.9254827, 107.7291588, '2026-05-30 10:46:35.979487', 0.90891051292419, 1.8999999761581),
	(232, 6, -6.9255031, 107.7291506, '2026-05-30 10:46:38.065788', 0.97071045637131, 1.8999999761581),
	(234, 6, -6.9255237, 107.7291448, '2026-05-30 10:46:42.035959', 0.98698228597641, 1.8660000562668),
	(236, 6, -6.9255431, 107.7291389, '2026-05-30 10:46:44.118999', 0.99871307611465, 1.8329999446869),
	(238, 6, -6.9255612, 107.7291439, '2026-05-30 10:46:45.888422', 0.94553506374359, 1.7999999523163),
	(240, 6, -6.9255764, 107.729159, '2026-05-30 10:46:47.96497', 0.90094685554504, 1.8159999847412),
	(242, 6, -6.9255888, 107.7291754, '2026-05-30 10:46:50.0479', 0.86162662506104, 1.8500000238419),
	(244, 6, -6.9256051, 107.7291898, '2026-05-30 10:46:51.829897', 0.89591014385223, 1.8660000562668),
	(246, 6, -6.9256207, 107.7292032, '2026-05-30 10:46:53.643489', 0.90934509038925, 1.8500000238419),
	(248, 6, -6.9256371, 107.7292179, '2026-05-30 10:46:56.276663', 0.96524608135223, 1.7829999923706),
	(250, 6, -6.9256493, 107.7292358, '2026-05-30 10:46:59.0855', 1.0301605463028, 1.7159999608994),
	(252, 6, -6.9256641, 107.7292622, '2026-05-30 10:47:00.859314', 1.1513369083405, 1.7159999608994),
	(254, 6, -6.9256776, 107.7292913, '2026-05-30 10:47:02.633676', 1.2079688310623, 1.7330000400543),
	(256, 6, -6.9256853, 107.7293108, '2026-05-30 10:47:04.438365', 1.1950767040253, 1.75),
	(258, 6, -6.9256982, 107.7293216, '2026-05-30 10:47:06.231201', 1.1848350763321, 1.7000000476837),
	(260, 6, -6.9257105, 107.72933, '2026-05-30 10:47:07.993785', 1.1313936710358, 1.6499999761581),
	(262, 6, -6.9257218, 107.7293421, '2026-05-30 10:47:10.903024', 1.0445674657822, 1.6160000562668),
	(264, 6, -6.9257347, 107.729362, '2026-05-30 10:47:14.070423', 1.0275801420212, 1.6660000085831),
	(266, 6, -6.9257509, 107.729378, '2026-05-30 10:47:15.874064', 0.99518668651581, 1.7330000400543),
	(268, 6, -6.9257595, 107.7293939, '2026-05-30 10:47:17.963313', 0.99962419271469, 1.8159999847412),
	(270, 6, -6.9257672, 107.7294124, '2026-05-30 10:47:20.3381', 1.0561065673828, 1.8159999847412),
	(272, 6, -6.9257808, 107.7294247, '2026-05-30 10:47:22.423984', 0.98755967617035, 1.8159999847412),
	(274, 6, -6.9257973, 107.7294342, '2026-05-30 10:47:24.474836', 0.92771482467651, 1.7999999523163),
	(276, 6, -6.925809, 107.7294439, '2026-05-30 10:47:27.053669', 0.94849967956543, 1.7660000324249),
	(278, 6, -6.9258183, 107.7294593, '2026-05-30 10:47:28.809274', 0.95835411548615, 1.7000000476837),
	(280, 6, -6.9258238, 107.7294763, '2026-05-30 10:47:31.625514', 1.0056719779968, 1.6330000162125),
	(282, 6, -6.9258321, 107.7294971, '2026-05-30 10:47:33.396', 1.111664056778, 1.5829999446869),
	(284, 6, -6.9258373, 107.7295165, '2026-05-30 10:47:35.178545', 1.1900480985641, 1.5829999446869),
	(286, 6, -6.925795, 107.7295333, '2026-05-30 10:48:08.556328', 2.2961757183075, 8.1000003814697),
	(288, 6, -6.9257324, 107.7294949, '2026-05-30 10:48:10.665971', 2.6394577026367, 7.6659998893738),
	(290, 6, -6.9256297, 107.7294817, '2026-05-30 10:48:14.627932', 2.6625685691833, 6.960000038147),
	(292, 6, -6.9255929, 107.7294695, '2026-05-30 10:48:16.410097', 1.1662268638611, 6.4000000953674),
	(294, 6, -6.9255115, 107.7294496, '2026-05-30 10:48:18.473942', 1.0599066019058, 4.941999912262),
	(296, 6, -6.9254857, 107.7294322, '2026-05-30 10:48:20.559307', 0.99640375375748, 3.3499999046326),
	(298, 6, -6.9254689, 107.729426, '2026-05-30 10:48:22.3376', 0.065225385129452, 2.1800000667572),
	(300, 6, -6.9254746, 107.729422, '2026-05-30 10:48:27.030858', 0.10773947834969, 1.9400000572205),
	(302, 7, -6.931942, 107.7240927, '2026-05-30 11:43:36.891462', 0.55923354625702, 8.0139999389648),
	(304, 7, -6.9319372, 107.7240945, '2026-05-30 11:43:39.173183', 0.48393577337265, 6.5809998512268),
	(306, 7, -6.9319215, 107.7240853, '2026-05-30 11:43:41.435293', 0.7104344367981, 3.2420001029968),
	(308, 7, -6.9319056, 107.7240669, '2026-05-30 11:43:44.753812', 0.91452366113663, 2.7279999256134),
	(310, 7, -6.931899, 107.7240575, '2026-05-30 11:43:47.742942', 0.96687442064285, 2.4500000476837),
	(312, 7, -6.9318852, 107.7240563, '2026-05-30 11:43:50.021252', 0.87410032749176, 2.3849999904633),
	(318, 7, -6.9318583, 107.724009, '2026-05-30 11:43:59.861962', 0.81428247690201, 2.1710000038147),
	(319, 7, -6.9318532, 107.7240057, '2026-05-30 11:44:01.392613', 0.61698168516159, 2.1419999599457),
	(320, 7, -6.9318517, 107.7240036, '2026-05-30 11:44:02.537169', 0.69910615682602, 2.1280000209808),
	(321, 7, -6.9318489, 107.7240004, '2026-05-30 11:44:03.66409', 0.75768893957138, 2.0999999046326),
	(322, 7, -6.9318481, 107.7239993, '2026-05-30 11:44:04.776776', 0.76744192838669, 2.0999999046326),
	(323, 7, -6.9318464, 107.7239939, '2026-05-30 11:44:05.892542', 0.67270803451538, 2.0999999046326),
	(324, 7, -6.9318462, 107.7239917, '2026-05-30 11:44:07.029815', 0.62695318460464, 2.0999999046326),
	(325, 7, -6.9318452, 107.7239865, '2026-05-30 11:44:08.150113', 0.57242548465729, 2.0999999046326),
	(326, 7, -6.9318485, 107.7239839, '2026-05-30 11:44:09.271207', 0.5117609500885, 2.0999999046326),
	(327, 7, -6.931852, 107.723981, '2026-05-30 11:44:10.391496', 0.43203866481781, 2.0999999046326),
	(328, 7, -6.9318602, 107.7239804, '2026-05-30 11:44:13.8657', 0.42609262466431, 2.0999999046326),
	(329, 7, -6.9318677, 107.7239769, '2026-05-30 11:44:15.35515', 0.45437249541283, 2.0999999046326),
	(330, 7, -6.9318771, 107.7239712, '2026-05-30 11:44:16.505496', 0.50441086292267, 2.0999999046326),
	(331, 7, -6.9318858, 107.7239658, '2026-05-30 11:44:17.622101', 0.54520517587662, 2.1159999370575),
	(332, 7, -6.9318968, 107.7239642, '2026-05-30 11:44:19.127891', 0.58958214521408, 2.1159999370575),
	(333, 7, -6.931905, 107.7239591, '2026-05-30 11:44:20.26754', 0.62699973583221, 2.1159999370575),
	(334, 7, -6.9319169, 107.7239542, '2026-05-30 11:44:21.406233', 0.67910307645798, 2.1159999370575),
	(335, 7, -6.9319299, 107.7239479, '2026-05-30 11:44:22.894619', 0.73736178874969, 2.1159999370575),
	(336, 7, -6.931942, 107.72394, '2026-05-30 11:44:24.421673', 0.78019738197327, 2.1159999370575),
	(337, 7, -6.9319517, 107.7239354, '2026-05-30 11:44:25.562723', 0.82849889993668, 2.0999999046326),
	(338, 7, -6.9319629, 107.7239281, '2026-05-30 11:44:27.059002', 0.86740696430206, 2.0999999046326),
	(339, 7, -6.9319699, 107.7239201, '2026-05-30 11:44:28.558309', 0.86249959468842, 2.0999999046326),
	(340, 7, -6.9319776, 107.7239116, '2026-05-30 11:44:30.748363', 0.8579905629158, 2.0829999446869),
	(341, 7, -6.9319857, 107.7239044, '2026-05-30 11:44:31.865644', 0.8560403585434, 2.0659999847412),
	(342, 7, -6.9319952, 107.7238965, '2026-05-30 11:44:33.357323', 0.84305965900421, 2.0499999523163),
	(343, 7, -6.9320016, 107.7238861, '2026-05-30 11:44:35.811278', 0.83601647615433, 2.0160000324249),
	(344, 7, -6.9320081, 107.7238759, '2026-05-30 11:44:37.31138', 0.86129581928253, 1.9830000400543),
	(345, 7, -6.9320159, 107.7238657, '2026-05-30 11:44:38.475278', 0.84515291452408, 1.9500000476837),
	(346, 7, -6.9320231, 107.7238583, '2026-05-30 11:44:39.992801', 0.85871189832687, 1.9329999685287),
	(347, 7, -6.9320347, 107.7238504, '2026-05-30 11:44:41.515272', 0.93625670671463, 1.9160000085831),
	(348, 7, -6.93205, 107.7238421, '2026-05-30 11:44:42.65049', 1.0522004365921, 1.9160000085831),
	(349, 7, -6.9320643, 107.7238359, '2026-05-30 11:44:43.769003', 1.1093860864639, 1.9329999685287),
	(350, 7, -6.9320759, 107.7238309, '2026-05-30 11:44:44.889053', 1.1475571393967, 1.9329999685287),
	(351, 7, -6.9320853, 107.7238296, '2026-05-30 11:44:46.028313', 1.1784592866898, 1.9329999685287),
	(352, 7, -6.9320939, 107.7238276, '2026-05-30 11:44:47.185105', 1.1805111169815, 1.9329999685287),
	(353, 7, -6.9321005, 107.7238248, '2026-05-30 11:44:48.334713', 0.42517703771591, 1.9329999685287),
	(354, 7, -6.9321075, 107.7238247, '2026-05-30 11:44:49.474593', 0.84654867649078, 1.9500000476837),
	(355, 7, -6.9321188, 107.7238249, '2026-05-30 11:44:50.602782', 1.0641947984695, 1.9830000400543),
	(356, 7, -6.9321296, 107.7238236, '2026-05-30 11:44:51.746998', 1.144030213356, 2.0499999523163),
	(357, 7, -6.93214, 107.7238268, '2026-05-30 11:44:53.259757', 1.162701010704, 2.0999999046326),
	(358, 7, -6.9321523, 107.723827, '2026-05-30 11:44:55.808641', 1.0845193862915, 2.1659998893738),
	(359, 7, -6.9321581, 107.7238308, '2026-05-30 11:44:57.305969', 0.96557796001434, 2.2330000400543),
	(360, 7, -6.9321642, 107.723838, '2026-05-30 11:44:58.466501', 0.91468727588654, 2.2660000324249),
	(361, 7, -6.9321706, 107.7238387, '2026-05-30 11:44:59.605068', 0.84857338666916, 2.2829999923706),
	(362, 7, -6.9321794, 107.7238337, '2026-05-30 11:45:00.755996', 0.84852689504623, 2.2829999923706),
	(363, 7, -6.9321902, 107.7238235, '2026-05-30 11:45:03.559006', 0.88515943288803, 2.2999999523163),
	(364, 7, -6.9321946, 107.7238215, '2026-05-30 11:45:04.689253', 0.82852548360825, 2.2999999523163),
	(365, 7, -6.9322017, 107.7238189, '2026-05-30 11:45:05.821013', 0.81769472360611, 2.2829999923706),
	(366, 7, -6.9322121, 107.7238208, '2026-05-30 11:45:06.941757', 0.83650374412537, 2.2660000324249),
	(367, 7, -6.9322234, 107.7238203, '2026-05-30 11:45:08.063731', 0.835473716259, 2.25),
	(368, 7, -6.9322361, 107.7238223, '2026-05-30 11:45:09.195344', 0.87318825721741, 2.2160000801086),
	(369, 7, -6.9322518, 107.7238194, '2026-05-30 11:45:10.336098', 0.93149787187576, 2.183000087738),
	(370, 7, -6.9322623, 107.7238223, '2026-05-30 11:45:11.475884', 0.92606323957443, 2.1329998970032),
	(371, 7, -6.9322713, 107.7238259, '2026-05-30 11:45:13.005206', 0.93374645709991, 2.0999999046326),
	(372, 7, -6.9322787, 107.7238266, '2026-05-30 11:45:14.189445', 0.91303330659866, 2.0659999847412),
	(373, 7, -6.9322891, 107.7238277, '2026-05-30 11:45:15.353692', 0.93081629276276, 2.0329999923706),
	(374, 7, -6.9323004, 107.7238281, '2026-05-30 11:45:16.865772', 0.96988433599472, 2.0160000324249),
	(375, 7, -6.932312, 107.7238351, '2026-05-30 11:45:18.010879', 0.99694114923477, 2),
	(376, 7, -6.9323225, 107.7238425, '2026-05-30 11:45:19.512491', 1.0024816989899, 2),
	(377, 7, -6.932334, 107.7238446, '2026-05-30 11:45:20.669083', 1.0212726593018, 2),
	(378, 7, -6.9323444, 107.7238487, '2026-05-30 11:45:23.198972', 1.0316880941391, 2),
	(379, 7, -6.9323545, 107.7238491, '2026-05-30 11:45:24.706732', 1.0303547382355, 2.0160000324249),
	(380, 7, -6.9323623, 107.7238502, '2026-05-30 11:45:26.235806', 1.0207585096359, 2.0329999923706),
	(381, 7, -6.9323716, 107.7238505, '2026-05-30 11:45:27.379877', 1.0040730237961, 2.0329999923706),
	(382, 7, -6.9323788, 107.7238484, '2026-05-30 11:45:28.879985', 0.93164366483688, 2.0329999923706),
	(383, 7, -6.9323867, 107.7238478, '2026-05-30 11:45:31.068241', 0.88791877031326, 2.0160000324249),
	(384, 7, -6.9323948, 107.723845, '2026-05-30 11:45:32.184665', 0.82820123434067, 2),
	(385, 7, -6.9324041, 107.7238451, '2026-05-30 11:45:33.336849', 0.77384471893311, 1.9659999608994),
	(386, 7, -6.9324137, 107.7238419, '2026-05-30 11:45:34.466101', 0.76731717586517, 1.9329999685287),
	(387, 7, -6.9324259, 107.7238409, '2026-05-30 11:45:35.592397', 0.74771398305893, 1.9160000085831),
	(388, 7, -6.9324354, 107.7238405, '2026-05-30 11:45:36.725183', 0.73405855894089, 1.9160000085831),
	(389, 7, -6.9324464, 107.7238355, '2026-05-30 11:45:37.857191', 0.73749911785126, 1.9329999685287),
	(390, 7, -6.9324567, 107.7238305, '2026-05-30 11:45:40.414853', 0.76566195487976, 1.9500000476837),
	(391, 7, -6.9324669, 107.7238303, '2026-05-30 11:45:42.303911', 0.80566495656967, 1.9659999608994),
	(392, 7, -6.9324735, 107.7238317, '2026-05-30 11:45:43.490746', 0.77236437797546, 1.9830000400543),
	(393, 7, -6.9324777, 107.7238275, '2026-05-30 11:45:45.005208', 0.75029498338699, 1.9830000400543),
	(394, 7, -6.932479, 107.7238249, '2026-05-30 11:45:46.165399', 0.70279693603516, 1.9659999608994),
	(395, 7, -6.9324827, 107.7238239, '2026-05-30 11:45:47.283283', 0.67680555582047, 1.9500000476837),
	(396, 7, -6.9324873, 107.723822, '2026-05-30 11:45:48.411347', 0.6979466676712, 1.9329999685287),
	(397, 7, -6.9324922, 107.7238202, '2026-05-30 11:45:49.534441', 0.69174373149872, 1.9160000085831),
	(398, 7, -6.9325019, 107.7238212, '2026-05-30 11:45:50.654909', 0.73247790336609, 1.9160000085831),
	(399, 7, -6.9325131, 107.7238252, '2026-05-30 11:45:51.804792', 0.76807886362076, 1.9160000085831),
	(400, 7, -6.9325258, 107.7238299, '2026-05-30 11:45:52.944529', 0.80077743530273, 1.9160000085831),
	(401, 7, -6.9325401, 107.7238349, '2026-05-30 11:45:54.077199', 0.80928462743759, 1.9160000085831),
	(402, 7, -6.9325504, 107.7238398, '2026-05-30 11:45:55.200801', 0.84042900800705, 1.9160000085831),
	(403, 7, -6.9325593, 107.723843, '2026-05-30 11:45:57.388618', 0.89265239238739, 1.9160000085831),
	(404, 7, -6.9325691, 107.7238452, '2026-05-30 11:45:58.515514', 0.94745844602585, 1.8999999761581),
	(405, 7, -6.9325827, 107.7238467, '2026-05-30 11:45:59.646925', 1.0027130842209, 1.8830000162125),
	(406, 7, -6.9325952, 107.723848, '2026-05-30 11:46:00.775963', 1.0449382066727, 1.8660000562668),
	(407, 7, -6.9326095, 107.7238498, '2026-05-30 11:46:01.899944', 1.0705091953278, 1.8329999446869),
	(408, 7, -6.9326219, 107.7238518, '2026-05-30 11:46:05.512314', 1.0552905797958, 1.7999999523163),
	(409, 7, -6.9326338, 107.7238535, '2026-05-30 11:46:07.03184', 1.0452995300293, 1.7660000324249),
	(410, 7, -6.9326456, 107.7238574, '2026-05-30 11:46:09.886799', 1.0495172739029, 1.7330000400543),
	(411, 7, -6.9326572, 107.7238611, '2026-05-30 11:46:11.008761', 1.048595905304, 1.7330000400543),
	(412, 7, -6.9326712, 107.7238657, '2026-05-30 11:46:12.143914', 1.1073392629623, 1.7330000400543),
	(413, 7, -6.9326871, 107.7238698, '2026-05-30 11:46:13.28484', 1.1695281267166, 1.7660000324249),
	(414, 7, -6.9326989, 107.723876, '2026-05-30 11:46:14.40839', 1.1958557367325, 1.7999999523163),
	(415, 7, -6.9327072, 107.7238793, '2026-05-30 11:46:15.551701', 1.1952707767487, 1.8159999847412),
	(416, 7, -6.9327143, 107.7238836, '2026-05-30 11:46:16.664328', 1.1913707256317, 1.8329999446869),
	(417, 7, -6.93272, 107.7238894, '2026-05-30 11:46:17.791705', 1.1601954698563, 1.8329999446869),
	(418, 7, -6.9327278, 107.7238952, '2026-05-30 11:46:19.950181', 1.1760314702988, 1.8159999847412),
	(419, 7, -6.932737, 107.7239019, '2026-05-30 11:46:21.44274', 1.2058773040771, 1.7829999923706),
	(420, 7, -6.9327467, 107.7239089, '2026-05-30 11:46:22.588334', 1.196784734726, 1.75),
	(421, 7, -6.9327568, 107.7239143, '2026-05-30 11:46:23.70296', 1.2338055372238, 1.75),
	(422, 7, -6.932768, 107.7239136, '2026-05-30 11:46:24.835489', 1.2150046825409, 1.7660000324249),
	(423, 7, -6.9327807, 107.7239074, '2026-05-30 11:46:27.227835', 1.1840928792953, 1.7999999523163),
	(424, 7, -6.9327927, 107.7238991, '2026-05-30 11:46:28.356154', 1.1794061660767, 1.8500000238419),
	(425, 7, -6.9328033, 107.7238928, '2026-05-30 11:46:29.489657', 1.1709712743759, 1.8999999761581),
	(426, 7, -6.9328135, 107.7238886, '2026-05-30 11:46:30.609339', 1.1805160045624, 1.9500000476837),
	(427, 7, -6.9328247, 107.7238898, '2026-05-30 11:46:32.101693', 1.1640188694, 1.9830000400543),
	(428, 7, -6.9328349, 107.7238919, '2026-05-30 11:46:34.52909', 1.1653761863708, 2),
	(429, 7, -6.9328472, 107.7238941, '2026-05-30 11:46:35.649863', 1.1396565437317, 2),
	(430, 7, -6.9328601, 107.7238947, '2026-05-30 11:46:36.774339', 1.0960636138916, 1.9830000400543),
	(431, 7, -6.9328698, 107.7238982, '2026-05-30 11:46:38.290241', 1.0414750576019, 1.9659999608994),
	(432, 7, -6.9328782, 107.7239042, '2026-05-30 11:46:39.816641', 0.98609060049057, 1.9329999685287),
	(433, 7, -6.9328865, 107.723907, '2026-05-30 11:46:40.964602', 0.90836197137833, 1.8999999761581),
	(434, 7, -6.932896, 107.7239109, '2026-05-30 11:46:42.476414', 0.900963306427, 1.8660000562668),
	(435, 7, -6.9329093, 107.7239144, '2026-05-30 11:46:43.635706', 0.92502379417419, 1.8329999446869),
	(436, 7, -6.9329212, 107.7239217, '2026-05-30 11:46:45.129953', 0.88743138313293, 1.8159999847412),
	(437, 7, -6.9329323, 107.7239328, '2026-05-30 11:46:46.270136', 0.92165225744247, 1.7999999523163),
	(438, 7, -6.9329387, 107.7239482, '2026-05-30 11:46:48.456354', 0.94673335552216, 1.7999999523163),
	(439, 7, -6.9329432, 107.7239625, '2026-05-30 11:46:49.592293', 0.99007570743561, 1.7829999923706),
	(440, 7, -6.9329466, 107.7239762, '2026-05-30 11:46:50.734698', 0.99728184938431, 1.7660000324249),
	(441, 7, -6.9329478, 107.7239873, '2026-05-30 11:46:51.860228', 0.99404686689377, 1.7330000400543),
	(442, 7, -6.9329466, 107.7239954, '2026-05-30 11:46:52.973598', 1.0268368721008, 1.7159999608994),
	(443, 7, -6.932948, 107.7240025, '2026-05-30 11:46:54.467375', 0.94207042455673, 1.7000000476837),
	(444, 7, -6.9329508, 107.7240028, '2026-05-30 11:46:55.59541', 0.96053200960159, 1.6660000085831),
	(445, 7, -6.9329522, 107.7240038, '2026-05-30 11:46:57.120663', 0.89268785715103, 1.6499999761581),
	(446, 7, -6.9329526, 107.7240068, '2026-05-30 11:46:58.291167', 0.72941869497299, 1.6330000162125),
	(447, 7, -6.9329505, 107.7240099, '2026-05-30 11:46:59.407135', 0.67673361301422, 1.6330000162125),
	(448, 7, -6.9329488, 107.7240153, '2026-05-30 11:47:02.692176', 0.6370245218277, 1.6330000162125),
	(449, 7, -6.9329447, 107.7240214, '2026-05-30 11:47:04.023234', 0.59663635492325, 1.6330000162125),
	(450, 7, -6.9329406, 107.72403, '2026-05-30 11:47:05.518634', 0.60011500120163, 1.6499999761581),
	(451, 7, -6.9329384, 107.7240396, '2026-05-30 11:47:06.677926', 0.6182769536972, 1.6499999761581),
	(452, 7, -6.9329371, 107.7240497, '2026-05-30 11:47:07.799793', 0.65196079015732, 1.6330000162125),
	(453, 7, -6.9329354, 107.7240609, '2026-05-30 11:47:10.673808', 0.73041194677353, 1.6160000562668),
	(454, 7, -6.9329308, 107.7240714, '2026-05-30 11:47:11.816682', 0.84209227561951, 1.5829999446869),
	(455, 7, -6.9329259, 107.7240807, '2026-05-30 11:47:13.322505', 0.93260782957077, 1.5499999523163),
	(456, 7, -6.932922, 107.7240908, '2026-05-30 11:47:14.453425', 1.0077511072159, 1.5160000324249),
	(457, 7, -6.9329182, 107.7241009, '2026-05-30 11:47:15.948771', 1.0819510221481, 1.5160000324249),
	(458, 7, -6.9329146, 107.7241134, '2026-05-30 11:47:17.450129', 1.1443942785263, 1.5329999923706),
	(459, 7, -6.9329116, 107.7241292, '2026-05-30 11:47:18.581506', 1.2316925525665, 1.5499999523163),
	(460, 7, -6.9329073, 107.7241447, '2026-05-30 11:47:19.721838', 1.2876541614532, 1.5659999847412),
	(461, 7, -6.9329051, 107.7241601, '2026-05-30 11:47:20.843797', 1.3559935092926, 1.5829999446869),
	(462, 7, -6.9329025, 107.7241707, '2026-05-30 11:47:21.963915', 1.3478353023529, 1.6000000238419),
	(463, 7, -6.9328979, 107.7241797, '2026-05-30 11:47:23.081904', 1.3251581192017, 1.6000000238419),
	(464, 7, -6.9328928, 107.724191, '2026-05-30 11:47:27.59334', 0.075943551957607, 2.4000000953674),
	(465, 7, -6.9328931, 107.7241884, '2026-05-30 11:47:29.110639', 0.058079399168491, 2.4500000476837),
	(466, 7, -6.9328932, 107.7241896, '2026-05-30 11:47:30.270712', 0.15088224411011, 2.433000087738),
	(467, 7, -6.9328932, 107.7241931, '2026-05-30 11:47:31.41614', 0.29647332429886, 2.4249999523163),
	(468, 7, -6.9328932, 107.7242008, '2026-05-30 11:47:32.536411', 0.56018161773682, 2.4000000953674),
	(469, 7, -6.9328934, 107.7242103, '2026-05-30 11:47:34.710916', 0.86120045185089, 2.3659999370575),
	(470, 7, -6.9328938, 107.7242215, '2026-05-30 11:47:35.843381', 1.0618932247162, 2.3280000686646),
	(471, 7, -6.9328944, 107.7242441, '2026-05-30 11:47:36.961868', 1.2884808778763, 2.2869999408722),
	(472, 7, -6.9328957, 107.7242609, '2026-05-30 11:47:38.464542', 1.2657840251923, 2.2000000476837),
	(473, 7, -6.9328955, 107.724279, '2026-05-30 11:47:39.616727', 1.3785127401352, 2.114000082016),
	(474, 7, -6.9328913, 107.7242949, '2026-05-30 11:47:41.112525', 1.1539186239243, 1.9659999608994),
	(475, 7, -6.9328881, 107.7243086, '2026-05-30 11:47:42.278882', 1.2761985063553, 1.8200000524521),
	(476, 7, -6.9328864, 107.7243212, '2026-05-30 11:47:43.456086', 1.3133097887039, 1.7829999923706),
	(477, 7, -6.9328835, 107.7243332, '2026-05-30 11:47:44.591032', 1.2339854240417, 1.7159999608994),
	(478, 7, -6.9328829, 107.7243461, '2026-05-30 11:47:45.705816', 1.4492117166519, 1.6499999761581),
	(479, 7, -6.9328852, 107.7243585, '2026-05-30 11:47:46.825877', 1.4654351472855, 1.6160000562668),
	(480, 7, -6.932903, 107.7244638, '2026-05-30 11:47:50.26755', 1.2062877416611, 1.7159999608994),
	(481, 7, -6.9329049, 107.7244725, '2026-05-30 11:47:51.39216', 1.1548308134079, 1.7330000400543),
	(482, 7, -6.9329046, 107.7244807, '2026-05-30 11:47:52.520479', 1.1167529821396, 1.75),
	(483, 7, -6.9329042, 107.7244914, '2026-05-30 11:47:54.046004', 1.1142313480377, 1.7660000324249),
	(484, 7, -6.9329077, 107.7245026, '2026-05-30 11:47:55.182671', 1.1065353155136, 1.7829999923706),
	(485, 7, -6.9329115, 107.7245129, '2026-05-30 11:47:56.30527', 1.0634294748306, 1.7999999523163),
	(486, 7, -6.9329121, 107.7245219, '2026-05-30 11:47:57.431813', 1.0790119171143, 1.7999999523163),
	(487, 7, -6.9329147, 107.7245293, '2026-05-30 11:47:58.557758', 1.0743503570557, 1.7829999923706),
	(488, 7, -6.9329169, 107.7245384, '2026-05-30 11:47:59.673728', 1.0839121341705, 1.7660000324249),
	(489, 7, -6.9329161, 107.7245482, '2026-05-30 11:48:00.80187', 1.0813508033752, 1.75),
	(490, 7, -6.9329179, 107.7245629, '2026-05-30 11:48:01.920098', 1.1187115907669, 1.7330000400543),
	(491, 7, -6.9329172, 107.7245756, '2026-05-30 11:48:04.33225', 1.1517667770386, 1.7159999608994),
	(492, 7, -6.9329169, 107.7245853, '2026-05-30 11:48:05.855095', 1.1596134901047, 1.7000000476837),
	(493, 7, -6.9329187, 107.7245928, '2026-05-30 11:48:07.021415', 1.1453371047974, 1.7159999608994),
	(494, 7, -6.9329216, 107.724602, '2026-05-30 11:48:11.891968', 1.1340415477753, 1.7660000324249),
	(495, 7, -6.9329272, 107.7246128, '2026-05-30 11:48:13.024538', 1.134444475174, 1.8159999847412),
	(496, 7, -6.9329311, 107.7246231, '2026-05-30 11:48:14.160149', 1.1120852231979, 1.8500000238419),
	(497, 7, -6.9329339, 107.7246368, '2026-05-30 11:48:15.660429', 1.1446206569672, 1.8830000162125),
	(498, 7, -6.9329397, 107.7246467, '2026-05-30 11:48:19.258238', 1.1080046892166, 1.9160000085831),
	(499, 7, -6.9329468, 107.7246565, '2026-05-30 11:48:20.392684', 1.1334280967712, 1.9500000476837),
	(500, 7, -6.9329501, 107.7246676, '2026-05-30 11:48:21.534803', 1.1076512336731, 1.9500000476837),
	(501, 7, -6.932953, 107.724678, '2026-05-30 11:48:22.684943', 1.1192181110382, 1.9659999608994),
	(502, 7, -6.9329551, 107.7246906, '2026-05-30 11:48:26.206312', 1.157587647438, 2.0160000324249),
	(503, 7, -6.932958, 107.7247015, '2026-05-30 11:48:27.358312', 1.1879463195801, 2.0659999847412),
	(504, 7, -6.9329614, 107.7247118, '2026-05-30 11:48:28.495248', 1.2010666131973, 2.1159999370575),
	(505, 7, -6.9329638, 107.7247241, '2026-05-30 11:48:29.6119', 1.2253601551056, 2.1500000953674),
	(506, 7, -6.9329654, 107.7247315, '2026-05-30 11:48:31.106759', 1.1899353265762, 2.2000000476837),
	(507, 7, -6.9329666, 107.7247419, '2026-05-30 11:48:32.240228', 1.2015526294708, 2.2330000400543),
	(508, 7, -6.932968, 107.7247543, '2026-05-30 11:48:33.357313', 1.2211149930954, 2.25),
	(509, 7, -6.9329686, 107.7247674, '2026-05-30 11:48:34.493937', 1.2303290367126, 2.2660000324249),
	(510, 7, -6.9329674, 107.7247819, '2026-05-30 11:48:35.630009', 1.2436394691467, 2.2999999523163),
	(511, 7, -6.9329668, 107.7247944, '2026-05-30 11:48:36.747672', 1.2268881797791, 2.3499999046326),
	(512, 7, -6.9329686, 107.7248038, '2026-05-30 11:48:37.871147', 1.1585257053375, 2.4000000953674),
	(513, 7, -6.9329629, 107.7248181, '2026-05-30 11:48:39.005495', 1.1268581151962, 2.4500000476837),
	(514, 7, -6.9329629, 107.724822, '2026-05-30 11:48:40.161735', 1.0601525306702, 2.5),
	(515, 7, -6.9329641, 107.7248265, '2026-05-30 11:48:41.66972', 1.0095446109772, 2.5329999923706),
	(516, 7, -6.9329637, 107.7248326, '2026-05-30 11:48:42.817806', 0.96555984020233, 2.5499999523163),
	(517, 7, -6.9329623, 107.7248366, '2026-05-30 11:48:48.01573', 0.89210247993469, 2.5499999523163),
	(518, 7, -6.9329609, 107.7248434, '2026-05-30 11:48:49.145337', 0.8448052406311, 2.5329999923706),
	(519, 7, -6.9329622, 107.724849, '2026-05-30 11:48:50.25821', 0.76318281888962, 2.5),
	(520, 7, -6.9329617, 107.724854, '2026-05-30 11:48:51.397403', 0.69419419765472, 2.4660000801086),
	(521, 7, -6.9329616, 107.7248589, '2026-05-30 11:48:52.527411', 0.63748562335968, 2.433000087738),
	(522, 7, -6.932964, 107.7248649, '2026-05-30 11:48:53.656135', 0.61034768819809, 2.4000000953674),
	(523, 7, -6.9329696, 107.7248723, '2026-05-30 11:48:54.772233', 0.56476956605911, 2.3499999046326),
	(524, 7, -6.9329761, 107.7248825, '2026-05-30 11:48:55.909355', 0.53409266471863, 2.2999999523163),
	(525, 7, -6.9329782, 107.7248911, '2026-05-30 11:48:57.400868', 0.074358753859997, 2.2660000324249),
	(526, 7, -6.9329806, 107.7248951, '2026-05-30 11:48:58.535824', 0.012391608208418, 2.2330000400543),
	(527, 7, -6.9329825, 107.7249021, '2026-05-30 11:48:59.677268', 0.50340831279755, 2.2160000801086),
	(528, 7, -6.9329871, 107.7249123, '2026-05-30 11:49:00.797378', 0.60589683055878, 2.2000000476837),
	(529, 7, -6.9329932, 107.7249226, '2026-05-30 11:49:01.925471', 0.64538788795471, 2.2000000476837),
	(530, 7, -6.9329989, 107.7249315, '2026-05-30 11:49:03.048368', 0.68985152244568, 2.183000087738),
	(531, 7, -6.9330031, 107.7249401, '2026-05-30 11:49:05.221069', 0.72357702255249, 2.1659998893738),
	(532, 7, -6.9330078, 107.7249474, '2026-05-30 11:49:07.644876', 0.72645115852356, 2.1500000953674),
	(533, 7, -6.9330138, 107.7249544, '2026-05-30 11:49:09.156446', 0.73568171262741, 2.1159999370575),
	(534, 7, -6.9330179, 107.7249632, '2026-05-30 11:49:10.30141', 0.21702636778355, 2.0999999046326),
	(535, 7, -6.9330196, 107.7249734, '2026-05-30 11:49:11.435746', 0.59241938591003, 2.0829999446869),
	(536, 7, -6.9330203, 107.7249855, '2026-05-30 11:49:12.565799', 0.74497878551483, 2.0829999446869),
	(537, 7, -6.9330214, 107.7249942, '2026-05-30 11:49:15.156816', 0.78160494565964, 2.0829999446869),
	(538, 7, -6.9330218, 107.7250023, '2026-05-30 11:49:16.713792', 0.15447653830051, 2.0829999446869),
	(539, 8, -6.9330066, 107.7241815, '2026-05-30 11:52:06.195445', 1.0256304740906, 1.7660000324249),
	(540, 8, -6.9330084, 107.7241707, '2026-05-30 11:52:07.320508', 1.0797472000122, 1.7829999923706),
	(541, 8, -6.9330076, 107.7241615, '2026-05-30 11:52:08.432945', 1.0764598846436, 1.7999999523163),
	(542, 8, -6.933008, 107.7241529, '2026-05-30 11:52:09.563427', 1.0620975494385, 1.8329999446869),
	(543, 8, -6.9330098, 107.7241433, '2026-05-30 11:52:10.67694', 1.0452111959457, 1.8830000162125),
	(544, 8, -6.9330136, 107.7241335, '2026-05-30 11:52:11.80479', 1.0353623628616, 1.9160000085831),
	(545, 8, -6.9330183, 107.7241236, '2026-05-30 11:52:13.289162', 0.99253863096237, 1.9500000476837),
	(546, 8, -6.9330211, 107.7241157, '2026-05-30 11:52:14.428494', 0.28433281183243, 1.9830000400543),
	(547, 8, -6.9330226, 107.7241089, '2026-05-30 11:52:16.850059', 0.077981911599636, 2.0329999923706),
	(548, 8, -6.9330243, 107.7241026, '2026-05-30 11:52:17.990801', 0.025046855211258, 2.0829999446869),
	(549, 8, -6.9330316, 107.7240926, '2026-05-30 11:52:19.10765', 0.012604868039489, 2.1159999370575),
	(550, 8, -6.9330396, 107.7240789, '2026-05-30 11:52:20.232461', 0.76719605922699, 2.1329998970032),
	(551, 8, -6.9330451, 107.7240626, '2026-05-30 11:52:21.361467', 0.8839567899704, 2.1329998970032),
	(552, 8, -6.9330502, 107.7240503, '2026-05-30 11:52:22.849643', 0.89284241199493, 2.0999999046326),
	(553, 8, -6.9330563, 107.7240385, '2026-05-30 11:52:23.984845', 0.89754420518875, 2.0499999523163),
	(554, 8, -6.9330616, 107.7240279, '2026-05-30 11:52:25.123275', 0.87617784738541, 2),
	(555, 8, -6.9330657, 107.7240189, '2026-05-30 11:52:26.630538', 0.8703590631485, 1.9500000476837),
	(556, 8, -6.9330694, 107.7240127, '2026-05-30 11:52:28.159968', 0.85394603013992, 1.9160000085831),
	(557, 8, -6.9330714, 107.7240062, '2026-05-30 11:52:30.353155', 0.8429844379425, 1.8999999761581),
	(558, 8, -6.9330727, 107.7239984, '2026-05-30 11:52:31.49303', 0.84578984975815, 1.8999999761581),
	(559, 8, -6.9330731, 107.7239891, '2026-05-30 11:52:32.977665', 0.83490192890167, 1.8999999761581),
	(560, 8, -6.9330742, 107.7239782, '2026-05-30 11:52:34.113996', 0.82277530431747, 1.8999999761581),
	(561, 8, -6.9330746, 107.7239668, '2026-05-30 11:52:35.259969', 0.81832766532898, 1.8999999761581),
	(562, 8, -6.933077, 107.7239552, '2026-05-30 11:52:37.664653', 0.82279050350189, 1.8999999761581),
	(563, 8, -6.933079, 107.7239447, '2026-05-30 11:52:39.183472', 0.81613999605179, 1.8999999761581),
	(564, 8, -6.9330796, 107.7239357, '2026-05-30 11:52:40.345908', 0.82098585367203, 1.9160000085831),
	(565, 8, -6.933081, 107.7239249, '2026-05-30 11:52:43.287714', 0.82711344957352, 1.9329999685287),
	(566, 8, -6.9330817, 107.7239122, '2026-05-30 11:52:44.43495', 0.85266011953354, 1.9500000476837),
	(567, 8, -6.9330852, 107.7239002, '2026-05-30 11:52:45.599646', 0.88141638040543, 1.9659999608994),
	(568, 8, -6.9330898, 107.7238872, '2026-05-30 11:52:47.11507', 0.89366978406906, 1.9830000400543),
	(569, 8, -6.9330962, 107.7238775, '2026-05-30 11:52:48.251226', 0.87006866931915, 2),
	(570, 8, -6.933102, 107.7238678, '2026-05-30 11:52:49.388121', 0.85709297657013, 2),
	(571, 8, -6.9331085, 107.7238602, '2026-05-30 11:52:50.893975', 0.84254950284958, 2),
	(572, 8, -6.9331153, 107.7238488, '2026-05-30 11:52:52.04982', 0.83465576171875, 2),
	(573, 8, -6.9331184, 107.7238384, '2026-05-30 11:52:53.187762', 0.82239860296249, 2),
	(574, 8, -6.9331216, 107.7238293, '2026-05-30 11:52:54.315141', 0.83063113689423, 2.0160000324249),
	(575, 8, -6.9331248, 107.7238212, '2026-05-30 11:52:55.439129', 0.2730750143528, 2.0329999923706),
	(576, 8, -6.9331273, 107.7238129, '2026-05-30 11:52:56.559768', 0.10135634243488, 2.0659999847412),
	(577, 8, -6.9332102, 107.7236529, '2026-05-30 11:53:32.762826', 1.1640776395798, 9.0050001144409),
	(578, 8, -6.9331991, 107.723666, '2026-05-30 11:53:33.881631', 1.2599198818207, 8.2290000915527),
	(579, 8, -6.9331273, 107.7238129, '2026-05-30 11:53:37.433265', 0.10135634243488, 2.0659999847412),
	(580, 8, -6.9331184, 107.7238384, '2026-05-30 11:53:41.770791', 0.82239860296249, 2),
	(581, 8, -6.9330962, 107.7238775, '2026-05-30 11:53:46.536586', 0.87006866931915, 2),
	(582, 8, -6.9331248, 107.7238212, '2026-05-30 11:53:47.673789', 0.2730750143528, 2.0329999923706),
	(583, 8, -6.933102, 107.7238678, '2026-05-30 11:53:48.822788', 0.85709297657013, 2),
	(584, 8, -6.9330852, 107.7239002, '2026-05-30 11:53:49.947945', 0.88141638040543, 1.9659999608994),
	(585, 8, -6.9331085, 107.7238602, '2026-05-30 11:53:51.068055', 0.84254950284958, 2),
	(586, 8, -6.9331153, 107.7238488, '2026-05-30 11:53:52.56185', 0.83465576171875, 2),
	(587, 8, -6.9333123, 107.7233661, '2026-05-30 11:53:53.706799', 3.9770555496216, 6.5890002250671),
	(588, 8, -6.933081, 107.7239249, '2026-05-30 11:53:56.105818', 0.82711344957352, 1.9329999685287),
	(589, 8, -6.9331216, 107.7238293, '2026-05-30 11:53:57.621788', 0.83063113689423, 2.0160000324249),
	(590, 8, -6.9330817, 107.7239122, '2026-05-30 11:53:58.754919', 0.85266011953354, 1.9500000476837),
	(591, 8, -6.9330898, 107.7238872, '2026-05-30 11:53:59.883781', 0.89366978406906, 1.9830000400543),
	(592, 8, -6.9331981, 107.7236255, '2026-05-30 11:54:01.019354', 3.8320517539978, 7.7230000495911),
	(593, 8, -6.9332021, 107.7235647, '2026-05-30 11:54:02.166298', 5.2042288780212, 7.3520002365112),
	(594, 8, -6.9332293, 107.7234579, '2026-05-30 11:54:03.298242', 4.9699673652649, 7.0159997940063),
	(595, 8, -6.9333432, 107.7233238, '2026-05-30 11:54:04.803336', 2.3810336589813, 5.1750001907349),
	(596, 8, -6.9333529, 107.7233013, '2026-05-30 11:54:05.937548', 1.508885383606, 4.5710000991821),
	(597, 8, -6.9333634, 107.7232787, '2026-05-30 11:54:07.057307', 1.1284608840942, 3.8159999847412),
	(598, 8, -6.9333698, 107.7232672, '2026-05-30 11:54:08.201733', 0.81747388839722, 3.2999999523163),
	(599, 8, -6.9333786, 107.7232552, '2026-05-30 11:54:10.724709', 0.68095463514328, 2.8499999046326),
	(600, 8, -6.9333882, 107.7232438, '2026-05-30 11:54:11.851229', 0.69131398200989, 2.6159999370575),
	(601, 8, -6.9333981, 107.723231, '2026-05-30 11:54:12.990109', 0.77604097127914, 2.4000000953674),
	(602, 8, -6.9334035, 107.723221, '2026-05-30 11:54:14.118574', 0.81539410352707, 2.2999999523163),
	(603, 8, -6.9334086, 107.7232132, '2026-05-30 11:54:15.607701', 0.78320974111557, 2.25),
	(604, 8, -6.9334133, 107.7232075, '2026-05-30 11:54:19.886896', 0.2902814745903, 2.2330000400543),
	(605, 8, -6.9334173, 107.7232031, '2026-05-30 11:54:21.009688', 0.11712498217821, 2.25),
	(606, 8, -6.9334217, 107.7231985, '2026-05-30 11:54:22.13073', 0.067367292940617, 2.3159999847412),
	(607, 8, -6.9334276, 107.7231867, '2026-05-30 11:54:29.945702', 0.071442618966103, 2.4000000953674),
	(608, 8, -6.9334329, 107.7231784, '2026-05-30 11:54:31.101159', 0.065051086246967, 2.5),
	(609, 8, -6.9334368, 107.7231725, '2026-05-30 11:54:32.227741', 0.042947921901941, 2.5999999046326),
	(610, 8, -6.9334391, 107.7231637, '2026-05-30 11:54:33.342802', 0.035205584019423, 2.7000000476837),
	(611, 8, -6.9334398, 107.7231623, '2026-05-30 11:54:34.483787', 0.014407097361982, 2.7660000324249),
	(612, 8, -6.9334411, 107.7231641, '2026-05-30 11:54:35.611979', 0.0060706594958901, 2.7999999523163),
	(613, 8, -6.9334473, 107.7231578, '2026-05-30 11:54:37.110716', 0.019500888884068, 2.8159999847412),
	(614, 8, -6.9334574, 107.7231547, '2026-05-30 11:54:38.282867', 0.033505275845528, 2.7999999523163),
	(615, 8, -6.9334639, 107.7231457, '2026-05-30 11:54:40.740838', 0.034428145736456, 2.7999999523163),
	(616, 8, -6.9334717, 107.7231382, '2026-05-30 11:54:41.861062', 0.034256909042597, 2.7829999923706),
	(617, 8, -6.933481, 107.7231278, '2026-05-30 11:54:43.366038', 0.039105288684368, 2.7660000324249),
	(618, 8, -6.9334896, 107.7231235, '2026-05-30 11:54:44.899244', 0.04534824937582, 2.75),
	(619, 8, -6.9334993, 107.7231233, '2026-05-30 11:54:47.463285', 0.053038824349642, 2.7330000400543),
	(620, 8, -6.9335104, 107.7231222, '2026-05-30 11:54:48.624402', 0.0563501752913, 2.75),
	(621, 8, -6.9335265, 107.7231218, '2026-05-30 11:54:49.745282', 0.079428687691689, 2.75),
	(622, 8, -6.9335419, 107.7231217, '2026-05-30 11:54:53.688648', 0.088259197771549, 2.7660000324249),
	(623, 8, -6.9335536, 107.7231205, '2026-05-30 11:54:54.821425', 0.085220083594322, 2.7999999523163),
	(624, 8, -6.933563, 107.7231202, '2026-05-30 11:54:56.324338', 0.072762109339237, 2.8499999046326),
	(625, 8, -6.9335738, 107.7231223, '2026-05-30 11:54:57.84901', 0.063576310873032, 2.8829998970032),
	(626, 8, -6.9335841, 107.7231265, '2026-05-30 11:54:58.977663', 0.058987896889448, 2.9000000953674),
	(627, 8, -6.9336198, 107.7230907, '2026-05-30 11:55:06.462263', 0.17495483160019, 2.9000000953674),
	(628, 8, -6.9336379, 107.7230812, '2026-05-30 11:55:07.598108', 0.13084352016449, 2.8800001144409),
	(629, 8, -6.9336467, 107.7230861, '2026-05-30 11:55:09.778106', 0.087705537676811, 2.8599998950958),
	(630, 8, -6.9336585, 107.7230935, '2026-05-30 11:55:11.270675', 0.096443898975849, 2.8599998950958),
	(631, 8, -6.9336691, 107.7231016, '2026-05-30 11:55:12.415238', 0.084356479346752, 2.8599998950958),
	(632, 8, -6.9336816, 107.7231122, '2026-05-30 11:55:13.542658', 0.091250494122505, 2.8800001144409),
	(633, 8, -6.933683, 107.7231374, '2026-05-30 11:55:14.682067', 0.09143403917551, 2.8829998970032),
	(634, 8, -6.9336868, 107.7231545, '2026-05-30 11:55:15.802248', 0.064052022993565, 2.8659999370575),
	(635, 8, -6.9336891, 107.7231666, '2026-05-30 11:55:16.927443', 0.035740684717894, 2.8329999446869),
	(636, 8, -6.9336932, 107.7231737, '2026-05-30 11:55:19.352363', 0.025792310014367, 2.7829999923706),
	(637, 9, -6.9367249, 107.7226409, '2026-05-30 11:58:48.556047', 1.1361181735992, 1.6000000238419),
	(638, 9, -6.9367324, 107.7226331, '2026-05-30 11:58:50.044841', 1.1174578666687, 1.6000000238419),
	(639, 9, -6.9367405, 107.7226274, '2026-05-30 11:58:51.191686', 1.0971957445145, 1.6000000238419),
	(640, 9, -6.9367498, 107.7226222, '2026-05-30 11:58:52.303825', 1.0932848453522, 1.6160000562668),
	(641, 9, -6.9367573, 107.722616, '2026-05-30 11:58:53.448752', 1.0959938764572, 1.6330000162125),
	(642, 9, -6.9367667, 107.7226109, '2026-05-30 11:58:54.567242', 1.0922906398773, 1.6330000162125),
	(643, 9, -6.9367753, 107.7226071, '2026-05-30 11:58:55.696513', 1.0777244567871, 1.6330000162125),
	(644, 9, -6.9367849, 107.7226013, '2026-05-30 11:58:56.812705', 1.0860362052917, 1.6330000162125),
	(645, 9, -6.9367993, 107.7225934, '2026-05-30 11:58:58.320508', 1.1316987276077, 1.6499999761581),
	(646, 9, -6.9368154, 107.7225852, '2026-05-30 11:58:59.854231', 1.1706902980804, 1.6660000085831),
	(647, 9, -6.9368298, 107.7225783, '2026-05-30 11:59:01.008558', 1.1779853105545, 1.7000000476837),
	(648, 9, -6.9368387, 107.7225738, '2026-05-30 11:59:02.126803', 1.1465097665787, 1.75),
	(649, 9, -6.9368472, 107.7225687, '2026-05-30 11:59:03.248999', 1.1488503217697, 1.7999999523163),
	(650, 9, -6.9368591, 107.7225662, '2026-05-30 11:59:06.723672', 1.145906329155, 1.8500000238419),
	(651, 9, -6.9368732, 107.7225599, '2026-05-30 11:59:07.857359', 1.1807420253754, 1.8830000162125),
	(652, 9, -6.9368868, 107.722552, '2026-05-30 11:59:08.985602', 1.2588201761246, 1.8999999761581),
	(653, 9, -6.936898, 107.7225398, '2026-05-30 11:59:10.127673', 1.3656531572342, 1.8999999761581),
	(654, 9, -6.9369109, 107.7225312, '2026-05-30 11:59:11.248548', 1.4414409399033, 1.8999999761581),
	(655, 9, -6.9369231, 107.7225205, '2026-05-30 11:59:13.411725', 1.4948607683182, 1.9160000085831),
	(656, 9, -6.9369302, 107.7225134, '2026-05-30 11:59:14.532537', 1.4512149095535, 1.9160000085831),
	(657, 9, -6.9369334, 107.7225077, '2026-05-30 11:59:16.030088', 1.4085235595703, 1.9160000085831),
	(658, 9, -6.9369378, 107.7225028, '2026-05-30 11:59:17.532293', 1.3951060771942, 1.9160000085831),
	(659, 9, -6.9369451, 107.7224971, '2026-05-30 11:59:18.667713', 1.3856993913651, 1.8999999761581),
	(660, 9, -6.9369534, 107.7224945, '2026-05-30 11:59:20.15977', 1.3779079914093, 1.8660000562668),
	(661, 9, -6.9369639, 107.7224939, '2026-05-30 11:59:21.30875', 1.378861784935, 1.8329999446869),
	(662, 9, -6.9369788, 107.7224927, '2026-05-30 11:59:22.795853', 1.3966581821442, 1.8159999847412),
	(663, 9, -6.9369914, 107.7224911, '2026-05-30 11:59:23.949636', 1.3195331096649, 1.7999999523163),
	(664, 9, -6.9370008, 107.7224934, '2026-05-30 11:59:25.456448', 1.1288038492203, 1.7829999923706),
	(665, 9, -6.9370064, 107.7224979, '2026-05-30 11:59:27.893859', 1.0071436166763, 1.7660000324249),
	(666, 9, -6.9370097, 107.7225025, '2026-05-30 11:59:29.013655', 0.991674721241, 1.7829999923706),
	(667, 9, -6.9370175, 107.722504, '2026-05-30 11:59:30.135936', 0.98070782423019, 1.7829999923706),
	(668, 9, -6.9370272, 107.7225062, '2026-05-30 11:59:31.28018', 0.97966134548187, 1.7829999923706),
	(669, 9, -6.9370422, 107.7225075, '2026-05-30 11:59:32.42197', 1.0383322238922, 1.7829999923706),
	(670, 9, -6.9370563, 107.722505, '2026-05-30 11:59:34.602109', 1.0935781002045, 1.7829999923706),
	(671, 9, -6.9370665, 107.7224984, '2026-05-30 11:59:35.721542', 1.0466278791428, 1.8159999847412),
	(672, 9, -6.9370751, 107.7224852, '2026-05-30 11:59:36.868098', 0.94195008277893, 1.8329999446869),
	(673, 9, -6.9370854, 107.7224689, '2026-05-30 11:59:37.99199', 0.950798869133, 1.8329999446869),
	(674, 9, -6.9370978, 107.7224557, '2026-05-30 11:59:39.117452', 0.98015987873077, 1.8159999847412),
	(675, 9, -6.9371088, 107.7224451, '2026-05-30 11:59:40.259652', 1.0382835865021, 1.7999999523163),
	(676, 9, -6.937118, 107.7224369, '2026-05-30 11:59:41.391892', 1.0892342329025, 1.7660000324249),
	(677, 9, -6.937129, 107.7224295, '2026-05-30 11:59:42.538751', 1.163391828537, 1.7159999608994),
	(678, 9, -6.9371407, 107.7224225, '2026-05-30 11:59:43.663957', 1.2079731225967, 1.6829999685287),
	(679, 9, -6.9371538, 107.7224162, '2026-05-30 11:59:45.171119', 1.2328873872757, 1.6660000085831),
	(680, 9, -6.9371635, 107.7224132, '2026-05-30 11:59:48.413816', 1.1168832778931, 1.6660000085831),
	(681, 9, -6.9371711, 107.7224122, '2026-05-30 11:59:49.935379', 1.1192345619202, 1.6499999761581),
	(682, 9, -6.9371792, 107.7224123, '2026-05-30 11:59:51.101555', 1.1126378774643, 1.6499999761581),
	(683, 9, -6.9371874, 107.7224114, '2026-05-30 11:59:52.246893', 1.0854079723358, 1.6499999761581),
	(684, 9, -6.9371991, 107.7224084, '2026-05-30 11:59:54.422857', 1.0885573625565, 1.6499999761581),
	(685, 9, -6.9372143, 107.7224022, '2026-05-30 11:59:55.549786', 1.1529040336609, 1.6499999761581),
	(686, 9, -6.9372305, 107.7223952, '2026-05-30 11:59:57.031411', 1.207821726799, 1.6499999761581),
	(687, 9, -6.9371429, 107.7224019, '2026-05-30 12:00:22.256211', 0.30784982442856, 7.1999998092651),
	(688, 9, -6.9373133, 107.7223169, '2026-05-30 12:00:23.7468', 0.096585534512997, 7.0659999847412),
	(689, 9, -6.9372916, 107.7223076, '2026-05-30 12:00:24.885778', 0.39363980293274, 6.9250001907349),
	(690, 9, -6.9372914, 107.7222859, '2026-05-30 12:00:26.020012', 0.56121504306793, 6.8000001907349),
	(691, 9, -6.9374002, 107.722236, '2026-05-30 12:00:27.17594', 0.28857877850533, 6.6999998092651),
	(692, 9, -6.9374432, 107.7222141, '2026-05-30 12:00:28.2989', 0.56546193361282, 6.6139998435974),
	(693, 9, -6.9374755, 107.7221781, '2026-05-30 12:00:29.422987', 1.2077587842941, 6.5250000953674),
	(694, 9, -6.9375167, 107.7221412, '2026-05-30 12:00:30.563651', 1.6633459329605, 6.1999998092651),
	(695, 9, -6.9375298, 107.7221228, '2026-05-30 12:00:31.715792', 1.8196007013321, 5.9499998092651),
	(696, 9, -6.9374734, 107.7220815, '2026-05-30 12:00:32.837041', 2.0208919048309, 5.8330001831055),
	(697, 9, -6.937464, 107.7220608, '2026-05-30 12:00:33.984076', 1.5972262620926, 5.7329998016357),
	(698, 9, -6.9375157, 107.7220335, '2026-05-30 12:00:36.372824', 1.2438720464706, 5.5999999046326),
	(699, 9, -6.9375563, 107.7220342, '2026-05-30 12:00:37.508163', 0.6043096780777, 5.3829998970032),
	(700, 9, -6.9375968, 107.7220265, '2026-05-30 12:00:38.665325', 0.7553049325943, 5.0159997940063),
	(701, 9, -6.9376256, 107.7220119, '2026-05-30 12:00:40.188654', 0.79861724376678, 4.5830001831055),
	(702, 9, -6.9376569, 107.7219922, '2026-05-30 12:00:41.350787', 1.1757254600525, 4.0999999046326),
	(703, 9, -6.9376837, 107.7219764, '2026-05-30 12:00:42.527366', 1.5258036851883, 3.5829999446869),
	(704, 9, -6.9377127, 107.7219641, '2026-05-30 12:00:43.689955', 2.1294832229614, 3.0999999046326),
	(705, 9, -6.9377371, 107.7219545, '2026-05-30 12:00:44.835009', 1.8456214666367, 2.7160000801086),
	(706, 9, -6.937754, 107.7219507, '2026-05-30 12:00:45.973142', 1.4192687273026, 2.5160000324249),
	(707, 9, -6.9377664, 107.7219476, '2026-05-30 12:00:47.116543', 1.1526838541031, 2.3829998970032),
	(708, 9, -6.9377756, 107.7219479, '2026-05-30 12:00:49.283351', 1.1849732398987, 2.2999999523163),
	(709, 9, -6.9377878, 107.7219457, '2026-05-30 12:00:50.422892', 1.2611315250397, 2.2330000400543),
	(710, 9, -6.9377986, 107.721946, '2026-05-30 12:00:51.552145', 1.3254635334015, 2.183000087738),
	(711, 9, -6.9378089, 107.7219365, '2026-05-30 12:00:52.67875', 1.3822146654129, 2.1500000953674),
	(712, 9, -6.9378226, 107.7219273, '2026-05-30 12:00:53.81243', 1.4732714891434, 2.1500000953674),
	(713, 9, -6.937842, 107.7219149, '2026-05-30 12:00:56.582782', 1.5645518302917, 2.1500000953674),
	(714, 9, -6.9378632, 107.7218996, '2026-05-30 12:00:57.719746', 1.6003410816193, 2.1329998970032),
	(715, 9, -6.937879, 107.7218926, '2026-05-30 12:00:59.207824', 1.575229883194, 2.1500000953674),
	(716, 9, -6.9378923, 107.7218895, '2026-05-30 12:01:00.351991', 1.5407385826111, 2.1800000667572),
	(717, 9, -6.9379029, 107.7218878, '2026-05-30 12:01:02.573769', 1.5296176671982, 2.2000000476837),
	(718, 9, -6.9379119, 107.7218863, '2026-05-30 12:01:04.083888', 1.5029135942459, 2.2200000286102),
	(719, 9, -6.9379203, 107.7218904, '2026-05-30 12:01:05.226652', 1.4802244901657, 2.2400000095367),
	(720, 9, -6.9379322, 107.7218984, '2026-05-30 12:01:06.35744', 1.5048221349716, 2.2200000286102),
	(721, 9, -6.9379438, 107.7219003, '2026-05-30 12:01:07.865922', 1.548210144043, 2.2000000476837),
	(722, 9, -6.9379567, 107.7219007, '2026-05-30 12:01:08.999876', 1.552721619606, 2.1659998893738),
	(723, 9, -6.9379676, 107.7218965, '2026-05-30 12:01:10.498464', 1.5129013061523, 2.1159999370575),
	(724, 9, -6.937981, 107.7218937, '2026-05-30 12:01:11.673919', 1.4270160198212, 2.0499999523163),
	(725, 9, -6.9379855, 107.7218877, '2026-05-30 12:01:12.811153', 1.3044273853302, 1.9800000190735),
	(726, 9, -6.9379911, 107.7218885, '2026-05-30 12:01:13.932386', 1.0309607982635, 1.9400000572205),
	(727, 9, -6.938, 107.7218966, '2026-05-30 12:01:15.063075', 1.0457636117935, 1.9199999570847),
	(728, 9, -6.9380122, 107.7219006, '2026-05-30 12:01:17.615672', 1.1524912118912, 1.8999999761581),
	(729, 9, -6.9380255, 107.7219022, '2026-05-30 12:01:18.756369', 1.2253624200821, 1.8999999761581),
	(730, 9, -6.9380412, 107.7218998, '2026-05-30 12:01:21.30255', 1.3031584024429, 1.8999999761581),
	(731, 9, -6.9380589, 107.7218941, '2026-05-30 12:01:22.803271', 1.3709735870361, 1.8999999761581),
	(732, 9, -6.9380724, 107.7218864, '2026-05-30 12:01:23.949394', 1.3714467287064, 1.8999999761581),
	(733, 9, -6.9380821, 107.7218768, '2026-05-30 12:01:25.071718', 1.3365372419357, 1.8999999761581),
	(734, 9, -6.9380907, 107.7218679, '2026-05-30 12:01:26.193196', 1.3163070678711, 1.9160000085831),
	(735, 9, -6.938098, 107.7218668, '2026-05-30 12:01:27.325753', 1.1897306442261, 1.9329999685287),
	(736, 9, -6.9381021, 107.7218699, '2026-05-30 12:01:28.453875', 1.093475818634, 1.9329999685287),
	(737, 9, -6.9381078, 107.7218691, '2026-05-30 12:01:29.957768', 1.0748158693314, 1.9329999685287),
	(738, 9, -6.938119, 107.7218619, '2026-05-30 12:01:31.095162', 1.1867680549622, 1.9329999685287),
	(739, 9, -6.9381328, 107.721854, '2026-05-30 12:01:32.228884', 1.2269917726517, 1.9329999685287),
	(740, 9, -6.9381463, 107.7218505, '2026-05-30 12:01:33.355662', 1.1736948490143, 1.9160000085831),
	(741, 9, -6.9381609, 107.7218489, '2026-05-30 12:01:34.474908', 1.0520687103271, 1.8999999761581),
	(742, 9, -6.9381758, 107.721854, '2026-05-30 12:01:35.607814', 1.0277254581451, 1.8830000162125),
	(743, 9, -6.9381919, 107.7218589, '2026-05-30 12:01:36.755731', 1.047168135643, 1.8660000562668),
	(744, 9, -6.9382063, 107.721862, '2026-05-30 12:01:37.907329', 1.1061855554581, 1.8660000562668),
	(745, 9, -6.9382189, 107.7218627, '2026-05-30 12:01:41.134436', 1.1825970411301, 1.8660000562668),
	(746, 9, -6.9382299, 107.7218604, '2026-05-30 12:01:42.263275', 1.2705911397934, 1.8660000562668),
	(747, 9, -6.9382392, 107.721855, '2026-05-30 12:01:43.381396', 1.3051699399948, 1.8660000562668),
	(748, 9, -6.938249, 107.7218495, '2026-05-30 12:01:45.93697', 1.3226088285446, 1.8830000162125),
	(749, 9, -6.9382591, 107.7218447, '2026-05-30 12:01:47.099437', 1.3248518705368, 1.8999999761581),
	(750, 9, -6.9382691, 107.7218396, '2026-05-30 12:01:48.219245', 1.3190262317657, 1.8999999761581),
	(751, 9, -6.9382814, 107.7218381, '2026-05-30 12:01:49.34513', 1.2990049123764, 1.8999999761581),
	(752, 9, -6.9382944, 107.7218371, '2026-05-30 12:01:50.83249', 1.291274189949, 1.8999999761581),
	(753, 9, -6.9383064, 107.7218366, '2026-05-30 12:01:51.973133', 1.2397640943527, 1.8830000162125),
	(754, 9, -6.9383179, 107.7218324, '2026-05-30 12:01:53.112966', 1.1990691423416, 1.8830000162125),
	(755, 9, -6.9383294, 107.7218309, '2026-05-30 12:01:54.226291', 1.1826659440994, 1.8660000562668),
	(756, 9, -6.9383409, 107.7218244, '2026-05-30 12:01:55.344914', 1.1779413223267, 1.8500000238419),
	(757, 9, -6.9383538, 107.7218179, '2026-05-30 12:01:56.461777', 1.1969004869461, 1.8329999446869),
	(758, 9, -6.9383659, 107.7218117, '2026-05-30 12:01:57.591248', 1.2081892490387, 1.8159999847412),
	(759, 9, -6.9383766, 107.7218085, '2026-05-30 12:01:58.726249', 1.2165893316269, 1.8329999446869),
	(760, 9, -6.9383868, 107.7218038, '2026-05-30 12:02:00.221353', 1.2233384847641, 1.8329999446869),
	(761, 9, -6.9383991, 107.7217976, '2026-05-30 12:02:01.746137', 1.2577254772186, 1.8500000238419),
	(762, 9, -6.9384111, 107.7217888, '2026-05-30 12:02:03.253846', 1.2520143985748, 1.8660000562668),
	(763, 9, -6.9384217, 107.7217815, '2026-05-30 12:02:04.427859', 1.2365046739578, 1.8830000162125),
	(764, 9, -6.9384291, 107.7217766, '2026-05-30 12:02:05.553918', 1.1452367305756, 1.8999999761581),
	(765, 9, -6.9384358, 107.7217762, '2026-05-30 12:02:06.684236', 1.1002547740936, 1.8999999761581),
	(766, 9, -6.9384437, 107.7217733, '2026-05-30 12:02:07.815669', 0.98308974504471, 1.8830000162125),
	(767, 9, -6.9384518, 107.7217667, '2026-05-30 12:02:08.935928', 0.96695786714554, 1.8830000162125),
	(768, 9, -6.9384622, 107.7217551, '2026-05-30 12:02:13.453761', 1.0070847272873, 1.8830000162125),
	(769, 9, -6.9384781, 107.7217454, '2026-05-30 12:02:14.577792', 1.0712912082672, 1.8830000162125),
	(770, 9, -6.9384972, 107.7217392, '2026-05-30 12:02:16.086033', 1.1270135641098, 1.8660000562668),
	(771, 9, -6.9385114, 107.7217355, '2026-05-30 12:02:17.219781', 1.1293255090714, 1.8500000238419),
	(772, 9, -6.9385239, 107.7217336, '2026-05-30 12:02:18.339879', 1.151983499527, 1.8660000562668),
	(773, 9, -6.9385346, 107.7217369, '2026-05-30 12:02:20.506002', 1.0795509815216, 1.8830000162125),
	(774, 9, -6.9385436, 107.7217397, '2026-05-30 12:02:21.628331', 1.1547201871872, 1.8830000162125),
	(775, 9, -6.9385513, 107.721734, '2026-05-30 12:02:23.135763', 1.2619585990906, 1.8830000162125),
	(776, 9, -6.9385595, 107.7217268, '2026-05-30 12:02:24.644087', 1.311149597168, 1.8999999761581),
	(777, 9, -6.9385712, 107.7217182, '2026-05-30 12:02:25.771678', 1.3752171993256, 1.9329999685287),
	(778, 9, -6.9385807, 107.7217027, '2026-05-30 12:02:26.896487', 1.3529968261719, 1.9500000476837),
	(779, 9, -6.9385857, 107.7216923, '2026-05-30 12:02:28.032735', 1.2612527608871, 1.9500000476837),
	(780, 9, -6.9385906, 107.7216897, '2026-05-30 12:02:29.182729', 1.0835901498795, 1.9500000476837),
	(781, 9, -6.9385953, 107.7216883, '2026-05-30 12:02:30.3176', 0.98600614070892, 1.9659999608994),
	(782, 9, -6.9386012, 107.7216858, '2026-05-30 12:02:31.468623', 0.91641545295715, 1.9830000400543),
	(783, 9, -6.9386086, 107.7216779, '2026-05-30 12:02:32.970894', 0.90867906808853, 1.9659999608994),
	(784, 9, -6.9386176, 107.7216656, '2026-05-30 12:02:34.129586', 0.91961359977722, 1.9500000476837),
	(785, 9, -6.9386247, 107.721652, '2026-05-30 12:02:35.619796', 0.91464650630951, 1.9329999685287),
	(786, 9, -6.93863, 107.7216383, '2026-05-30 12:02:36.782548', 0.91772019863129, 1.9500000476837),
	(787, 9, -6.9386359, 107.7216246, '2026-05-30 12:02:37.911429', 0.89019167423248, 1.9500000476837),
	(788, 9, -6.9386401, 107.7216172, '2026-05-30 12:02:39.058495', 0.83348560333252, 1.9500000476837),
	(789, 9, -6.9386439, 107.7216129, '2026-05-30 12:02:40.190294', 0.79440611600876, 1.9500000476837),
	(790, 9, -6.9386511, 107.7216073, '2026-05-30 12:02:41.312896', 0.81674385070801, 1.9659999608994),
	(791, 9, -6.9397589, 107.7212071, '2026-05-30 12:03:45.141036', 6.4069576263428, 7.9000000953674),
	(792, 9, -6.9397735, 107.7212024, '2026-05-30 12:03:46.267304', 4.806896686554, 6.3000001907349),
	(793, 9, -6.9397873, 107.7211959, '2026-05-30 12:03:47.399763', 4.3864517211914, 5.3249998092651),
	(794, 9, -6.9397991, 107.7211923, '2026-05-30 12:03:49.959058', 3.5861196517944, 4.6999998092651),
	(795, 9, -6.9398149, 107.7211792, '2026-05-30 12:03:52.367728', 0.80677103996277, 4.2829999923706),
	(796, 9, -6.9398282, 107.7211865, '2026-05-30 12:03:53.490842', 0.8223083615303, 3.970999956131),
	(797, 9, -6.9398427, 107.7211953, '2026-05-30 12:03:54.625812', 0.99299168586731, 3.7369999885559),
	(798, 9, -6.9398576, 107.7212019, '2026-05-30 12:03:55.741038', 1.0162792205811, 2.3139998912811),
	(799, 9, -6.9398701, 107.7212028, '2026-05-30 12:03:56.86014', 0.94277334213257, 2.1329998970032),
	(800, 9, -6.9398806, 107.7212041, '2026-05-30 12:03:57.980922', 0.85434836149216, 2.1159999370575),
	(801, 9, -6.9398871, 107.7212018, '2026-05-30 12:03:59.102048', 0.63601863384247, 2.0999999046326),
	(802, 9, -6.9398933, 107.7211994, '2026-05-30 12:04:00.626151', 0.29137250781059, 2.0829999446869),
	(803, 9, -6.9398948, 107.7211993, '2026-05-30 12:04:01.764084', 0.30069130659103, 2.0499999523163),
	(804, 9, -6.9399051, 107.7212253, '2026-05-30 12:04:02.883874', 0.82757937908173, 2.039999961853),
	(805, 9, -6.9398993, 107.7212618, '2026-05-30 12:04:04.3813', 1.3888264894485, 2.0199999809265),
	(806, 9, -6.9399036, 107.7212882, '2026-05-30 12:04:05.519734', 1.2223373651505, 1.960000038147),
	(807, 9, -6.9399075, 107.7213067, '2026-05-30 12:04:06.659963', 1.3609218597412, 1.9199999570847),
	(808, 9, -6.9399129, 107.7213241, '2026-05-30 12:04:07.785261', 1.3798725605011, 1.8799999952316),
	(809, 9, -6.9399195, 107.7213348, '2026-05-30 12:04:11.281236', 1.4138190746307, 1.8500000238419),
	(810, 9, -6.9399322, 107.7213429, '2026-05-30 12:04:12.4104', 1.3547331094742, 1.7829999923706),
	(811, 9, -6.9399416, 107.7213534, '2026-05-30 12:04:13.551823', 1.1368343830109, 1.75),
	(812, 9, -6.9399508, 107.7213649, '2026-05-30 12:04:14.723727', 1.1685807704926, 1.7660000324249),
	(813, 9, -6.9399581, 107.7213744, '2026-05-30 12:04:15.886742', 1.2185572385788, 1.7829999923706),
	(814, 9, -6.9399664, 107.7213831, '2026-05-30 12:04:17.002814', 1.2346218824387, 1.8159999847412),
	(815, 9, -6.9399761, 107.7213913, '2026-05-30 12:04:18.507713', 1.2118349075317, 1.8329999446869),
	(816, 9, -6.939985, 107.7213993, '2026-05-30 12:04:19.642847', 1.1996240615845, 1.8500000238419),
	(817, 9, -6.9399934, 107.7214063, '2026-05-30 12:04:20.760849', 1.1805129051208, 1.8500000238419),
	(818, 9, -6.940004, 107.7214131, '2026-05-30 12:04:23.306671', 1.159992814064, 1.8500000238419),
	(819, 9, -6.9400165, 107.7214244, '2026-05-30 12:04:24.432229', 1.1365373134613, 1.8660000562668),
	(820, 9, -6.940027, 107.7214326, '2026-05-30 12:04:25.950413', 1.0843962430954, 1.8660000562668),
	(821, 9, -6.9400346, 107.7214387, '2026-05-30 12:04:27.083779', 1.0531525611877, 1.8830000162125),
	(822, 9, -6.9400416, 107.7214449, '2026-05-30 12:04:28.22634', 0.99656862020493, 1.8999999761581),
	(823, 9, -6.9400476, 107.721445, '2026-05-30 12:04:29.343329', 0.97980773448944, 1.8999999761581),
	(824, 9, -6.9400542, 107.7214455, '2026-05-30 12:04:31.78181', 1.0070135593414, 1.8830000162125),
	(825, 9, -6.9400645, 107.7214432, '2026-05-30 12:04:32.904963', 1.0102980136871, 1.8500000238419),
	(826, 9, -6.9400757, 107.7214424, '2026-05-30 12:04:34.415725', 0.99914562702179, 1.8329999446869),
	(827, 9, -6.9400871, 107.7214384, '2026-05-30 12:04:35.568762', 0.9322350025177, 1.8159999847412),
	(828, 9, -6.9400938, 107.7214394, '2026-05-30 12:04:36.699097', 0.83890175819397, 1.7999999523163),
	(829, 9, -6.9401013, 107.7214407, '2026-05-30 12:04:37.816655', 0.77059602737427, 1.7999999523163),
	(830, 9, -6.9401079, 107.7214436, '2026-05-30 12:04:38.95811', 0.73631906509399, 1.7999999523163),
	(831, 9, -6.9401195, 107.7214438, '2026-05-30 12:04:40.094978', 0.80359697341919, 1.7999999523163),
	(832, 9, -6.9401313, 107.7214451, '2026-05-30 12:04:42.273466', 0.84807431697845, 1.7999999523163),
	(833, 9, -6.9401432, 107.7214455, '2026-05-30 12:04:43.400226', 0.88847452402115, 1.7999999523163),
	(834, 9, -6.9401549, 107.7214444, '2026-05-30 12:04:44.52716', 0.85891896486282, 1.7999999523163),
	(835, 9, -6.9401664, 107.7214468, '2026-05-30 12:04:46.032209', 0.8396919965744, 1.7999999523163),
	(836, 9, -6.9401779, 107.7214513, '2026-05-30 12:04:47.167673', 0.82858943939209, 1.7829999923706),
	(837, 9, -6.940192, 107.7214558, '2026-05-30 12:04:48.292974', 0.90554171800613, 1.7660000324249),
	(838, 9, -6.9402093, 107.7214618, '2026-05-30 12:04:49.433228', 1.0542901754379, 1.75),
	(839, 9, -6.9402288, 107.7214683, '2026-05-30 12:04:50.555677', 1.2036156654358, 1.7330000400543),
	(840, 9, -6.940248, 107.7214738, '2026-05-30 12:04:53.370513', 1.3181618452072, 1.7159999608994),
	(841, 9, -6.9402623, 107.7214776, '2026-05-30 12:04:54.889913', 1.4082304239273, 1.7159999608994),
	(842, 9, -6.9402761, 107.7214836, '2026-05-30 12:04:56.022006', 1.449028968811, 1.7330000400543),
	(843, 9, -6.9402871, 107.7214895, '2026-05-30 12:04:57.531025', 1.4110374450684, 1.75),
	(844, 9, -6.9402974, 107.7214926, '2026-05-30 12:04:59.038477', 1.4502874612808, 1.75),
	(845, 9, -6.9403087, 107.7214967, '2026-05-30 12:05:00.187849', 1.4755870103836, 1.7330000400543),
	(846, 9, -6.9403182, 107.7214978, '2026-05-30 12:05:01.321082', 1.4911861419678, 1.7159999608994),
	(847, 9, -6.940327, 107.721499, '2026-05-30 12:05:02.481339', 1.4849996566772, 1.7000000476837),
	(848, 9, -6.9403353, 107.7214968, '2026-05-30 12:05:03.619247', 1.4066706895828, 1.6829999685287),
	(849, 9, -6.9403446, 107.7214957, '2026-05-30 12:05:04.769452', 1.3052642345428, 1.6660000085831),
	(850, 9, -6.9403518, 107.7214952, '2026-05-30 12:05:05.938799', 1.1984081268311, 1.6829999685287),
	(851, 9, -6.9405514, 107.7215076, '2026-05-30 12:05:08.874061', 1.2418167591095, 1.7000000476837),
	(852, 9, -6.9405654, 107.7215086, '2026-05-30 12:05:12.713271', 1.2578488588333, 1.7000000476837),
	(853, 9, -6.9405778, 107.7215099, '2026-05-30 12:05:14.208002', 1.2777318954468, 1.7000000476837),
	(854, 9, -6.940591, 107.7215117, '2026-05-30 12:05:15.341313', 1.2999888658524, 1.7000000476837),
	(855, 9, -6.940603, 107.7215123, '2026-05-30 12:05:16.847935', 1.2998521327972, 1.7000000476837),
	(856, 9, -6.9406147, 107.7215175, '2026-05-30 12:05:18.001501', 1.2957303524017, 1.7000000476837),
	(857, 9, -6.9406263, 107.7215219, '2026-05-30 12:05:19.51842', 1.2901319265366, 1.7000000476837),
	(858, 9, -6.940639, 107.7215255, '2026-05-30 12:05:20.650593', 1.2701855897903, 1.7000000476837),
	(859, 9, -6.9406512, 107.721526, '2026-05-30 12:05:21.768231', 1.2448593378067, 1.7000000476837),
	(860, 9, -6.9406619, 107.7215269, '2026-05-30 12:05:22.901877', 1.2202855348587, 1.7000000476837),
	(861, 9, -6.9406708, 107.7215281, '2026-05-30 12:05:24.022734', 1.188887834549, 1.7000000476837),
	(862, 9, -6.9406816, 107.721531, '2026-05-30 12:05:25.151733', 1.1788165569305, 1.6829999685287),
	(863, 9, -6.9406918, 107.7215355, '2026-05-30 12:05:27.330185', 1.1747491359711, 1.6660000085831),
	(864, 9, -6.9407019, 107.7215404, '2026-05-30 12:05:28.46729', 1.1745631694794, 1.6499999761581),
	(865, 9, -6.940713, 107.7215441, '2026-05-30 12:05:29.603676', 1.1705758571625, 1.6330000162125),
	(866, 9, -6.9407244, 107.7215456, '2026-05-30 12:05:30.75339', 1.163689494133, 1.6160000562668),
	(867, 9, -6.9407361, 107.7215456, '2026-05-30 12:05:33.181423', 1.1828352212906, 1.6000000238419),
	(868, 9, -6.940749, 107.7215465, '2026-05-30 12:05:34.67378', 1.2009872198105, 1.6000000238419),
	(869, 9, -6.9407599, 107.7215481, '2026-05-30 12:05:35.829522', 1.2055703401566, 1.6000000238419),
	(870, 9, -6.9407713, 107.7215513, '2026-05-30 12:05:36.963766', 1.2179380655289, 1.6000000238419),
	(871, 9, -6.9407829, 107.7215535, '2026-05-30 12:05:38.097683', 1.2105239629745, 1.6000000238419),
	(872, 9, -6.9407946, 107.7215533, '2026-05-30 12:05:39.613663', 1.1865602731705, 1.6160000562668),
	(873, 9, -6.940805, 107.7215547, '2026-05-30 12:05:40.75906', 1.0629725456238, 1.6330000162125),
	(874, 9, -6.9408109, 107.7215609, '2026-05-30 12:05:42.270924', 0.99740213155746, 1.6330000162125),
	(875, 9, -6.9408178, 107.7215681, '2026-05-30 12:05:43.420209', 0.95957815647125, 1.6330000162125),
	(876, 9, -6.940828, 107.7215748, '2026-05-30 12:05:44.536601', 0.92213708162308, 1.6499999761581),
	(877, 9, -6.9408419, 107.721575, '2026-05-30 12:05:45.66884', 0.89839947223663, 1.6660000085831),
	(878, 9, -6.9408582, 107.7215738, '2026-05-30 12:05:46.796954', 0.99499362707138, 1.6660000085831),
	(879, 9, -6.9408773, 107.7215721, '2026-05-30 12:05:48.961759', 1.0825130939484, 1.6660000085831),
	(880, 9, -6.9408949, 107.7215693, '2026-05-30 12:05:50.471754', 1.1193745136261, 1.6829999685287),
	(881, 9, -6.9409095, 107.7215671, '2026-05-30 12:05:52.009589', 1.0971702337265, 1.7000000476837),
	(882, 9, -6.9409208, 107.7215599, '2026-05-30 12:05:53.143113', 1.1243424415588, 1.7000000476837),
	(883, 9, -6.9409313, 107.7215519, '2026-05-30 12:05:54.274271', 1.1844586133957, 1.6829999685287),
	(884, 9, -6.9409428, 107.7215463, '2026-05-30 12:05:56.669931', 1.2628275156021, 1.6660000085831),
	(885, 9, -6.9409547, 107.7215399, '2026-05-30 12:05:57.818682', 1.3278028964996, 1.6499999761581),
	(886, 9, -6.9409655, 107.7215358, '2026-05-30 12:05:59.347976', 1.3449807167053, 1.6330000162125),
	(887, 9, -6.9409757, 107.7215361, '2026-05-30 12:06:00.500868', 1.3122119903564, 1.6160000562668),
	(888, 9, -6.9409869, 107.7215368, '2026-05-30 12:06:01.99044', 1.2720637321472, 1.6160000562668),
	(889, 9, -6.9409983, 107.7215368, '2026-05-30 12:06:03.509292', 1.2127689123154, 1.6330000162125),
	(890, 9, -6.9410085, 107.7215352, '2026-05-30 12:06:04.656588', 1.1855140924454, 1.6499999761581),
	(891, 9, -6.9410197, 107.7215325, '2026-05-30 12:06:05.784462', 1.1933904886246, 1.6660000085831),
	(892, 9, -6.9410324, 107.7215292, '2026-05-30 12:06:06.91961', 1.2080764770508, 1.6829999685287),
	(893, 9, -6.9410444, 107.7215247, '2026-05-30 12:06:08.037681', 1.2116810083389, 1.7000000476837),
	(894, 9, -6.9410811, 107.7215352, '2026-05-30 12:06:10.197942', 0.8482478260994, 2.6329998970032),
	(895, 9, -6.9410935, 107.7215309, '2026-05-30 12:06:11.319772', 0.89430963993073, 2.5139999389648),
	(896, 9, -6.9411163, 107.7215206, '2026-05-30 12:06:13.500231', 0.99608904123306, 2.5420000553131),
	(897, 9, -6.9414177, 107.7214292, '2026-05-30 12:06:15.005489', 1.1215571165085, 1.8159999847412),
	(898, 9, -6.9414279, 107.7214276, '2026-05-30 12:06:16.151429', 1.0605764389038, 1.8159999847412),
	(899, 9, -6.941438, 107.7214305, '2026-05-30 12:06:18.560639', 1.0452255010605, 1.8159999847412),
	(900, 9, -6.9414479, 107.7214337, '2026-05-30 12:06:19.675115', 0.99975270032883, 1.7999999523163),
	(901, 9, -6.9414578, 107.721433, '2026-05-30 12:06:20.786886', 0.97310394048691, 1.7999999523163),
	(902, 9, -6.9414676, 107.7214321, '2026-05-30 12:06:21.906644', 0.86973696947098, 1.7829999923706),
	(903, 9, -6.9414762, 107.7214311, '2026-05-30 12:06:23.02482', 0.83161044120789, 1.7660000324249),
	(904, 9, -6.9414857, 107.7214283, '2026-05-30 12:06:25.196552', 0.81427657604218, 1.7330000400543),
	(905, 9, -6.9414966, 107.7214209, '2026-05-30 12:06:26.31563', 0.81292474269867, 1.7000000476837),
	(906, 9, -6.9415092, 107.721415, '2026-05-30 12:06:27.803898', 0.79416024684906, 1.6660000085831),
	(907, 9, -6.9415222, 107.7214097, '2026-05-30 12:06:28.938151', 0.82816445827484, 1.6499999761581),
	(908, 9, -6.9415366, 107.7214032, '2026-05-30 12:06:30.055783', 0.89089918136597, 1.6499999761581),
	(909, 9, -6.9415552, 107.7214, '2026-05-30 12:06:32.588163', 1.0051194429398, 1.6660000085831),
	(910, 9, -6.9415693, 107.7213909, '2026-05-30 12:06:33.712809', 1.0891003608704, 1.7159999608994),
	(911, 9, -6.9415818, 107.7213844, '2026-05-30 12:06:34.842412', 1.1646999120712, 1.75),
	(912, 9, -6.9415928, 107.7213814, '2026-05-30 12:06:36.343364', 1.2032047510147, 1.7829999923706),
	(913, 9, -6.9416022, 107.721385, '2026-05-30 12:06:37.480013', 1.1819508075714, 1.7999999523163),
	(914, 9, -6.9416107, 107.7213859, '2026-05-30 12:06:39.890982', 1.1513370275497, 1.7999999523163),
	(915, 9, -6.9416213, 107.7213876, '2026-05-30 12:06:41.38232', 1.1596456766129, 1.7829999923706),
	(916, 9, -6.941635, 107.7213839, '2026-05-30 12:06:42.52417', 1.1724004745483, 1.75),
	(917, 9, -6.9416497, 107.7213768, '2026-05-30 12:06:43.652898', 1.2280490398407, 1.7330000400543),
	(918, 9, -6.9416624, 107.721369, '2026-05-30 12:06:44.800514', 1.2083876132965, 1.7159999608994),
	(919, 9, -6.9416742, 107.7213641, '2026-05-30 12:06:45.922767', 1.1327677965164, 1.7000000476837),
	(920, 9, -6.9416812, 107.7213582, '2026-05-30 12:06:47.036335', 1.0316445827484, 1.6829999685287),
	(921, 9, -6.9416877, 107.7213535, '2026-05-30 12:06:48.535384', 0.88776355981827, 1.6660000085831),
	(922, 9, -6.9416951, 107.721354, '2026-05-30 12:06:50.041412', 0.86923402547836, 1.6330000162125),
	(923, 9, -6.9417066, 107.7213542, '2026-05-30 12:06:51.186706', 0.89687436819077, 1.6160000562668),
	(924, 9, -6.9417195, 107.7213552, '2026-05-30 12:06:53.365956', 0.94098007678986, 1.6160000562668),
	(925, 9, -6.9417352, 107.7213514, '2026-05-30 12:06:54.49225', 1.0488460063934, 1.6160000562668),
	(926, 9, -6.941753, 107.7213429, '2026-05-30 12:06:55.634087', 1.1205447912216, 1.6330000162125),
	(927, 9, -6.9417678, 107.7213355, '2026-05-30 12:06:56.781387', 1.1211534738541, 1.6499999761581),
	(928, 9, -6.9417805, 107.7213314, '2026-05-30 12:06:57.918955', 1.1069906949997, 1.6829999685287),
	(929, 9, -6.9417888, 107.7213277, '2026-05-30 12:07:00.312378', 1.0155372619629, 1.7000000476837),
	(930, 9, -6.941797, 107.7213278, '2026-05-30 12:07:01.439553', 1.0080853700638, 1.6829999685287),
	(931, 9, -6.941803, 107.7213332, '2026-05-30 12:07:02.933326', 0.9895127415657, 1.6660000085831),
	(932, 9, -6.9418139, 107.7213401, '2026-05-30 12:07:04.0708', 1.0387119054794, 1.6499999761581),
	(933, 9, -6.9418265, 107.7213456, '2026-05-30 12:07:05.193612', 1.0741307735443, 1.6330000162125),
	(934, 9, -6.9418397, 107.7213545, '2026-05-30 12:07:06.324664', 1.1377539634705, 1.6330000162125),
	(935, 9, -6.9418515, 107.7213685, '2026-05-30 12:07:07.464149', 1.202143907547, 1.6330000162125),
	(936, 9, -6.9418619, 107.7213824, '2026-05-30 12:07:08.971099', 1.2160977125168, 1.6330000162125),
	(937, 9, -6.9419557, 107.7214882, '2026-05-30 12:07:21.445288', 1.0387642383575, 5.6950001716614),
	(938, 9, -6.9419911, 107.7215781, '2026-05-30 12:07:26.019678', 1.3831793069839, 5.3159999847412),
	(939, 9, -6.942009, 107.7216359, '2026-05-30 12:07:27.140665', 1.5081307888031, 4.9130001068115),
	(940, 9, -6.9420212, 107.7216603, '2026-05-30 12:07:28.271812', 1.3128473758698, 4.5830001831055),
	(941, 9, -6.9420414, 107.7216658, '2026-05-30 12:07:29.386246', 1.2789931297302, 4.3220000267029),
	(942, 9, -6.9420575, 107.7216664, '2026-05-30 12:07:30.507718', 1.2001510858536, 4.1199998855591),
	(943, 9, -6.941797, 107.7213278, '2026-05-30 12:07:35.123991', 1.0080853700638, 1.6829999685287),
	(944, 9, -6.9418515, 107.7213685, '2026-05-30 12:07:36.254724', 1.202143907547, 1.6330000162125),
	(945, 9, -6.941753, 107.7213429, '2026-05-30 12:07:37.397934', 1.1205447912216, 1.6330000162125),
	(946, 9, -6.9417352, 107.7213514, '2026-05-30 12:07:38.913926', 1.0488460063934, 1.6160000562668),
	(947, 9, -6.9417195, 107.7213552, '2026-05-30 12:07:40.075582', 0.94098007678986, 1.6160000562668),
	(948, 9, -6.941803, 107.7213332, '2026-05-30 12:07:41.200206', 0.9895127415657, 1.6660000085831),
	(949, 9, -6.9418619, 107.7213824, '2026-05-30 12:07:42.325085', 1.2160977125168, 1.6330000162125),
	(950, 9, -6.9417678, 107.7213355, '2026-05-30 12:07:43.483742', 1.1211534738541, 1.6499999761581),
	(951, 9, -6.9420768, 107.7216789, '2026-05-30 12:07:44.624693', 1.4124504327774, 3.4500000476837),
	(952, 9, -6.9418139, 107.7213401, '2026-05-30 12:07:45.762779', 1.0387119054794, 1.6499999761581),
	(953, 9, -6.9418265, 107.7213456, '2026-05-30 12:07:46.879598', 1.0741307735443, 1.6330000162125),
	(954, 9, -6.9417805, 107.7213314, '2026-05-30 12:07:48.011743', 1.1069906949997, 1.6829999685287),
	(955, 9, -6.9417888, 107.7213277, '2026-05-30 12:07:49.147916', 1.0155372619629, 1.7000000476837),
	(956, 9, -6.9418397, 107.7213545, '2026-05-30 12:07:50.30863', 1.1377539634705, 1.6330000162125),
	(957, 9, -6.9420933, 107.721681, '2026-05-30 12:07:51.433756', 1.4078236818314, 2.7279999256134),
	(958, 9, -6.9421135, 107.721681, '2026-05-30 12:07:52.591646', 1.4172300100327, 2.4660000801086),
	(959, 9, -6.9421303, 107.7216793, '2026-05-30 12:07:53.743321', 1.6031000614166, 2.433000087738),
	(960, 9, -6.9421543, 107.7216806, '2026-05-30 12:07:54.868292', 1.6370553970337, 2.433000087738),
	(961, 9, -6.9421767, 107.7216777, '2026-05-30 12:07:56.37689', 1.5990278720856, 2.4159998893738),
	(962, 9, -6.942197, 107.7216694, '2026-05-30 12:07:57.881844', 1.443027973175, 2.3829998970032),
	(963, 9, -6.9422083, 107.7216654, '2026-05-30 12:07:59.410793', 1.3472691774368, 2.3329999446869),
	(964, 9, -6.9422171, 107.7216757, '2026-05-30 12:08:00.548201', 1.4690445661545, 2.25),
	(965, 9, -6.9422279, 107.7216844, '2026-05-30 12:08:02.736821', 1.414698600769, 2.0799999237061),
	(966, 9, -6.9422349, 107.7216916, '2026-05-30 12:08:05.532034', 1.3939778804779, 1.960000038147),
	(967, 9, -6.9422399, 107.7216935, '2026-05-30 12:08:06.68323', 0.97713559865952, 1.8600000143051),
	(968, 9, -6.9422501, 107.7216901, '2026-05-30 12:08:07.811855', 0.94120877981186, 1.7799999713898),
	(969, 9, -6.9422615, 107.7216864, '2026-05-30 12:08:08.929545', 0.65871697664261, 1.7599999904633),
	(970, 9, -6.9422757, 107.7216808, '2026-05-30 12:08:10.064031', 0.76942384243011, 1.7330000400543),
	(971, 9, -6.9422925, 107.7216783, '2026-05-30 12:08:11.183573', 1.0474992990494, 1.7000000476837),
	(972, 9, -6.9423135, 107.7216759, '2026-05-30 12:08:12.303397', 1.243918299675, 1.6660000085831),
	(973, 9, -6.9423353, 107.7216751, '2026-05-30 12:08:13.810482', 1.3204215764999, 1.6499999761581),
	(974, 9, -6.9423526, 107.7216744, '2026-05-30 12:08:15.33082', 1.3395017385483, 1.6499999761581),
	(975, 9, -6.942366, 107.7216716, '2026-05-30 12:08:16.473488', 1.351443529129, 1.6330000162125),
	(976, 9, -6.9423759, 107.7216651, '2026-05-30 12:08:17.974581', 1.3159079551697, 1.6660000085831),
	(977, 9, -6.9423835, 107.7216634, '2026-05-30 12:08:19.477652', 1.2619913816452, 1.7000000476837),
	(978, 9, -6.9423903, 107.7216622, '2026-05-30 12:08:20.630852', 1.2175598144531, 1.7330000400543),
	(979, 9, -6.9423981, 107.7216595, '2026-05-30 12:08:22.149451', 1.2223135232925, 1.75),
	(980, 9, -6.9424085, 107.7216577, '2026-05-30 12:08:23.280724', 1.189271569252, 1.75),
	(981, 9, -6.942422, 107.7216564, '2026-05-30 12:08:24.412104', 1.1800284385681, 1.75),
	(982, 9, -6.9424377, 107.7216556, '2026-05-30 12:08:25.541652', 1.1431430578232, 1.75),
	(983, 9, -6.9424528, 107.7216542, '2026-05-30 12:08:27.048135', 1.0794332027435, 1.75),
	(984, 9, -6.9424665, 107.7216551, '2026-05-30 12:08:29.243955', 1.0437009334564, 1.75),
	(985, 9, -6.9424798, 107.7216541, '2026-05-30 12:08:30.74519', 1.0054562091827, 1.7660000324249),
	(986, 9, -6.9424884, 107.7216564, '2026-05-30 12:08:33.603273', 0.97814786434174, 1.7829999923706),
	(987, 9, -6.9424969, 107.7216557, '2026-05-30 12:08:35.101596', 1.0182740688324, 1.7999999523163),
	(988, 9, -6.94251, 107.7216538, '2026-05-30 12:08:36.64378', 1.0998497009277, 1.7999999523163),
	(989, 9, -6.9425234, 107.7216516, '2026-05-30 12:08:37.795661', 1.1869833469391, 1.7999999523163),
	(990, 9, -6.942537, 107.7216545, '2026-05-30 12:08:38.95321', 1.2322248220444, 1.7999999523163),
	(991, 9, -6.9425483, 107.7216582, '2026-05-30 12:08:40.079777', 1.264453291893, 1.7999999523163),
	(992, 9, -6.9425611, 107.7216615, '2026-05-30 12:08:44.048204', 1.309316277504, 1.7999999523163),
	(993, 9, -6.9425744, 107.7216616, '2026-05-30 12:08:45.198875', 1.3773906230927, 1.8159999847412),
	(994, 9, -6.942589, 107.7216602, '2026-05-30 12:08:47.735199', 1.4148010015488, 1.8159999847412),
	(995, 9, -6.9426004, 107.7216634, '2026-05-30 12:08:48.869324', 1.3876889944077, 1.8159999847412),
	(996, 9, -6.942613, 107.7216705, '2026-05-30 12:08:51.310139', 1.4657955169678, 1.8159999847412),
	(997, 9, -6.9426252, 107.7216713, '2026-05-30 12:08:52.804469', 1.47081387043, 1.8159999847412),
	(998, 9, -6.9426358, 107.7216715, '2026-05-30 12:08:53.960134', 1.3770235776901, 1.8159999847412),
	(999, 9, -6.9426442, 107.7216758, '2026-05-30 12:08:55.080283', 1.3327436447144, 1.7829999923706),
	(1000, 9, -6.9426547, 107.7216807, '2026-05-30 12:08:56.57823', 1.3141492605209, 1.7660000324249),
	(1001, 9, -6.9426675, 107.7216827, '2026-05-30 12:08:57.713673', 1.3394991159439, 1.75),
	(1002, 9, -6.942682, 107.7216865, '2026-05-30 12:08:58.860319', 1.3432110548019, 1.75),
	(1003, 9, -6.9426947, 107.7216859, '2026-05-30 12:08:59.985798', 1.3486375808716, 1.75),
	(1004, 9, -6.9427067, 107.7216811, '2026-05-30 12:09:01.129051', 1.3642717599869, 1.75),
	(1005, 9, -6.9427185, 107.7216769, '2026-05-30 12:09:02.264392', 1.3658609390259, 1.7660000324249),
	(1006, 9, -6.9427255, 107.7216744, '2026-05-30 12:09:03.387902', 1.2846326828003, 1.7829999923706),
	(1007, 9, -6.9427309, 107.7216726, '2026-05-30 12:09:04.520778', 1.1734615564346, 1.7999999523163),
	(1008, 9, -6.9427357, 107.7216726, '2026-05-30 12:09:05.645296', 1.1801277399063, 1.7829999923706),
	(1009, 9, -6.9427454, 107.7216702, '2026-05-30 12:09:07.145167', 1.1839330196381, 1.7660000324249),
	(1010, 9, -6.9427576, 107.7216692, '2026-05-30 12:09:08.666075', 1.1851772069931, 1.75),
	(1011, 9, -6.9427741, 107.7216686, '2026-05-30 12:09:09.807766', 1.2076778411865, 1.7330000400543),
	(1012, 9, -6.9427942, 107.7216672, '2026-05-30 12:09:10.927101', 1.2324297428131, 1.7330000400543),
	(1013, 9, -6.9428143, 107.7216689, '2026-05-30 12:09:12.048241', 1.2471513748169, 1.7159999608994),
	(1014, 9, -6.9428333, 107.7216688, '2026-05-30 12:09:14.613377', 1.2568769454956, 1.7330000400543),
	(1015, 9, -6.9428483, 107.7216675, '2026-05-30 12:09:16.129181', 1.2616496086121, 1.7330000400543),
	(1016, 9, -6.9428621, 107.7216719, '2026-05-30 12:09:17.261268', 1.2867707014084, 1.7330000400543),
	(1017, 9, -6.9428731, 107.7216778, '2026-05-30 12:09:19.698647', 1.3474346399307, 1.7330000400543),
	(1018, 9, -6.9428834, 107.7216836, '2026-05-30 12:09:20.829052', 1.4246754646301, 1.7330000400543),
	(1019, 9, -6.9428949, 107.7216865, '2026-05-30 12:09:21.958189', 1.4542299509048, 1.75),
	(1020, 9, -6.9429081, 107.7216863, '2026-05-30 12:09:23.082736', 1.5317384004593, 1.75),
	(1021, 9, -6.9429229, 107.7216841, '2026-05-30 12:09:24.596228', 1.5823218822479, 1.75),
	(1022, 9, -6.9429356, 107.7216825, '2026-05-30 12:09:25.737959', 1.5383543968201, 1.75),
	(1023, 9, -6.9429437, 107.7216858, '2026-05-30 12:09:26.872423', 1.4947290420532, 1.7660000324249),
	(1024, 9, -6.9429517, 107.7216883, '2026-05-30 12:09:28.023034', 1.3804478645325, 1.7660000324249),
	(1025, 9, -6.9429568, 107.7216953, '2026-05-30 12:09:29.531301', 1.3000100851059, 1.75),
	(1026, 9, -6.942963, 107.7217063, '2026-05-30 12:09:30.671048', 1.2298023700714, 1.7159999608994),
	(1027, 9, -6.9429678, 107.721719, '2026-05-30 12:09:33.076299', 1.220489025116, 1.6829999685287),
	(1028, 9, -6.9429766, 107.7217318, '2026-05-30 12:09:34.214357', 1.2380923032761, 1.6499999761581),
	(1029, 9, -6.9429905, 107.7217422, '2026-05-30 12:09:35.348064', 1.3005365133286, 1.6160000562668),
	(1030, 9, -6.9430092, 107.7217498, '2026-05-30 12:09:36.846963', 1.3509805202484, 1.6000000238419),
	(1031, 9, -6.9430281, 107.7217575, '2026-05-30 12:09:37.985902', 1.4162133932114, 1.6160000562668),
	(1032, 9, -6.9430433, 107.7217645, '2026-05-30 12:09:41.226027', 1.4633486270905, 1.6499999761581),
	(1033, 9, -6.9430524, 107.7217763, '2026-05-30 12:09:42.36028', 1.4874081611633, 1.7000000476837),
	(1034, 9, -6.943058, 107.7217879, '2026-05-30 12:09:43.490743', 1.5559897422791, 1.75),
	(1035, 9, -6.9430638, 107.7217978, '2026-05-30 12:09:44.623024', 1.6136243343353, 1.7660000324249),
	(1036, 9, -6.9430675, 107.7218069, '2026-05-30 12:09:45.75199', 1.6097410917282, 1.75),
	(1037, 9, -6.9430736, 107.7218142, '2026-05-30 12:09:46.875278', 1.6127513647079, 1.7159999608994),
	(1038, 9, -6.9430816, 107.7218208, '2026-05-30 12:09:48.004556', 1.5587834119797, 1.6660000085831),
	(1039, 9, -6.9430917, 107.7218278, '2026-05-30 12:09:50.180156', 1.4845116138458, 1.6330000162125),
	(1040, 9, -6.9431045, 107.7218349, '2026-05-30 12:09:51.298451', 1.4919621944427, 1.5829999446869),
	(1041, 9, -6.9431224, 107.7218415, '2026-05-30 12:09:52.801604', 1.5269402265549, 1.5829999446869),
	(1042, 9, -6.9431431, 107.7218469, '2026-05-30 12:09:55.693917', 1.5750790834427, 1.6000000238419),
	(1043, 9, -6.9431599, 107.721852, '2026-05-30 12:09:58.111047', 1.5895022153854, 1.6330000162125),
	(1044, 9, -6.9431706, 107.7218576, '2026-05-30 12:09:59.619697', 1.5897538661957, 1.6660000085831),
	(1045, 9, -6.9431785, 107.7218605, '2026-05-30 12:10:00.776154', 1.5565884113312, 1.6660000085831),
	(1046, 9, -6.943186, 107.7218626, '2026-05-30 12:10:01.926678', 1.5738596916199, 1.6829999685287),
	(1047, 9, -6.9431929, 107.7218668, '2026-05-30 12:10:03.087874', 1.5717060565948, 1.6660000085831),
	(1048, 9, -6.9431983, 107.7218744, '2026-05-30 12:10:04.209102', 1.5516974925995, 1.6330000162125),
	(1049, 9, -6.9432068, 107.7218813, '2026-05-30 12:10:05.340143', 1.5383974313736, 1.6000000238419),
	(1050, 9, -6.9432209, 107.7218899, '2026-05-30 12:10:06.483782', 1.4616813659668, 1.6000000238419),
	(1051, 9, -6.9432326, 107.7219017, '2026-05-30 12:10:07.605089', 1.3649541139603, 1.6160000562668),
	(1052, 9, -6.9432417, 107.7219111, '2026-05-30 12:10:09.130221', 1.259686589241, 1.6499999761581),
	(1053, 9, -6.9432499, 107.7219185, '2026-05-30 12:10:10.650261', 1.154641866684, 1.6829999685287),
	(1054, 9, -6.9432569, 107.7219298, '2026-05-30 12:10:11.786644', 1.1268278360367, 1.7330000400543),
	(1055, 9, -6.9432635, 107.7219403, '2026-05-30 12:10:12.915969', 1.1193504333496, 1.7660000324249),
	(1056, 9, -6.9432702, 107.721948, '2026-05-30 12:10:14.083696', 1.0946897268295, 1.7829999923706),
	(1057, 9, -6.9432768, 107.721955, '2026-05-30 12:10:15.407759', 1.0698162317276, 1.7999999523163),
	(1058, 9, -6.9432821, 107.7219642, '2026-05-30 12:10:16.636735', 1.0972415208817, 1.7829999923706),
	(1059, 9, -6.9432921, 107.7219772, '2026-05-30 12:10:18.826249', 1.1432752609253, 1.7829999923706),
	(1060, 9, -6.943301, 107.7219929, '2026-05-30 12:10:20.336767', 1.2072044610977, 1.7829999923706),
	(1061, 9, -6.9433094, 107.7220084, '2026-05-30 12:10:21.492289', 1.2300628423691, 1.7829999923706),
	(1062, 9, -6.9433152, 107.7220216, '2026-05-30 12:10:22.614684', 1.2596238851547, 1.7829999923706),
	(1063, 9, -6.9433216, 107.7220338, '2026-05-30 12:10:23.785082', 1.2653589248657, 1.7829999923706),
	(1064, 9, -6.9433294, 107.7220444, '2026-05-30 12:10:24.909075', 1.2206990718842, 1.7999999523163),
	(1065, 9, -6.9433362, 107.7220533, '2026-05-30 12:10:26.038512', 1.1824730634689, 1.7829999923706),
	(1066, 9, -6.9433418, 107.7220624, '2026-05-30 12:10:27.182478', 1.2547227144241, 1.7660000324249),
	(1067, 9, -6.943348, 107.7220711, '2026-05-30 12:10:28.682657', 1.2804576158524, 1.75),
	(1068, 9, -6.9433604, 107.7220814, '2026-05-30 12:10:29.815097', 1.3285074234009, 1.7330000400543),
	(1069, 9, -6.9433756, 107.7220921, '2026-05-30 12:10:30.938764', 1.4102482795715, 1.7159999608994),
	(1070, 9, -6.9433898, 107.7221023, '2026-05-30 12:10:32.060345', 1.4368035793304, 1.7000000476837),
	(1071, 9, -6.9434016, 107.7221154, '2026-05-30 12:10:33.18071', 1.4693666696548, 1.7000000476837),
	(1072, 9, -6.9434084, 107.722122, '2026-05-30 12:10:38.103414', 1.4113501310349, 1.7000000476837),
	(1073, 9, -6.9434146, 107.722122, '2026-05-30 12:10:39.271128', 1.3552924394608, 1.7000000476837),
	(1074, 9, -6.943425, 107.7221248, '2026-05-30 12:10:40.415004', 1.3644807338715, 1.7000000476837),
	(1075, 9, -6.9434339, 107.7221305, '2026-05-30 12:10:41.53056', 1.3995144367218, 1.7000000476837),
	(1076, 9, -6.9434421, 107.7221433, '2026-05-30 12:10:42.664006', 1.4709807634354, 1.7000000476837),
	(1077, 9, -6.9434526, 107.7221567, '2026-05-30 12:10:44.157837', 1.6035449504852, 1.7000000476837),
	(1078, 9, -6.9434658, 107.7221676, '2026-05-30 12:10:45.299762', 1.6488789319992, 1.7000000476837),
	(1079, 9, -6.9434758, 107.7221777, '2026-05-30 12:10:46.422798', 1.6012482643127, 1.7000000476837),
	(1080, 9, -6.9434822, 107.7221854, '2026-05-30 12:10:47.548867', 1.4764846563339, 1.7000000476837),
	(1081, 9, -6.9434864, 107.7221915, '2026-05-30 12:10:49.046893', 1.1547776460648, 1.7000000476837),
	(1082, 9, -6.943489, 107.7221994, '2026-05-30 12:10:50.185284', 1.2318172454834, 1.6829999685287),
	(1083, 9, -6.9434913, 107.7222067, '2026-05-30 12:10:51.303771', 1.27044069767, 1.6660000085831),
	(1084, 9, -6.9434972, 107.7222183, '2026-05-30 12:10:52.422293', 1.2816489934921, 1.6499999761581),
	(1085, 9, -6.943507, 107.7222321, '2026-05-30 12:10:53.91184', 1.3003540039062, 1.6330000162125),
	(1086, 9, -6.943519, 107.7222429, '2026-05-30 12:10:55.422953', 1.2864015102386, 1.6160000562668),
	(1087, 9, -6.94353, 107.7222517, '2026-05-30 12:10:58.207384', 1.2030644416809, 1.6000000238419),
	(1088, 9, -6.94354, 107.722259, '2026-05-30 12:10:59.708453', 1.0985568761826, 1.5829999446869),
	(1089, 9, -6.9435475, 107.7222632, '2026-05-30 12:11:00.866334', 1.0001728534698, 1.5659999847412),
	(1090, 9, -6.9435542, 107.7222679, '2026-05-30 12:11:01.988047', 0.94987881183624, 1.5499999523163),
	(1091, 9, -6.9435637, 107.7222734, '2026-05-30 12:11:03.112844', 1.0526565313339, 1.5329999923706),
	(1092, 9, -6.9435761, 107.722281, '2026-05-30 12:11:06.758212', 1.1512622833252, 1.5499999523163),
	(1093, 9, -6.9435897, 107.7222901, '2026-05-30 12:11:07.885405', 1.3169317245483, 1.5829999446869),
	(1094, 9, -6.9436021, 107.7223003, '2026-05-30 12:11:09.03328', 1.379891037941, 1.6330000162125),
	(1095, 9, -6.943609, 107.7223133, '2026-05-30 12:11:10.159815', 1.4418468475342, 1.6829999685287),
	(1096, 9, -6.9436142, 107.7223236, '2026-05-30 12:11:11.660841', 1.4238739013672, 1.7330000400543),
	(1097, 9, -6.9436164, 107.7223304, '2026-05-30 12:11:12.82406', 1.3730792999268, 1.7829999923706),
	(1098, 9, -6.943623, 107.7223381, '2026-05-30 12:11:13.968214', 1.2980679273605, 1.7829999923706),
	(1099, 9, -6.9436302, 107.7223457, '2026-05-30 12:11:15.146289', 1.3518583774567, 1.7660000324249),
	(1100, 9, -6.9436419, 107.7223502, '2026-05-30 12:11:16.405696', 1.4090168476105, 1.75),
	(1101, 9, -6.9436516, 107.7223584, '2026-05-30 12:11:17.586951', 1.4132322072983, 1.7330000400543),
	(1102, 9, -6.9436637, 107.7223691, '2026-05-30 12:11:21.405753', 1.4166712760925, 1.7159999608994),
	(1103, 9, -6.9436745, 107.7223768, '2026-05-30 12:11:22.544651', 1.3073130846024, 1.7000000476837),
	(1104, 9, -6.9436835, 107.7223823, '2026-05-30 12:11:23.675411', 1.2195224761963, 1.6829999685287),
	(1105, 9, -6.9436952, 107.7223897, '2026-05-30 12:11:24.795733', 1.1521306037903, 1.6660000085831),
	(1106, 9, -6.9437043, 107.7223979, '2026-05-30 12:11:25.917032', 1.159534573555, 1.6499999761581),
	(1107, 9, -6.9437572, 107.7224471, '2026-05-30 12:11:27.036664', 1.2402472496033, 1.7000000476837),
	(1108, 9, -6.943765, 107.7224573, '2026-05-30 12:11:28.189086', 1.2481701374054, 1.7159999608994),
	(1109, 9, -6.9437721, 107.7224696, '2026-05-30 12:11:29.30414', 1.2431899309158, 1.7159999608994),
	(1110, 9, -6.943781, 107.722483, '2026-05-30 12:11:32.08928', 1.2654122114182, 1.7159999608994),
	(1111, 9, -6.943788, 107.7224942, '2026-05-30 12:11:33.227774', 1.2920920848846, 1.7330000400543),
	(1112, 9, -6.9437934, 107.7225037, '2026-05-30 12:11:34.359726', 1.3298796415329, 1.75),
	(1113, 9, -6.9437995, 107.7225103, '2026-05-30 12:11:35.475736', 1.332698225975, 1.75),
	(1114, 9, -6.9438047, 107.7225192, '2026-05-30 12:11:36.604215', 1.2981934547424, 1.7660000324249),
	(1115, 9, -6.9438147, 107.7225227, '2026-05-30 12:11:38.793691', 1.1936144828796, 1.7829999923706),
	(1116, 9, -6.9438257, 107.7225272, '2026-05-30 12:11:39.924441', 1.1258451938629, 1.7829999923706),
	(1117, 9, -6.9438399, 107.7225297, '2026-05-30 12:11:41.044423', 1.1873182058334, 1.7660000324249),
	(1118, 9, -6.9438536, 107.722529, '2026-05-30 12:11:42.54171', 1.2262585163116, 1.75),
	(1119, 9, -6.9438636, 107.7225246, '2026-05-30 12:11:43.683988', 1.2167958021164, 1.7330000400543),
	(1120, 9, -6.9438733, 107.7225165, '2026-05-30 12:11:44.80282', 1.2039647102356, 1.7159999608994),
	(1121, 9, -6.9438817, 107.7225076, '2026-05-30 12:11:45.922725', 1.1719146966934, 1.7159999608994),
	(1122, 9, -6.9438907, 107.7224999, '2026-05-30 12:11:47.06763', 1.1562812328339, 1.7330000400543),
	(1123, 9, -6.9439018, 107.7224932, '2026-05-30 12:11:48.207366', 1.1570788621902, 1.75),
	(1124, 9, -6.9439137, 107.7224881, '2026-05-30 12:11:49.349298', 1.1959495544434, 1.7660000324249),
	(1125, 9, -6.9439244, 107.722482, '2026-05-30 12:11:50.867666', 1.228605389595, 1.7829999923706),
	(1126, 9, -6.943976, 107.722425, '2026-05-30 12:11:56.198498', 1.2439857721329, 1.8660000562668),
	(1127, 9, -6.9439849, 107.7224182, '2026-05-30 12:11:57.327145', 1.2512340545654, 1.8329999446869),
	(1128, 9, -6.9439936, 107.7224106, '2026-05-30 12:11:58.459793', 1.2852872610092, 1.7999999523163),
	(1129, 9, -6.9440251, 107.7223656, '2026-05-30 12:11:59.587697', 1.060963511467, 1.6330000162125),
	(1130, 9, -6.9440299, 107.7223534, '2026-05-30 12:12:01.0891', 1.0577344894409, 1.6160000562668),
	(1131, 9, -6.9440361, 107.7223417, '2026-05-30 12:12:03.516551', 1.0446810722351, 1.6160000562668),
	(1132, 9, -6.9440444, 107.722334, '2026-05-30 12:12:04.64796', 1.0222494602203, 1.6160000562668),
	(1133, 9, -6.9440543, 107.7223278, '2026-05-30 12:12:05.805982', 1.0307412147522, 1.6330000162125),
	(1134, 9, -6.9440619, 107.7223222, '2026-05-30 12:12:06.945746', 0.97208857536316, 1.6660000085831),
	(1135, 9, -6.9440683, 107.7223131, '2026-05-30 12:12:08.459708', 0.99461698532104, 1.6829999685287),
	(1136, 9, -6.9440745, 107.7223005, '2026-05-30 12:12:12.078228', 1.0521875619888, 1.7159999608994),
	(1137, 9, -6.9440834, 107.7222908, '2026-05-30 12:12:13.203363', 1.0932998657227, 1.7330000400543),
	(1138, 9, -6.9440924, 107.7222812, '2026-05-30 12:12:14.338356', 1.1538261175156, 1.7330000400543),
	(1139, 9, -6.9441025, 107.7222738, '2026-05-30 12:12:15.481011', 1.187978386879, 1.7330000400543),
	(1140, 9, -6.9441125, 107.7222668, '2026-05-30 12:12:16.595703', 1.1629183292389, 1.7330000400543),
	(1141, 9, -6.94412, 107.7222587, '2026-05-30 12:12:17.726625', 1.1493051052094, 1.7159999608994),
	(1142, 9, -6.9441304, 107.7222516, '2026-05-30 12:12:18.848472', 1.1699275970459, 1.6829999685287),
	(1143, 9, -6.9441404, 107.7222446, '2026-05-30 12:12:19.968611', 1.1930205821991, 1.6499999761581),
	(1144, 9, -6.9441506, 107.7222379, '2026-05-30 12:12:21.087699', 1.2301609516144, 1.6330000162125),
	(1145, 9, -6.9441606, 107.7222311, '2026-05-30 12:12:22.20951', 1.2208231687546, 1.6160000562668),
	(1146, 9, -6.9441697, 107.7222235, '2026-05-30 12:12:24.607515', 1.2255184650421, 1.6000000238419),
	(1147, 9, -6.9441803, 107.7222163, '2026-05-30 12:12:25.747759', 1.2097193002701, 1.6000000238419),
	(1148, 9, -6.9441908, 107.7222075, '2026-05-30 12:12:26.87712', 1.1768528223038, 1.6000000238419),
	(1149, 9, -6.9442019, 107.7221991, '2026-05-30 12:12:28.365626', 1.1927071809769, 1.6000000238419),
	(1150, 9, -6.9442086, 107.7221882, '2026-05-30 12:12:29.516817', 1.1865050792694, 1.6000000238419),
	(1151, 9, -6.9442144, 107.7221795, '2026-05-30 12:12:31.036221', 1.2390135526657, 1.6000000238419),
	(1152, 9, -6.9442223, 107.7221699, '2026-05-30 12:12:32.185619', 1.2437638044357, 1.6160000562668),
	(1153, 9, -6.9442319, 107.7221637, '2026-05-30 12:12:33.675714', 1.257573723793, 1.6330000162125),
	(1154, 9, -6.9442422, 107.7221574, '2026-05-30 12:12:34.810353', 1.2870932817459, 1.6499999761581),
	(1155, 9, -6.9442499, 107.7221484, '2026-05-30 12:12:35.930895', 1.2517782449722, 1.6660000085831),
	(1156, 9, -6.9442534, 107.7221401, '2026-05-30 12:12:39.172994', 1.1547778844833, 1.6829999685287),
	(1157, 9, -6.9442566, 107.7221354, '2026-05-30 12:12:40.711138', 1.0789140462875, 1.7000000476837),
	(1158, 9, -6.9442622, 107.7221284, '2026-05-30 12:12:42.216488', 1.0367871522903, 1.7000000476837),
	(1159, 9, -6.9442686, 107.7221207, '2026-05-30 12:12:43.363901', 1.0202158689499, 1.7000000476837),
	(1160, 9, -6.9442788, 107.7221104, '2026-05-30 12:12:44.493212', 1.0655786991119, 1.7000000476837),
	(1161, 9, -6.9442924, 107.7220968, '2026-05-30 12:12:46.936056', 1.1205468177795, 1.7159999608994),
	(1162, 9, -6.9443009, 107.7220829, '2026-05-30 12:12:48.058625', 1.0966223478317, 1.7330000400543),
	(1163, 9, -6.9443052, 107.7220725, '2026-05-30 12:12:49.18311', 1.0508898496628, 1.75),
	(1164, 9, -6.9443075, 107.7220601, '2026-05-30 12:12:50.311968', 1.0090993642807, 1.75),
	(1165, 9, -6.9443133, 107.7220452, '2026-05-30 12:12:51.800676', 1.0407779216766, 1.75),
	(1166, 9, -6.9443212, 107.7220327, '2026-05-30 12:12:53.323064', 1.1384401321411, 1.75),
	(1167, 9, -6.9443305, 107.7220237, '2026-05-30 12:12:54.461866', 1.2237991094589, 1.7330000400543),
	(1168, 9, -6.9443404, 107.722015, '2026-05-30 12:12:55.596659', 1.3183958530426, 1.7159999608994),
	(1169, 9, -6.9443516, 107.7220099, '2026-05-30 12:12:56.744062', 1.337735414505, 1.7000000476837),
	(1170, 9, -6.9443612, 107.7220096, '2026-05-30 12:12:57.892981', 1.2787673473358, 1.7000000476837),
	(1171, 9, -6.9443689, 107.7220105, '2026-05-30 12:12:59.04066', 1.1221941709518, 1.6829999685287),
	(1172, 9, -6.9443772, 107.7220092, '2026-05-30 12:13:00.206924', 1.0688047409058, 1.6499999761581),
	(1173, 9, -6.9443831, 107.722004, '2026-05-30 12:13:01.349902', 1.0473543405533, 1.6160000562668),
	(1174, 9, -6.9443913, 107.7219948, '2026-05-30 12:13:02.489367', 1.0735321044922, 1.5829999446869),
	(1175, 9, -6.9443993, 107.7219835, '2026-05-30 12:13:05.013397', 1.1377832889557, 1.5659999847412),
	(1176, 9, -6.9444085, 107.7219728, '2026-05-30 12:13:07.475056', 1.1393929719925, 1.5659999847412),
	(1177, 9, -6.9444174, 107.7219651, '2026-05-30 12:13:08.615581', 1.1038845777512, 1.5829999446869),
	(1178, 9, -6.9444263, 107.721961, '2026-05-30 12:13:09.741608', 0.99910455942154, 1.6000000238419),
	(1179, 9, -6.9444361, 107.7219583, '2026-05-30 12:13:10.86735', 0.95858067274094, 1.6160000562668),
	(1180, 9, -6.9444449, 107.7219557, '2026-05-30 12:13:12.01291', 1.0094200372696, 1.6160000562668),
	(1181, 9, -6.9444521, 107.7219449, '2026-05-30 12:13:13.15175', 1.0770466327667, 1.6160000562668),
	(1182, 9, -6.9444599, 107.7219279, '2026-05-30 12:13:14.269718', 1.2306669950485, 1.6160000562668),
	(1183, 9, -6.945193, 107.7211322, '2026-05-30 12:13:18.090362', 1.3433908224106, 5.4499998092651),
	(1184, 9, -6.9452057, 107.7211271, '2026-05-30 12:13:19.210816', 1.4988068342209, 4.9000000953674),
	(1185, 9, -6.9452142, 107.7211219, '2026-05-30 12:13:20.329129', 1.6862263679504, 4.5159997940063),
	(1186, 9, -6.9452466, 107.7211015, '2026-05-30 12:13:21.442952', 1.5797576904297, 4.2140002250671),
	(1187, 9, -6.9452612, 107.721087, '2026-05-30 12:13:22.559726', 1.5012109279633, 3.9869999885559),
	(1188, 9, -6.9452722, 107.7210696, '2026-05-30 12:13:23.710691', 1.4868358373642, 2.8870000839233),
	(1189, 9, -6.9452751, 107.7210508, '2026-05-30 12:13:24.839018', 1.090277671814, 2.5139999389648),
	(1190, 9, -6.9452804, 107.721047, '2026-05-30 12:13:26.333133', 0.9365873336792, 2.433000087738),
	(1191, 9, -6.9452892, 107.7210478, '2026-05-30 12:13:27.473032', 1.4411121606827, 2.4000000953674),
	(1192, 9, -6.9453015, 107.7210391, '2026-05-30 12:13:28.619768', 1.5567879676819, 2.4000000953674),
	(1193, 9, -6.9453159, 107.721027, '2026-05-30 12:13:29.755408', 1.595237493515, 2.4000000953674),
	(1194, 9, -6.9453308, 107.7210162, '2026-05-30 12:13:30.898808', 1.754451751709, 2.4000000953674),
	(1195, 9, -6.9453424, 107.721005, '2026-05-30 12:13:32.030806', 1.4401000738144, 2.3659999370575),
	(1196, 9, -6.9453517, 107.7209967, '2026-05-30 12:13:33.522176', 1.3120332956314, 2.3329999446869),
	(1197, 9, -6.9465369, 107.7195074, '2026-05-30 12:16:48.589284', 0.16399064660072, 11.640000343323),
	(1198, 9, -6.9465318, 107.7195407, '2026-05-30 12:16:49.746162', 1.1192730665207, 12.25),
	(1199, 9, -6.9465479, 107.7194566, '2026-05-30 12:16:53.545362', 0.65252023935318, 11.182999610901),
	(1200, 9, -6.946562, 107.7193863, '2026-05-30 12:16:54.659018', 1.4530655145645, 10.8140001297),
	(1201, 9, -6.9465619, 107.7193077, '2026-05-30 12:16:55.777304', 1.6863828897476, 9),
	(1202, 9, -6.9465813, 107.7192613, '2026-05-30 12:16:56.901376', 1.3178280591965, 8.5279998779297),
	(1203, 9, -6.9466089, 107.7192346, '2026-05-30 12:16:58.047072', 0.93769067525864, 7.8330001831055),
	(1204, 9, -6.9466352, 107.7192109, '2026-05-30 12:17:00.237447', 0.80255061388016, 7.2829999923706),
	(1205, 9, -6.9465865, 107.7191425, '2026-05-30 12:17:01.382608', 1.4429454803467, 6.75),
	(1206, 9, -6.9466531, 107.7190259, '2026-05-30 12:17:02.870977', 0.61218756437302, 5.683000087738),
	(1207, 9, -6.9466232, 107.7190868, '2026-05-30 12:17:04.005752', 0.70498609542847, 6.183000087738),
	(1208, 9, -6.9466814, 107.7189891, '2026-05-30 12:17:05.145074', 0.28259021043777, 4.960000038147),
	(1209, 9, -6.9466953, 107.7189704, '2026-05-30 12:17:06.274841', 0.71664535999298, 4.4400000572205),
	(1210, 9, -6.9467003, 107.7189615, '2026-05-30 12:17:07.783629', 0.60074895620346, 3.9200000762939),
	(1211, 9, -6.9467082, 107.7189545, '2026-05-30 12:17:11.714811', 0.2502703666687, 3.460000038147),
	(1212, 9, -6.9467105, 107.7189537, '2026-05-30 12:17:12.85306', 0.54373347759247, 3.1600000858307),
	(1213, 9, -6.9467103, 107.7189524, '2026-05-30 12:17:13.972192', 0.43740150332451, 3.0829999446869),
	(1214, 9, -6.9467115, 107.7189566, '2026-05-30 12:17:15.13802', 0.59602797031403, 2.9000000953674),
	(1215, 9, -6.9467156, 107.7189708, '2026-05-30 12:19:00.486668', 0.29216855764389, 2.3159999847412),
	(1216, 9, -6.946711, 107.7189709, '2026-05-30 12:19:04.317311', 0.31933268904686, 2.2999999523163),
	(1217, 9, -6.9466953, 107.7189704, '2026-05-30 12:19:05.464735', 0.71664535999298, 4.4400000572205),
	(1218, 9, -6.9467476, 107.7189793, '2026-05-30 12:19:06.591469', 0.29120108485222, 2.4000000953674),
	(1219, 9, -6.9467566, 107.7189825, '2026-05-30 12:19:08.105654', 0.24091620743275, 2.4000000953674),
	(1220, 9, -6.9468085, 107.7189829, '2026-05-30 12:19:09.612659', 0.81823009252548, 2.2660000324249),
	(1221, 9, -6.9467131, 107.7189761, '2026-05-30 12:19:11.121291', 0.31504940986633, 2.2999999523163),
	(1222, 9, -6.9466232, 107.7190868, '2026-05-30 12:19:12.276137', 0.70498609542847, 6.183000087738),
	(1223, 9, -6.9467115, 107.7189566, '2026-05-30 12:19:13.417158', 0.59602797031403, 2.9000000953674),
	(1224, 9, -6.9468116, 107.7189793, '2026-05-30 12:19:14.536479', 0.83089876174927, 2.2829999923706),
	(1225, 9, -6.9467245, 107.7189751, '2026-05-30 12:19:15.681958', 0.37072375416756, 2.3659999370575),
	(1226, 9, -6.9467003, 107.7189615, '2026-05-30 12:19:16.810231', 0.60074895620346, 3.9200000762939),
	(1227, 9, -6.9467347, 107.7189769, '2026-05-30 12:19:17.940829', 0.35467344522476, 2.3829998970032),
	(1228, 9, -6.9467413, 107.7189783, '2026-05-30 12:19:19.089914', 0.32483938336372, 2.4000000953674),
	(1229, 9, -6.9467194, 107.718972, '2026-05-30 12:19:20.218286', 0.35551545023918, 2.3499999046326),
	(1230, 9, -6.9467183, 107.718971, '2026-05-30 12:19:22.395872', 0.35178437829018, 2.3329999446869),
	(1231, 9, -6.9467185, 107.71898, '2026-05-30 12:19:23.527739', 0.33309546113014, 2.2999999523163),
	(1232, 9, -6.9467203, 107.7189796, '2026-05-30 12:19:27.706623', 0.27928164601326, 2.2999999523163),
	(1233, 9, -6.9467183, 107.7189781, '2026-05-30 12:19:28.825655', 0.31495642662048, 2.2999999523163),
	(1234, 9, -6.9467118, 107.7189711, '2026-05-30 12:19:31.382178', 0.13808988034725, 2.0999999046326),
	(1235, 10, -6.92561, 107.729378, '2026-05-30 16:46:29.684444', NULL, 381),
	(1236, 11, -6.9253915, 107.7294498, '2026-05-31 06:40:08.048051', 0.050078351050615, 2.5160000324249),
	(1237, 11, -6.9253972, 107.7294462, '2026-05-31 06:40:09.691277', 0.21883583068848, 2.4000000953674),
	(1238, 11, -6.9254055, 107.7294426, '2026-05-31 06:40:11.87987', 0.26857906579971, 2.2999999523163),
	(1239, 12, -6.9232242, 107.732196, '2026-05-31 06:44:32.044419', 1.1415249109268, 1.9659999608994),
	(1240, 12, -6.9232124, 107.7322019, '2026-05-31 06:44:33.671537', 1.1589550971985, 1.9830000400543),
	(1241, 12, -6.9231993, 107.7322056, '2026-05-31 06:44:36.881727', 1.2000695466995, 1.9830000400543),
	(1242, 12, -6.9231873, 107.7322118, '2026-05-31 06:44:38.504033', 1.2164957523346, 2),
	(1243, 12, -6.9231699, 107.7322141, '2026-05-31 06:44:40.167056', 1.2773871421814, 2),
	(1244, 12, -6.923153, 107.7322157, '2026-05-31 06:44:41.831306', 1.3773773908615, 1.9830000400543),
	(1245, 12, -6.9231346, 107.7322229, '2026-05-31 06:44:43.485008', 1.4931715726852, 1.9659999608994),
	(1246, 12, -6.9231148, 107.7322356, '2026-05-31 06:44:45.140029', 1.5696647167206, 1.9160000085831),
	(1247, 12, -6.9230964, 107.7322464, '2026-05-31 06:44:46.783191', 1.6115398406982, 1.8830000162125),
	(1248, 12, -6.9230819, 107.7322532, '2026-05-31 06:44:48.412982', 1.6190142631531, 1.8500000238419),
	(1249, 12, -6.9230699, 107.7322601, '2026-05-31 06:44:51.834444', 1.6238392591476, 1.8329999446869),
	(1250, 12, -6.9230552, 107.7322651, '2026-05-31 06:44:53.495136', 1.617524266243, 1.8159999847412),
	(1251, 12, -6.9230402, 107.7322725, '2026-05-31 06:44:55.159016', 1.6444176435471, 1.7999999523163),
	(1252, 12, -6.9230269, 107.7322844, '2026-05-31 06:44:56.835321', 1.6912785768509, 1.7829999923706),
	(1253, 12, -6.9230079, 107.7322947, '2026-05-31 06:44:58.461027', 1.7427607774734, 1.7660000324249),
	(1254, 12, -6.9229907, 107.7323032, '2026-05-31 06:45:00.152319', 1.7762467861176, 1.7660000324249),
	(1255, 12, -6.9229741, 107.7323106, '2026-05-31 06:45:01.801308', 1.7682464122772, 1.75),
	(1256, 12, -6.9229602, 107.7323228, '2026-05-31 06:45:03.450882', 1.7900333404541, 1.7330000400543),
	(1257, 12, -6.9229454, 107.7323276, '2026-05-31 06:45:05.678596', 1.7489402294159, 1.7330000400543),
	(1258, 12, -6.9229328, 107.7323346, '2026-05-31 06:45:07.312226', 1.7657009363174, 1.75),
	(1259, 12, -6.9229229, 107.7323492, '2026-05-31 06:45:11.133251', 1.7532181739807, 1.7660000324249),
	(1260, 12, -6.9229119, 107.7323588, '2026-05-31 06:45:12.782175', 1.7918552160263, 1.7829999923706),
	(1261, 12, -6.9229012, 107.7323697, '2026-05-31 06:45:14.989974', 1.8129208087921, 1.8159999847412),
	(1262, 12, -6.9228901, 107.7323831, '2026-05-31 06:45:17.209557', 1.8181570768356, 1.8500000238419),
	(1263, 12, -6.9228816, 107.7323939, '2026-05-31 06:45:18.870248', 1.8100209236145, 1.8660000562668),
	(1264, 12, -6.9228746, 107.7324039, '2026-05-31 06:45:22.362016', 1.7811175584793, 1.8999999761581),
	(1265, 12, -6.9228709, 107.7324084, '2026-05-31 06:45:24.064505', 1.7024435997009, 1.9329999685287),
	(1266, 12, -6.9228661, 107.7324174, '2026-05-31 06:45:25.713803', 1.6434718370438, 1.9329999685287),
	(1267, 12, -6.9228568, 107.7324272, '2026-05-31 06:45:27.336946', 1.661975979805, 1.9329999685287),
	(1268, 12, -6.9228468, 107.7324398, '2026-05-31 06:45:29.002671', 1.6469256877899, 1.9329999685287),
	(1269, 12, -6.9228367, 107.7324529, '2026-05-31 06:45:30.624434', 1.6406036615372, 1.9329999685287),
	(1270, 12, -6.92283, 107.7324652, '2026-05-31 06:45:32.796066', 1.5950820446014, 1.9329999685287),
	(1271, 12, -6.9228206, 107.7324769, '2026-05-31 06:45:34.435166', 1.5253124237061, 1.9329999685287),
	(1272, 12, -6.922807, 107.7324905, '2026-05-31 06:45:36.119846', 1.5195962190628, 1.9329999685287),
	(1273, 12, -6.9227967, 107.7325014, '2026-05-31 06:45:37.742177', 1.4428179264069, 1.9160000085831),
	(1274, 12, -6.9227876, 107.732512, '2026-05-31 06:45:39.936927', 1.4081158638, 1.8999999761581),
	(1275, 12, -6.9227801, 107.7325204, '2026-05-31 06:45:41.61702', 1.4412322044373, 1.8830000162125),
	(1276, 12, -6.9227691, 107.7325317, '2026-05-31 06:45:43.290888', 1.4549769163132, 1.8500000238419),
	(1277, 12, -6.9227521, 107.7325391, '2026-05-31 06:45:44.922219', 1.4490745067596, 1.8329999446869),
	(1278, 12, -6.9227362, 107.7325469, '2026-05-31 06:45:46.586742', 1.4338546991348, 1.8329999446869),
	(1279, 12, -6.9232807, 107.7321639, '2026-05-31 06:46:22.163896', 2.2941739559174, 1.9830000400543),
	(1280, 12, -6.9232807, 107.7321639, '2026-05-31 06:46:25.463033', 2.2941739559174, 1.9830000400543),
	(1281, 12, -6.9233016, 107.7321564, '2026-05-31 06:46:27.100516', 2.2927055358887, 2),
	(1282, 12, -6.9233243, 107.7321496, '2026-05-31 06:46:28.761998', 2.301411151886, 1.9830000400543),
	(1283, 12, -6.9233452, 107.7321429, '2026-05-31 06:46:30.388983', 2.2921574115753, 1.9659999608994),
	(1284, 12, -6.9233644, 107.7321366, '2026-05-31 06:46:32.791091', 2.2775301933289, 1.9329999685287),
	(1285, 12, -6.9233816, 107.7321286, '2026-05-31 06:46:34.621883', 2.2424249649048, 1.8999999761581),
	(1286, 12, -6.9233983, 107.7321157, '2026-05-31 06:46:36.802849', 2.1958911418915, 1.8660000562668),
	(1287, 12, -6.9234175, 107.7321008, '2026-05-31 06:46:47.604917', 2.1969220638275, 1.8329999446869),
	(1288, 12, -6.9227967, 107.7325014, '2026-05-31 06:46:52.345855', 1.4428179264069, 1.9160000085831),
	(1289, 12, -6.9228367, 107.7324529, '2026-05-31 06:46:58.565811', 1.6406036615372, 1.9329999685287),
	(1290, 12, -6.9227362, 107.7325469, '2026-05-31 06:47:00.796984', 1.4338546991348, 1.8329999446869),
	(1291, 12, -6.9228568, 107.7324272, '2026-05-31 06:47:04.036491', 1.661975979805, 1.9329999685287),
	(1292, 12, -6.9228661, 107.7324174, '2026-05-31 06:47:11.369019', 1.6434718370438, 1.9329999685287),
	(1293, 12, -6.9229119, 107.7323588, '2026-05-31 06:47:15.687128', 1.7918552160263, 1.7829999923706),
	(1294, 12, -6.9228709, 107.7324084, '2026-05-31 06:47:17.343904', 1.7024435997009, 1.9329999685287),
	(1295, 12, -6.9229229, 107.7323492, '2026-05-31 06:47:19.00904', 1.7532181739807, 1.7660000324249),
	(1296, 12, -6.9228468, 107.7324398, '2026-05-31 06:47:21.248872', 1.6469256877899, 1.9329999685287),
	(1297, 12, -6.92283, 107.7324652, '2026-05-31 06:47:22.930902', 1.5950820446014, 1.9329999685287),
	(1298, 12, -6.9228901, 107.7323831, '2026-05-31 06:47:24.588794', 1.8181570768356, 1.8500000238419),
	(1299, 12, -6.9227521, 107.7325391, '2026-05-31 06:47:26.237909', 1.4490745067596, 1.8329999446869),
	(1300, 12, -6.9227876, 107.732512, '2026-05-31 06:47:27.888178', 1.4081158638, 1.8999999761581),
	(1301, 12, -6.9228746, 107.7324039, '2026-05-31 06:47:29.549081', 1.7811175584793, 1.8999999761581),
	(1302, 12, -6.9228206, 107.7324769, '2026-05-31 06:47:31.242408', 1.5253124237061, 1.9329999685287),
	(1303, 12, -6.9227691, 107.7325317, '2026-05-31 06:47:32.870739', 1.4549769163132, 1.8500000238419),
	(1304, 12, -6.9227801, 107.7325204, '2026-05-31 06:47:34.506459', 1.4412322044373, 1.8830000162125),
	(1305, 12, -6.9229012, 107.7323697, '2026-05-31 06:47:36.68724', 1.8129208087921, 1.8159999847412),
	(1306, 12, -6.922807, 107.7324905, '2026-05-31 06:47:38.376314', 1.5195962190628, 1.9329999685287),
	(1307, 12, -6.9234324, 107.7320877, '2026-05-31 06:47:40.081652', 2.1682214736938, 1.8159999847412),
	(1308, 12, -6.9234459, 107.7320765, '2026-05-31 06:47:44.855774', 2.1207101345062, 1.7999999523163),
	(1309, 12, -6.924536, 107.7314683, '2026-05-31 06:47:46.542723', 2.614884853363, 1.8660000562668),
	(1310, 12, -6.924536, 107.7314683, '2026-05-31 06:47:48.736669', 2.614884853363, 1.8660000562668),
	(1311, 12, -6.9245623, 107.7314544, '2026-05-31 06:47:50.38989', 2.5509812831879, 1.8500000238419),
	(1312, 12, -6.9245854, 107.7314412, '2026-05-31 06:47:52.033195', 2.479593038559, 1.8329999446869),
	(1313, 12, -6.9246056, 107.731427, '2026-05-31 06:47:53.657002', 2.4484539031982, 1.8329999446869),
	(1314, 12, -6.9246255, 107.7314121, '2026-05-31 06:47:55.276041', 2.4326705932617, 1.8329999446869),
	(1315, 13, -6.9591483, 107.7110967, '2026-06-03 06:35:32.16128', 0.41126304864883, 5.5999999046326),
	(1316, 13, -6.9591567, 107.7111517, '2026-06-03 06:35:34.494207', 0.28000888228416, 4.5500001907349),
	(1317, 13, -6.959145, 107.7111817, '2026-06-03 06:35:36.270874', 0.1343425065279, 3.9660000801086),
	(1318, 13, -6.9591417, 107.7112, '2026-06-03 06:35:38.04859', 0.17654971778393, 3.5499999523163),
	(1319, 13, -6.9591433, 107.7112017, '2026-06-03 06:35:42.378342', 0.14463694393635, 3.2799999713898),
	(1320, 13, -6.959225, 107.711205, '2026-06-03 06:35:44.129071', 0.061766665428877, 2.9200000762939),
	(1321, 13, -6.959225, 107.711205, '2026-06-03 06:35:45.885356', 0.061766665428877, 2.9200000762939),
	(1322, 13, -6.9592217, 107.711205, '2026-06-03 06:35:48.248783', 0.31603944301605, 3.039999961853),
	(1323, 13, -6.95921, 107.7111833, '2026-06-03 06:35:51.696745', 0.26250833272934, 3.2599999904633),
	(1324, 13, -6.959215, 107.7111667, '2026-06-03 06:35:53.439659', 0.18838833272457, 3.3599998950958),
	(1325, 13, -6.9592083, 107.7111683, '2026-06-03 06:35:55.219018', 0.40663054585457, 3.460000038147),
	(1326, 13, -6.9592117, 107.71115, '2026-06-03 06:35:56.98848', 0.67222720384598, 3.2829999923706),
	(1327, 13, -6.9591967, 107.711145, '2026-06-03 06:35:58.747265', 0.64185863733292, 3.1280000209808),
	(1328, 13, -6.95919, 107.7111367, '2026-06-03 06:36:01.090949', 0.73450863361359, 3),
	(1329, 13, -6.9591833, 107.7111183, '2026-06-03 06:36:02.887052', 0.86627751588821, 2.7750000953674),
	(1330, 13, -6.95918, 107.71111, '2026-06-03 06:36:04.627795', 0.87760138511658, 2.3139998912811),
	(1331, 13, -6.9591717, 107.7110933, '2026-06-03 06:36:06.992952', 0.81223165988922, 2.0999999046326),
	(1332, 13, -6.9591717, 107.711075, '2026-06-03 06:36:08.824775', 0.95017719268799, 2.0160000324249),
	(1333, 13, -6.9591717, 107.7110633, '2026-06-03 06:36:10.581936', 0.89458721876144, 1.9500000476837),
	(1334, 13, -6.95917, 107.711055, '2026-06-03 06:36:12.343885', 0.72936141490936, 1.8999999761581),
	(1335, 13, -6.9591667, 107.711045, '2026-06-03 06:36:15.996962', 0.9162055850029, 1.8200000524521),
	(1336, 13, -6.9591633, 107.711035, '2026-06-03 06:36:18.339844', 0.82715862989426, 1.7799999713898),
	(1337, 13, -6.959155, 107.711025, '2026-06-03 06:36:20.700328', 0.75200915336609, 1.7400000095367),
	(1338, 13, -6.959145, 107.7110233, '2026-06-03 06:36:24.725085', 0.49001556634903, 1.7200000286102),
	(1339, 13, -6.9591417, 107.7110217, '2026-06-03 06:36:27.068925', 0.28412666916847, 1.6799999475479),
	(1340, 13, -6.959135, 107.7110217, '2026-06-03 06:36:28.840427', 0.20640361309052, 1.6660000085831),
	(1341, 13, -6.959135, 107.71102, '2026-06-03 06:36:30.619564', 0.27331748604774, 1.6499999761581),
	(1342, 13, -6.9591367, 107.7110183, '2026-06-03 06:36:32.393326', 0.34795221686363, 1.6330000162125),
	(1343, 13, -6.95914, 107.7110167, '2026-06-03 06:36:34.140609', 0.33148109912872, 1.6160000562668),
	(1344, 13, -6.9591433, 107.7110167, '2026-06-03 06:36:35.93085', 0.47045612335205, 1.6000000238419),
	(1345, 13, -6.959145, 107.7110133, '2026-06-03 06:36:37.673191', 0.42876359820366, 1.6000000238419),
	(1346, 13, -6.959145, 107.7110083, '2026-06-03 06:36:39.414407', 0.39221832156181, 1.6000000238419),
	(1347, 13, -6.959145, 107.7110017, '2026-06-03 06:36:41.743274', 0.3788355588913, 1.6000000238419),
	(1348, 13, -6.95915, 107.7109917, '2026-06-03 06:36:43.525248', 0.40714529156685, 1.6000000238419),
	(1349, 13, -6.9591533, 107.7109833, '2026-06-03 06:36:45.258399', 0.4560438990593, 1.6160000562668),
	(1350, 13, -6.9591517, 107.7109783, '2026-06-03 06:36:46.999664', 0.51781058311462, 1.6330000162125),
	(1351, 13, -6.9591467, 107.71097, '2026-06-03 06:36:48.788721', 0.53994363546371, 1.6499999761581),
	(1352, 13, -6.9591417, 107.7109633, '2026-06-03 06:36:51.141941', 0.53994363546371, 1.6499999761581),
	(1353, 13, -6.9591367, 107.7109617, '2026-06-03 06:36:52.894518', 0.53942888975143, 1.6499999761581),
	(1354, 13, -6.9591317, 107.710965, '2026-06-03 06:36:54.643188', 0.51884001493454, 1.6499999761581),
	(1355, 13, -6.9591267, 107.710965, '2026-06-03 06:36:56.880649', 0.48229470849037, 1.6330000162125),
	(1356, 13, -6.9591233, 107.7109667, '2026-06-03 06:36:58.652846', 0.4683972299099, 1.6160000562668),
	(1357, 13, -6.9591183, 107.7109667, '2026-06-03 06:37:01.005034', 0.44523471593857, 1.6000000238419),
	(1358, 13, -6.9591133, 107.7109683, '2026-06-03 06:37:02.784856', 0.40508639812469, 1.6000000238419),
	(1359, 13, -6.9591067, 107.7109717, '2026-06-03 06:37:04.557298', 0.38192388415337, 1.6160000562668),
	(1360, 13, -6.9590983, 107.7109783, '2026-06-03 06:37:06.295875', 0.35412889719009, 1.6330000162125),
	(1361, 13, -6.959095, 107.7109883, '2026-06-03 06:37:08.049369', 0.35207000374794, 1.6499999761581),
	(1362, 13, -6.9590917, 107.7109983, '2026-06-03 06:37:10.382436', 0.37162944674492, 1.6829999685287),
	(1363, 13, -6.95909, 107.7110083, '2026-06-03 06:37:14.084339', 0.39273306727409, 1.7000000476837),
	(1364, 13, -6.9590967, 107.7110183, '2026-06-03 06:37:15.867719', 0.45244082808495, 1.7159999608994),
	(1365, 13, -6.9591, 107.7110283, '2026-06-03 06:37:21.560237', 0.51472222805023, 1.7159999608994),
	(1366, 13, -6.9591033, 107.71103, '2026-06-03 06:37:23.369364', 0.53273749351501, 1.7159999608994),
	(1367, 13, -6.9591083, 107.7110317, '2026-06-03 06:37:25.729733', 0.52501666545868, 1.7159999608994),
	(1368, 13, -6.959115, 107.7110283, '2026-06-03 06:37:27.554469', 0.50288361310959, 1.7000000476837),
	(1369, 13, -6.95912, 107.7110183, '2026-06-03 06:37:29.314332', 0.48847138881683, 1.7000000476837),
	(1370, 13, -6.9591283, 107.7110033, '2026-06-03 06:37:31.072505', 0.5111191868782, 1.7000000476837),
	(1371, 13, -6.9591333, 107.7109933, '2026-06-03 06:37:34.523175', 0.55384111404419, 1.7000000476837),
	(1372, 13, -6.9591383, 107.7109833, '2026-06-03 06:37:36.299522', 0.5883275270462, 1.7000000476837),
	(1373, 13, -6.95914, 107.7109733, '2026-06-03 06:37:38.048306', 0.60273975133896, 1.6829999685287),
	(1374, 13, -6.9591417, 107.7109667, '2026-06-03 06:37:39.821871', 0.61715191602707, 1.6660000085831),
	(1375, 13, -6.9591433, 107.7109533, '2026-06-03 06:37:41.568056', 0.63413774967194, 1.6499999761581),
	(1376, 13, -6.959145, 107.7109417, '2026-06-03 06:37:43.906991', 0.68663942813873, 1.6499999761581),
	(1377, 13, -6.9591467, 107.7109333, '2026-06-03 06:37:46.277668', 0.75715637207031, 1.6499999761581),
	(1378, 13, -6.9591483, 107.7109217, '2026-06-03 06:37:48.061001', 0.84414446353912, 1.6660000085831),
	(1379, 13, -6.9591517, 107.71091, '2026-06-03 06:37:49.817986', 0.90385222434998, 1.7000000476837),
	(1380, 13, -6.9591533, 107.7108983, '2026-06-03 06:37:51.575701', 0.92444109916687, 1.7330000400543),
	(1381, 13, -6.9591533, 107.710885, '2026-06-03 06:37:53.32601', 0.93679445981979, 1.75),
	(1382, 13, -6.959155, 107.7108717, '2026-06-03 06:37:55.073747', 0.94760358333588, 1.75),
	(1383, 13, -6.959155, 107.7108617, '2026-06-03 06:37:56.828034', 0.96870720386505, 1.75),
	(1384, 13, -6.959155, 107.7108533, '2026-06-03 06:37:58.564797', 0.9790016412735, 1.7330000400543);
/*!40000 ALTER TABLE "run_points" ENABLE KEYS */;

-- Dumping structure for table public.run_sessions
CREATE TABLE IF NOT EXISTS "run_sessions" (
	"id" BIGINT NOT NULL DEFAULT 'nextval(''run_sessions_id_seq''::regclass)',
	"user_id" INTEGER NOT NULL,
	"mulai_at" TIMESTAMP NOT NULL DEFAULT 'now()',
	"selesai_at" TIMESTAMP NULL DEFAULT NULL,
	"jarak_m" DOUBLE PRECISION NOT NULL DEFAULT '0',
	"durasi_dtk" INTEGER NOT NULL DEFAULT '0',
	"kalori" INTEGER NOT NULL DEFAULT '0',
	"catatan" TEXT NULL DEFAULT NULL,
	"status" VARCHAR(20) NOT NULL DEFAULT 'aktif',
	PRIMARY KEY ("id"),
	INDEX "run_sessions_user_idx" ("user_id", "mulai_at"),
	CONSTRAINT "run_sessions_user_id_fkey" FOREIGN KEY ("user_id") REFERENCES "users" ("id") ON UPDATE NO ACTION ON DELETE CASCADE
);

-- Dumping data for table public.run_sessions: 9 rows
/*!40000 ALTER TABLE "run_sessions" DISABLE KEYS */;
INSERT INTO "run_sessions" ("id", "user_id", "mulai_at", "selesai_at", "jarak_m", "durasi_dtk", "kalori", "catatan", "status") VALUES
	(8, 2, '2026-05-30 11:52:04.060127', '2026-05-30 11:58:47.197127', 168.18835948359, 0, 0, NULL, 'dibatalkan'),
	(7, 2, '2026-05-30 11:43:34.524164', '2026-05-30 11:52:04.019356', 279.08393345127, 0, 0, NULL, 'dibatalkan'),
	(9, 2, '2026-05-30 11:58:47.237279', '2026-05-30 12:19:32.485444', 1530.46507924, 1227, 99, NULL, 'selesai'),
	(10, 2, '2026-05-30 16:46:20.654155', '2026-05-30 16:47:07.311354', 0, 18, 0, NULL, 'selesai'),
	(11, 2, '2026-05-31 06:40:04.578042', '2026-05-31 06:44:03.636061', 1.7529159707844, 235, 0, NULL, 'selesai'),
	(13, 2, '2026-06-03 06:35:28.882356', NULL, 88.38882239577, 0, 0, NULL, 'aktif'),
	(12, 2, '2026-05-31 06:44:28.904539', '2026-05-31 06:49:59.252939', 314.03258127634, 327, 20, NULL, 'selesai'),
	(5, 2, '2026-05-24 14:06:19.121828', '2026-05-24 14:19:48.95468', 1312.1291569323, 808, 85, NULL, 'selesai'),
	(6, 2, '2026-05-30 10:44:31.056493', '2026-05-30 10:48:27.868877', 254.42637499161, 229, 17, NULL, 'selesai');
/*!40000 ALTER TABLE "run_sessions" ENABLE KEYS */;

-- Dumping structure for table public.sapa_log
CREATE TABLE IF NOT EXISTS "sapa_log" (
	"id" INTEGER NOT NULL DEFAULT 'nextval(''sapa_log_id_seq''::regclass)',
	"sender_user_id" INTEGER NOT NULL,
	"target_user_id" INTEGER NOT NULL,
	"created_at" TIMESTAMP NOT NULL DEFAULT 'now()',
	PRIMARY KEY ("id"),
	UNIQUE INDEX "sapa_log_sender_user_id_target_user_id_key" ("sender_user_id", "target_user_id"),
	CONSTRAINT "sapa_log_sender_user_id_fkey" FOREIGN KEY ("sender_user_id") REFERENCES "users" ("id") ON UPDATE NO ACTION ON DELETE CASCADE,
	CONSTRAINT "sapa_log_target_user_id_fkey" FOREIGN KEY ("target_user_id") REFERENCES "users" ("id") ON UPDATE NO ACTION ON DELETE CASCADE
);

-- Dumping data for table public.sapa_log: -1 rows
/*!40000 ALTER TABLE "sapa_log" DISABLE KEYS */;
INSERT INTO "sapa_log" ("id", "sender_user_id", "target_user_id", "created_at") VALUES
	(1, 2, 14, '2026-05-23 07:54:08.724011'),
	(2, 4, 17, '2026-05-23 09:15:10.100932');
/*!40000 ALTER TABLE "sapa_log" ENABLE KEYS */;

-- Dumping structure for table public.sedekah_log
CREATE TABLE IF NOT EXISTS "sedekah_log" (
	"id" INTEGER NOT NULL DEFAULT 'nextval(''sedekah_log_id_seq''::regclass)',
	"program_id" INTEGER NOT NULL,
	"user_id" INTEGER NOT NULL,
	"jumlah" BIGINT NOT NULL,
	"catatan" TEXT NULL DEFAULT NULL,
	"created_at" TIMESTAMP NOT NULL DEFAULT 'now()',
	PRIMARY KEY ("id"),
	CONSTRAINT "sedekah_log_program_id_fkey" FOREIGN KEY ("program_id") REFERENCES "sedekah_program" ("id") ON UPDATE NO ACTION ON DELETE CASCADE,
	CONSTRAINT "sedekah_log_user_id_fkey" FOREIGN KEY ("user_id") REFERENCES "users" ("id") ON UPDATE NO ACTION ON DELETE CASCADE
);

-- Dumping data for table public.sedekah_log: -1 rows
/*!40000 ALTER TABLE "sedekah_log" DISABLE KEYS */;
/*!40000 ALTER TABLE "sedekah_log" ENABLE KEYS */;

-- Dumping structure for table public.sedekah_program
CREATE TABLE IF NOT EXISTS "sedekah_program" (
	"id" INTEGER NOT NULL DEFAULT 'nextval(''sedekah_program_id_seq''::regclass)',
	"judul" VARCHAR(180) NOT NULL,
	"deskripsi" TEXT NULL DEFAULT NULL,
	"jenis" VARCHAR(20) NOT NULL DEFAULT 'sedekah',
	"target_amount" BIGINT NOT NULL DEFAULT '0',
	"terkumpul" BIGINT NOT NULL DEFAULT '0',
	"deadline" DATE NULL DEFAULT NULL,
	"active" SMALLINT NOT NULL DEFAULT '1',
	"dibuat_oleh" INTEGER NULL DEFAULT NULL,
	"created_at" TIMESTAMP NOT NULL DEFAULT 'now()',
	PRIMARY KEY ("id"),
	CONSTRAINT "sedekah_program_dibuat_oleh_fkey" FOREIGN KEY ("dibuat_oleh") REFERENCES "users" ("id") ON UPDATE NO ACTION ON DELETE SET NULL
);

-- Dumping data for table public.sedekah_program: -1 rows
/*!40000 ALTER TABLE "sedekah_program" DISABLE KEYS */;
/*!40000 ALTER TABLE "sedekah_program" ENABLE KEYS */;

-- Dumping structure for table public.site_visitors
CREATE TABLE IF NOT EXISTS "site_visitors" (
	"id" BIGINT NOT NULL DEFAULT 'nextval(''site_visitors_id_seq''::regclass)',
	"ip" VARCHAR(64) NULL DEFAULT NULL,
	"user_agent" TEXT NULL DEFAULT NULL,
	"path" VARCHAR(255) NULL DEFAULT NULL,
	"created_at" TIMESTAMP NOT NULL DEFAULT 'now()',
	PRIMARY KEY ("id"),
	INDEX "idx_site_visitors_created_at" ("created_at")
);

-- Dumping data for table public.site_visitors: -1 rows
/*!40000 ALTER TABLE "site_visitors" DISABLE KEYS */;
INSERT INTO "site_visitors" ("id", "ip", "user_agent", "path", "created_at") VALUES
	(1, '::1', 'Go-http-client/1.1', '/', '2026-05-30 09:51:58.763107'),
	(2, '::1', 'Go-http-client/1.1', '/', '2026-05-30 11:18:12.290922'),
	(3, '::1', 'Mozilla/5.0 (Linux; Android 10; K) AppleWebKit/537.36 (KHTML, like Gecko) Chrome/148.0.0.0 Mobile Safari/537.36', '/index.php', '2026-05-30 12:23:32.706099'),
	(4, '::1', 'Mozilla/5.0 (Linux; Android 10; K) AppleWebKit/537.36 (KHTML, like Gecko) Chrome/148.0.0.0 Mobile Safari/537.36', '/index.php', '2026-05-30 13:24:02.711213'),
	(5, '::1', 'Mozilla/5.0 (Linux; Android 10; K) AppleWebKit/537.36 (KHTML, like Gecko) Chrome/148.0.0.0 Mobile Safari/537.36', '/index.php', '2026-05-30 14:48:37.232089'),
	(6, '::1', 'Mozilla/5.0 (Linux; Android 10; K) AppleWebKit/537.36 (KHTML, like Gecko) SamsungBrowser/30.0 Chrome/143.0.0.0 Mobile Safari/537.36', '/index.php?source=pwa', '2026-05-30 16:19:21.008588'),
	(7, '::1', 'Mozilla/5.0 (Windows NT 10.0; Win64; x64; rv:151.0) Gecko/20100101 Firefox/151.0', '/index.php', '2026-05-30 17:19:27.355654'),
	(8, '::1', 'Mozilla/5.0 (Linux; Android 10; K) AppleWebKit/537.36 (KHTML, like Gecko) Chrome/148.0.0.0 Mobile Safari/537.36', '/index.php', '2026-05-30 18:29:25.417065'),
	(9, '::1', 'Mozilla/5.0 (Linux; Android 10; K) AppleWebKit/537.36 (KHTML, like Gecko) Chrome/148.0.0.0 Mobile Safari/537.36', '/index.php', '2026-05-30 21:30:38.252002'),
	(10, '::1', 'Mozilla/5.0 (Linux; Android 10; K) AppleWebKit/537.36 (KHTML, like Gecko) Chrome/148.0.0.0 Mobile Safari/537.36', '/index.php', '2026-05-30 22:51:20.666957'),
	(11, '::1', 'Go-http-client/1.1', '/', '2026-05-31 06:06:26.491776'),
	(12, '::1', 'Go-http-client/1.1', '/', '2026-05-31 07:07:55.92647'),
	(13, '::1', 'Mozilla/5.0 (Linux; Android 10; K) AppleWebKit/537.36 (KHTML, like Gecko) SamsungBrowser/29.0 Chrome/136.0.0.0 Mobile Safari/537.36', '/index.php?source=pwa', '2026-05-31 11:38:48.100049'),
	(14, '::1', 'Mozilla/5.0 (Linux; Android 10; K) AppleWebKit/537.36 (KHTML, like Gecko) SamsungBrowser/30.0 Chrome/143.0.0.0 Mobile Safari/537.36', '/index.php?source=pwa', '2026-05-31 16:04:50.596434'),
	(15, '::1', 'Mozilla/5.0 (Linux; Android 10; K) AppleWebKit/537.36 (KHTML, like Gecko) Chrome/147.0.0.0 Mobile Safari/537.36', '/index.php?source=pwa', '2026-05-31 17:46:59.054147'),
	(16, '::1', 'Go-http-client/1.1', '/', '2026-05-31 19:25:48.121207'),
	(17, '::1', 'Mozilla/5.0 (Linux; Android 10; K) AppleWebKit/537.36 (KHTML, like Gecko) Chrome/148.0.0.0 Mobile Safari/537.36', '/index.php', '2026-05-31 23:41:38.797271'),
	(18, '::1', 'Mozilla/5.0 (Linux; Android 10; K) AppleWebKit/537.36 (KHTML, like Gecko) Chrome/148.0.0.0 Mobile Safari/537.36', '/index.php', '2026-06-01 00:49:36.469156'),
	(19, '::1', 'Mozilla/5.0 (Linux; Android 10; K) AppleWebKit/537.36 (KHTML, like Gecko) Chrome/148.0.0.0 Mobile Safari/537.36', '/index.php', '2026-06-01 06:09:03.121185'),
	(20, '::1', 'Mozilla/5.0 (Linux; Android 10; K) AppleWebKit/537.36 (KHTML, like Gecko) Chrome/147.0.0.0 Mobile Safari/537.36', '/index.php?source=pwa', '2026-06-01 08:43:44.230158'),
	(21, '::1', 'Go-http-client/1.1', '/', '2026-06-01 09:51:49.915651'),
	(54, '::1', 'Mozilla/5.0 (Linux; Android 10; K) AppleWebKit/537.36 (KHTML, like Gecko) Chrome/148.0.0.0 Mobile Safari/537.36', '/index.php', '2026-06-01 12:31:13.667795'),
	(55, '::1', 'Go-http-client/1.1', '/', '2026-06-01 13:42:32.899087'),
	(56, '::1', 'Mozilla/5.0 (Linux; Android 10; K) AppleWebKit/537.36 (KHTML, like Gecko) Chrome/148.0.0.0 Mobile Safari/537.36', '/index.php?guest=1', '2026-06-01 14:55:54.514449'),
	(57, '::1', 'Mozilla/5.0 (Linux; Android 10; K) AppleWebKit/537.36 (KHTML, like Gecko) SamsungBrowser/29.0 Chrome/136.0.0.0 Mobile Safari/537.36', '/index.php', '2026-06-01 16:32:28.849651'),
	(58, '::1', 'Mozilla/5.0 (Linux; Android 10; K) AppleWebKit/537.36 (KHTML, like Gecko) SamsungBrowser/30.0 Chrome/143.0.0.0 Mobile Safari/537.36', '/index.php', '2026-06-01 19:13:50.264309'),
	(59, '::1', 'Mozilla/5.0 (Linux; Android 10; K) AppleWebKit/537.36 (KHTML, like Gecko) Chrome/148.0.0.0 Mobile Safari/537.36', '/index.php', '2026-06-01 20:41:40.096343'),
	(60, '::1', 'Mozilla/5.0 (Linux; Android 10; K) AppleWebKit/537.36 (KHTML, like Gecko) Chrome/148.0.0.0 Mobile Safari/537.36', '/index.php', '2026-06-01 22:05:54.205797'),
	(61, '::1', 'Mozilla/5.0 (Linux; Android 10; K) AppleWebKit/537.36 (KHTML, like Gecko) Chrome/148.0.0.0 Mobile Safari/537.36', '/index.php', '2026-06-02 00:03:58.623199'),
	(62, '::1', 'Mozilla/5.0 (Linux; Android 10; K) AppleWebKit/537.36 (KHTML, like Gecko) Chrome/148.0.0.0 Mobile Safari/537.36', '/index.php', '2026-06-02 05:30:51.97562'),
	(63, '::1', 'Mozilla/5.0 (Linux; Android 10; K) AppleWebKit/537.36 (KHTML, like Gecko) Chrome/148.0.0.0 Mobile Safari/537.36', '/index.php', '2026-06-02 07:30:51.039574'),
	(64, '::1', 'Mozilla/5.0 (Linux; Android 10; K) AppleWebKit/537.36 (KHTML, like Gecko) Chrome/148.0.0.0 Mobile Safari/537.36', '/index.php', '2026-06-02 08:34:31.415341'),
	(65, '::1', 'Mozilla/5.0 (Linux; Android 10; K) AppleWebKit/537.36 (KHTML, like Gecko) Chrome/148.0.0.0 Mobile Safari/537.36', '/index.php', '2026-06-02 10:03:47.541683'),
	(66, '::1', 'Mozilla/5.0 (Linux; Android 10; K) AppleWebKit/537.36 (KHTML, like Gecko) SamsungBrowser/29.0 Chrome/136.0.0.0 Mobile Safari/537.36', '/index.php', '2026-06-02 11:22:55.541184'),
	(67, '::1', 'Mozilla/5.0 (Linux; Android 10; K) AppleWebKit/537.36 (KHTML, like Gecko) Chrome/148.0.0.0 Mobile Safari/537.36', '/index.php', '2026-06-02 12:27:54.536161'),
	(68, '::1', 'Mozilla/5.0 (Linux; Android 10; K) AppleWebKit/537.36 (KHTML, like Gecko) SamsungBrowser/30.0 Chrome/143.0.0.0 Mobile Safari/537.36', '/index.php', '2026-06-02 16:10:15.606372'),
	(69, '::1', 'Mozilla/5.0 (Linux; Android 10; K) AppleWebKit/537.36 (KHTML, like Gecko) Chrome/148.0.0.0 Mobile Safari/537.36', '/index.php', '2026-06-02 17:43:29.177474'),
	(70, '::1', 'Mozilla/5.0 (Linux; Android 10; K) AppleWebKit/537.36 (KHTML, like Gecko) Chrome/148.0.0.0 Mobile Safari/537.36', '/index.php', '2026-06-02 20:03:25.945858'),
	(71, '::1', 'Mozilla/5.0 (Linux; Android 10; K) AppleWebKit/537.36 (KHTML, like Gecko) Chrome/148.0.0.0 Mobile Safari/537.36', '/index.php', '2026-06-02 22:09:53.260067'),
	(72, '::1', 'Mozilla/5.0 (Linux; Android 10; K) AppleWebKit/537.36 (KHTML, like Gecko) Chrome/148.0.0.0 Mobile Safari/537.36', '/index.php', '2026-06-03 05:35:39.629032');
/*!40000 ALTER TABLE "site_visitors" ENABLE KEYS */;

-- Dumping structure for table public.tempat
CREATE TABLE IF NOT EXISTS "tempat" (
	"id" INTEGER NOT NULL DEFAULT 'nextval(''tempat_id_seq''::regclass)',
	"nama" VARCHAR(180) NOT NULL,
	"alamat" TEXT NULL DEFAULT NULL,
	"harga_lapang" NUMERIC(12,2) NULL DEFAULT '0',
	"harga_per_jam" NUMERIC(12,2) NULL DEFAULT '0',
	"status_booking" VARCHAR(30) NULL DEFAULT 'tersedia',
	"catatan" TEXT NULL DEFAULT NULL,
	"created_at" TIMESTAMP NULL DEFAULT 'now()',
	"lat" DOUBLE PRECISION NULL DEFAULT NULL,
	"lng" DOUBLE PRECISION NULL DEFAULT NULL,
	"pic_user_id" INTEGER NULL DEFAULT NULL,
	"kontak_wa" VARCHAR(30) NULL DEFAULT NULL,
	"jenis_id" INTEGER NULL DEFAULT NULL,
	"harga_tiket" NUMERIC(12,2) NULL DEFAULT '0',
	"harga_parkir" NUMERIC(12,2) NULL DEFAULT '0',
	"tampil_booking" BOOLEAN NOT NULL DEFAULT 'false',
	PRIMARY KEY ("id"),
	CONSTRAINT "tempat_jenis_id_fkey" FOREIGN KEY ("jenis_id") REFERENCES "jenis_olahraga" ("id") ON UPDATE NO ACTION ON DELETE SET NULL,
	CONSTRAINT "tempat_pic_user_id_fkey" FOREIGN KEY ("pic_user_id") REFERENCES "users" ("id") ON UPDATE NO ACTION ON DELETE SET NULL
);

-- Dumping data for table public.tempat: 27 rows
/*!40000 ALTER TABLE "tempat" DISABLE KEYS */;
INSERT INTO "tempat" ("id", "nama", "alamat", "harga_lapang", "harga_per_jam", "status_booking", "catatan", "created_at", "lat", "lng", "pic_user_id", "kontak_wa", "jenis_id", "harga_tiket", "harga_parkir", "tampil_booking") VALUES
	(5, 'Parkiran Taman Sumringah', 'Summarecon Bandung', 0.00, 0.00, 'tersedia', '', '2026-05-21 11:16:55.600715', -6.9537503, 107.6929201, 3, NULL, 1, 0.00, 0.00, 'false'),
	(22, 'Lapang Pingpong', 'Pinggir Kampus UIN', 0.00, 0.00, 'tersedia', '', '2026-05-22 16:15:28.522765', NULL, NULL, 4, NULL, 12, 0.00, 0.00, 'false'),
	(11, 'Kolam Renang Lettu Pas Basonai', 'Lanud Sulaiman, Margahayu', 0.00, 0.00, 'tersedia', '', '2026-05-22 16:06:38.344177', -6.9912435, 107.5759873, 2, NULL, 5, 0.00, 0.00, 'false'),
	(9, 'Kolam Renang Panorama', 'Ujung Berung', 0.00, 0.00, 'tersedia', '', '2026-05-22 06:59:36.928503', -6.898462, 107.7103046, 2, NULL, 5, 0.00, 0.00, 'false'),
	(10, 'Kolam Renang UPI', 'UPI Setiabudi', 0.00, 0.00, 'tersedia', '', '2026-05-22 16:05:55.865701', -6.8594515, 107.5855598, 4, NULL, 5, 0.00, 0.00, 'false'),
	(12, 'Kolam Renang Yadika', 'Tanjungsari', 0.00, 0.00, 'tersedia', '', '2026-05-22 16:06:56.515685', -6.8974891, 107.8055482, 3, NULL, 5, 0.00, 0.00, 'false'),
	(7, 'Singgasana Sport', 'Cibaduyut', 0.00, 0.00, 'tersedia', '', '2026-05-22 06:56:55.240167', -6.9612456, 107.5942425, 2, NULL, 12, 0.00, 0.00, 'false'),
	(19, 'Biliar Sinai', 'Baleendah, Rancamanyar', 0.00, 0.00, 'tersedia', '', '2026-05-22 16:13:43.837103', NULL, NULL, 2, '089638726182', 11, 0.00, 0.00, 'true'),
	(8, 'BSD Sport', 'Cipamokolan', 0.00, 0.00, 'tersedia', '', '2026-05-22 06:59:04.47909', NULL, NULL, 3, '08872947080', 2, 0.00, 0.00, 'true'),
	(26, 'BHD - Warung Yos', 'Dago Atas', 0.00, 0.00, 'tersedia', '', '2026-05-22 16:27:23.261738', -6.846409, 107.650307, 2, NULL, 8, 0.00, 5000.00, 'false'),
	(1, 'GOR Adiguna', 'Jln. Pertamina, Soetta', 110000.00, 110000.00, 'tersedia', '', '2026-05-21 11:16:55.600715', NULL, NULL, 3, NULL, 3, 0.00, 0.00, 'true'),
	(24, 'Gn.Pangradinan', 'Rancaekek', 0.00, 0.00, 'tersedia', '', '2026-05-22 16:25:11.313536', -7.043889, 107.828311, 3, NULL, 8, 0.00, 5000.00, 'false'),
	(27, 'Batukuda - Manglayang', 'Batu Kuda', 0.00, 0.00, 'tersedia', '', '2026-05-22 16:28:03.059991', -6.8928621, 107.7429292, 4, NULL, 8, 15000.00, 2000.00, 'false'),
	(25, 'Kina - Sanggara/Lembah Tengkorak/Pangparang', 'Bukit Kina, Cibodas', 0.00, 0.00, 'tersedia', '', '2026-05-22 16:26:01.59066', -6.8370644, 107.7277736, 2, NULL, 8, 0.00, 5000.00, 'false'),
	(23, 'Tangkuban Perahu - Cibarebeuy', 'Subang', 0.00, 0.00, 'tersedia', '', '2026-05-22 16:24:00.396558', -6.7733931, 107.6359156, 2, NULL, 8, 0.00, 5000.00, 'false'),
	(4, 'Sindangreret - Panyileukan', 'BnC Cookies', 0.00, 0.00, 'tersedia', '', '2026-05-21 11:16:55.600715', -6.9318895, 107.7216289, 2, NULL, 10, 0.00, 0.00, 'false'),
	(6, 'GOR Azaka', 'Pasirimpun Atas', 50000.00, 50000.00, 'tersedia', '0', '2026-05-21 11:29:20.544026', NULL, NULL, 2, '081320906764', 2, 0.00, 0.00, 'true'),
	(16, 'GOR Cempaka Arum', 'Panyileukan, Al-Jabbar', 35000.00, 35000.00, 'tersedia', '', '2026-05-22 16:10:20.815157', NULL, NULL, 3, NULL, 2, 0.00, 0.00, 'true'),
	(21, 'Biliar BS Pool and Cafe', 'Wastukencana, Kota Bandung', 0.00, 0.00, 'tersedia', '', '2026-05-22 16:14:44.253902', -6.9081659, 107.6049949, 2, NULL, 11, 0.00, 0.00, 'true'),
	(13, 'GOR Mayasari', 'Soekarno Hatta, Bunderan Cibiru', 35000.00, 35000.00, 'tersedia', '', '2026-05-22 16:08:01.628889', NULL, NULL, 4, NULL, 2, 0.00, 0.00, 'true'),
	(2, 'GOR Mayasari', 'Soekarno Hatta, Bunderan Cibiru', 125000.00, 125000.00, 'tersedia', '', '2026-05-21 11:16:55.600715', NULL, NULL, 4, NULL, 3, 0.00, 0.00, 'true'),
	(17, 'GOR Pasanggrahan', 'Cilengkrang, Bandung', 45000.00, 45000.00, 'tersedia', '', '2026-05-22 16:12:36.197922', NULL, NULL, 2, '089655369495', 2, 0.00, 0.00, 'true'),
	(18, 'GOR Pilar Biru', 'Pilar Biru, Cibiru Hilir', 0.00, 0.00, 'tersedia', '', '2026-05-22 16:13:13.801444', NULL, NULL, 2, NULL, 2, 0.00, 0.00, 'true'),
	(3, 'GOR Purbaya', 'Jln. Ciguruwik', 25000.00, 25000.00, 'tersedia', '', '2026-05-21 11:16:55.600715', NULL, NULL, 3, NULL, 2, 0.00, 0.00, 'true'),
	(15, 'GOR Sindangreret', 'Sindangreret, Cibiru', 40000.00, 40000.00, 'tersedia', '', '2026-05-22 16:09:31.917895', NULL, NULL, 2, '089628188960', 2, 0.00, 0.00, 'true'),
	(14, 'GOR Gaza', 'Cinunuk, Cibiru', 20000.00, 20000.00, 'tersedia', '', '2026-05-22 16:08:56.792858', -6.930473, 107.7315517, 3, '082215309779', 2, 0.00, 0.00, 'true'),
	(20, 'GOR Gaza', 'Ciguruwik, Cibiru', 0.00, 0.00, 'tersedia', '', '2026-05-22 16:14:16.040455', -6.930473, 107.731552, 2, '082215309779', 11, 0.00, 0.00, 'true');
/*!40000 ALTER TABLE "tempat" ENABLE KEYS */;

-- Dumping structure for table public.tim
CREATE TABLE IF NOT EXISTS "tim" (
	"id" INTEGER NOT NULL DEFAULT 'nextval(''tim_id_seq''::regclass)',
	"nama" VARCHAR(120) NOT NULL,
	"jenis" VARCHAR(60) NOT NULL,
	"koordinator_id" INTEGER NULL DEFAULT NULL,
	"kuota" INTEGER NOT NULL DEFAULT '2',
	"catatan" TEXT NULL DEFAULT NULL,
	"created_at" TIMESTAMP NULL DEFAULT 'now()',
	PRIMARY KEY ("id"),
	CONSTRAINT "tim_koordinator_id_fkey" FOREIGN KEY ("koordinator_id") REFERENCES "users" ("id") ON UPDATE NO ACTION ON DELETE SET NULL
);

-- Dumping data for table public.tim: -1 rows
/*!40000 ALTER TABLE "tim" DISABLE KEYS */;
/*!40000 ALTER TABLE "tim" ENABLE KEYS */;

-- Dumping structure for table public.tim_member
CREATE TABLE IF NOT EXISTS "tim_member" (
	"tim_id" INTEGER NOT NULL,
	"user_id" INTEGER NOT NULL,
	PRIMARY KEY ("tim_id", "user_id"),
	CONSTRAINT "tim_member_tim_id_fkey" FOREIGN KEY ("tim_id") REFERENCES "tim" ("id") ON UPDATE NO ACTION ON DELETE CASCADE,
	CONSTRAINT "tim_member_user_id_fkey" FOREIGN KEY ("user_id") REFERENCES "users" ("id") ON UPDATE NO ACTION ON DELETE CASCADE
);

-- Dumping data for table public.tim_member: -1 rows
/*!40000 ALTER TABLE "tim_member" DISABLE KEYS */;
/*!40000 ALTER TABLE "tim_member" ENABLE KEYS */;

-- Dumping structure for table public.toko
CREATE TABLE IF NOT EXISTS "toko" (
	"id" INTEGER NOT NULL DEFAULT 'nextval(''toko_id_seq''::regclass)',
	"nama" VARCHAR(160) NOT NULL,
	"deskripsi" TEXT NULL DEFAULT NULL,
	"alamat" TEXT NULL DEFAULT NULL,
	"no_wa" VARCHAR(25) NULL DEFAULT NULL,
	"lat" NUMERIC(10,6) NULL DEFAULT NULL,
	"lng" NUMERIC(10,6) NULL DEFAULT NULL,
	"aktif" BOOLEAN NOT NULL DEFAULT 'true',
	"created_at" TIMESTAMP NOT NULL DEFAULT 'now()',
	"hari_buka" VARCHAR(20) NULL DEFAULT '0,1,2,3,4,5,6',
	"jam_buka" TIME NULL DEFAULT NULL,
	"jam_tutup" TIME NULL DEFAULT NULL,
	PRIMARY KEY ("id"),
	INDEX "toko_aktif_idx" ("aktif")
);

-- Dumping data for table public.toko: 6 rows
/*!40000 ALTER TABLE "toko" DISABLE KEYS */;
INSERT INTO "toko" ("id", "nama", "deskripsi", "alamat", "no_wa", "lat", "lng", "aktif", "created_at", "hari_buka", "jam_buka", "jam_tutup") VALUES
	(1, 'Ayam Penyet Esti', 'Murah...', 'Kampus UIN SGD 1', NULL, NULL, NULL, 'true', '2026-06-01 10:47:53.154299', '0,1,2,3,4,5,6', NULL, NULL),
	(2, 'Tianlala Cibiru', 'Seger...', 'Kampus UIN SGD 1', NULL, NULL, NULL, 'true', '2026-06-01 13:01:44.587998', '0,1,2,3,4,5,6', NULL, NULL),
	(3, 'Waroeng Cafe Yayang', 'Yummy..', 'Kampus UIN SGD 1', NULL, NULL, NULL, 'true', '2026-06-01 13:03:16.861832', '0,1,2,3,4,5,6', NULL, NULL),
	(4, 'Kopi Tekun Cibiru', 'Plong..', 'Kampus UIN SGD 1', NULL, NULL, NULL, 'true', '2026-06-01 13:05:01.564054', '0,1,2,3,4,5,6', NULL, NULL),
	(5, 'Nasi Dadar Abin', 'Kenyang..', 'Kampus UIN SGD 1', NULL, NULL, NULL, 'true', '2026-06-01 13:06:50.459866', '0,1,2,3,4,5,6', NULL, NULL),
	(6, 'Bakso Neng Hajjah', 'Muantap..', 'Kampus UIN SGD 1', NULL, NULL, NULL, 'true', '2026-06-01 13:08:52.835693', '0,1,2,3,4,5,6', NULL, NULL),
	(7, 'WiCiPi', 'Temoat Makan murah dan Berkualitas', 'Panyileukan', NULL, NULL, NULL, 'true', '2026-06-02 12:45:31.535585', '0,1,2,3,4,5,6', '08:00:00', '17:00:00');
/*!40000 ALTER TABLE "toko" ENABLE KEYS */;

-- Dumping structure for table public.upload_harian
CREATE TABLE IF NOT EXISTS "upload_harian" (
	"id" INTEGER NOT NULL DEFAULT 'nextval(''upload_harian_id_seq''::regclass)',
	"user_id" INTEGER NOT NULL,
	"tanggal" DATE NOT NULL,
	"jenis" VARCHAR(60) NOT NULL,
	"durasi_menit" INTEGER NULL DEFAULT NULL,
	"jarak_km" NUMERIC(6,2) NULL DEFAULT NULL,
	"kalori" INTEGER NULL DEFAULT NULL,
	"deskripsi" TEXT NULL DEFAULT NULL,
	"file_path" VARCHAR(255) NULL DEFAULT NULL,
	"gdrive_url" VARCHAR(255) NULL DEFAULT NULL,
	"created_at" TIMESTAMP NULL DEFAULT 'now()',
	"pace" VARCHAR(20) NULL DEFAULT NULL,
	"pace_detik" INTEGER NULL DEFAULT NULL,
	"heart_rate" INTEGER NULL DEFAULT NULL,
	"rpe" SMALLINT NULL DEFAULT NULL,
	PRIMARY KEY ("id"),
	CONSTRAINT "upload_harian_user_id_fkey" FOREIGN KEY ("user_id") REFERENCES "users" ("id") ON UPDATE NO ACTION ON DELETE CASCADE
);

-- Dumping data for table public.upload_harian: -1 rows
/*!40000 ALTER TABLE "upload_harian" DISABLE KEYS */;
INSERT INTO "upload_harian" ("id", "user_id", "tanggal", "jenis", "durasi_menit", "jarak_km", "kalori", "deskripsi", "file_path", "gdrive_url", "created_at", "pace", "pace_detik", "heart_rate", "rpe") VALUES
	(9, 2, '2026-05-12', 'Jogging', 7, 1.06, 88, '', 'https://ik.imagekit.io/ahsansur/sportapp/May_2026/Firdam-2026-05-12-Jogging_OVC1nAqpR.jpg', '6a1089ca5c7cd75eb8772939', '2026-05-22 16:52:27.591246', '7''20" /km', NULL, NULL, NULL),
	(10, 2, '2026-05-10', 'Jogging', 7, 1.00, 84, '', 'https://ik.imagekit.io/ahsansur/sportapp/May_2026/Firdam-2026-05-22-Jogging_mohISwu4E.jpg', '6a108a415c7cd75eb8795b23', '2026-05-22 16:54:26.552623', '7''07" /km', NULL, NULL, NULL),
	(11, 2, '2026-05-01', 'Jogging', 22, 2.99, 244, '', 'https://ik.imagekit.io/ahsansur/sportapp/May_2026/Firdam-2026-05-01-Jogging_bcPHSrFit.jpg', '6a108a8d5c7cd75eb87aea13', '2026-05-22 16:55:42.365204', '7''35" /km', NULL, NULL, NULL),
	(12, 2, '2026-05-07', 'Jogging', 10, 1.34, 122, '', 'https://ik.imagekit.io/ahsansur/sportapp/May_2026/Firdam-2026-05-22-Jogging_F4ltKu6BJh.jpg', '6a108af65c7cd75eb87d6ace', '2026-05-22 16:57:27.262779', '8''04" /km', NULL, NULL, NULL),
	(15, 2, '2026-05-03', 'Jogging', 24, 3.00, 244, '', 'https://ik.imagekit.io/ahsansur/sportapp/May_2026/Firdam-2026-05-03-Jogging_SXZ58UsK4.jpg', '6a108b945c7cd75eb8814d5e', '2026-05-22 17:00:05.107689', '07''49" /km', NULL, NULL, NULL),
	(7, 2, '2026-05-18', 'Jogging', 15, 2.26, 198, 'Tidak ada', 'https://ik.imagekit.io/ahsansur/sportapp/May_2026/Firdam-2026-05-21-Jogging_PGVG98kLK.jpg', '6a0e92aa5c7cd75eb83a10c4', '2026-05-21 05:05:47.220034', '6''47" /km', NULL, NULL, NULL),
	(13, 2, '2026-05-05', 'Jogging', 35, 4.96, 441, '', 'https://ik.imagekit.io/ahsansur/sportapp/May_2026/Firdam-2026-05-05-Jogging_57vIUf1o-.jpg', '6a108b4d5c7cd75eb87f8312', '2026-05-22 16:58:54.086772', '7''01" /km', NULL, NULL, NULL),
	(14, 2, '2026-05-03', 'Jogging', 24, 3.00, 244, '', 'https://ik.imagekit.io/ahsansur/sportapp/May_2026/Firdam-2026-05-03-Jogging_CbA7iOtwa.jpg', '6a108b8e5c7cd75eb8811758', '2026-05-22 16:59:59.092363', '07''49" /km', NULL, NULL, NULL),
	(8, 2, '2026-05-15', 'Jogging', 13, 2.40, 187, 'Wow..', 'https://ik.imagekit.io/ahsansur/sportapp/May_2026/Firdam-2026-05-15-Jogging_qFDGBnfHn.jpg', '6a0e93155c7cd75eb83d74d0', '2026-05-21 05:07:34.100156', '6''14" /km', NULL, NULL, NULL);
/*!40000 ALTER TABLE "upload_harian" ENABLE KEYS */;

-- Dumping structure for table public.users
CREATE TABLE IF NOT EXISTS "users" (
	"id" INTEGER NOT NULL DEFAULT 'nextval(''users_id_seq''::regclass)',
	"nama" VARCHAR(120) NOT NULL,
	"email" VARCHAR(180) NOT NULL,
	"password_hash" VARCHAR(255) NOT NULL,
	"role" UNKNOWN NOT NULL DEFAULT 'member',
	"google_id" VARCHAR(120) NULL DEFAULT NULL,
	"created_at" TIMESTAMP NULL DEFAULT 'now()',
	"foto_url" VARCHAR(255) NULL DEFAULT NULL,
	"foto_file_id" VARCHAR(120) NULL DEFAULT NULL,
	"last_seen" TIMESTAMP NULL DEFAULT NULL,
	"jenis_kelamin" VARCHAR(10) NULL DEFAULT NULL,
	"xp" INTEGER NOT NULL DEFAULT '0',
	"level" INTEGER NOT NULL DEFAULT '1',
	"streak_minggu" INTEGER NOT NULL DEFAULT '0',
	"bio" TEXT NULL DEFAULT NULL,
	"dark_mode" SMALLINT NOT NULL DEFAULT '0',
	"wa" VARCHAR(30) NULL DEFAULT NULL,
	"pic_admin_id" INTEGER NULL DEFAULT NULL,
	"nomor_wa" VARCHAR(25) NULL DEFAULT NULL,
	"berat_kg" NUMERIC(5,2) NULL DEFAULT NULL,
	"tinggi_cm" NUMERIC(5,2) NULL DEFAULT NULL,
	"tanggal_lahir" DATE NULL DEFAULT NULL,
	"riwayat_penyakit" TEXT NULL DEFAULT NULL,
	"kode_referal" VARCHAR(32) NULL DEFAULT NULL,
	"referred_by_code" VARCHAR(32) NULL DEFAULT NULL,
	"username" VARCHAR(40) NULL DEFAULT NULL,
	"tema_warna" VARCHAR(20) NULL DEFAULT 'sky',
	"privasi_disetujui_at" TIMESTAMP NULL DEFAULT NULL,
	"privasi_versi_disetujui" VARCHAR(20) NULL DEFAULT NULL,
	PRIMARY KEY ("id"),
	UNIQUE INDEX "users_email_key" ("email"),
	UNIQUE INDEX "users_kode_referal_uidx" ("kode_referal"),
	CONSTRAINT "users_pic_admin_id_fkey" FOREIGN KEY ("pic_admin_id") REFERENCES "users" ("id") ON UPDATE NO ACTION ON DELETE SET NULL
);

-- Dumping data for table public.users: 16 rows
/*!40000 ALTER TABLE "users" DISABLE KEYS */;
INSERT INTO "users" ("id", "nama", "email", "password_hash", "role", "google_id", "created_at", "foto_url", "foto_file_id", "last_seen", "jenis_kelamin", "xp", "level", "streak_minggu", "bio", "dark_mode", "wa", "pic_admin_id", "nomor_wa", "berat_kg", "tinggi_cm", "tanggal_lahir", "riwayat_penyakit", "kode_referal", "referred_by_code", "username", "tema_warna", "privasi_disetujui_at", "privasi_versi_disetujui") VALUES
	(20, 'Fajar Suseno', 'fajar@sport.local', '$2y$10$PCnvpCyKEdEapN87UMqQHOh7edoaNTepREZPpBljj5sHgdp68uUbi', 'member', NULL, '2026-05-29 12:57:35.205148', NULL, NULL, '2026-05-29 16:08:52.600659', 'L', 0, 1, 0, NULL, 0, '087822615464', 4, '087822615464', 67.00, 168.00, '2005-06-19', 'Tidak ada.', NULL, NULL, NULL, 'sky', NULL, NULL),
	(7, 'Faiz', 'faiz@sport.local', '$2y$10$IU70GA7RajjzT1JaITB/0Oo3D7xTWI1OfuNs.U61Zh0q7GCGPs.o2', 'member', NULL, '2026-05-19 07:54:49.054143', NULL, NULL, '2026-05-23 16:28:16.452662', 'L', 0, 1, 2, NULL, 0, '085814120846', 3, '085814120846', NULL, NULL, NULL, NULL, NULL, NULL, NULL, 'sky', NULL, NULL),
	(5, 'Usama', 'usama@sport.local', '$2y$10$.t7NxThSxmHvK3Bst9NmguSIlu9zz2QjlaTxOnB6PvcSv71OsdWm2', 'member', NULL, '2026-05-19 07:54:22.015654', NULL, NULL, NULL, 'L', 0, 1, 0, NULL, 0, '089525429272', 3, '089525429272', NULL, NULL, NULL, NULL, NULL, NULL, NULL, 'sky', NULL, NULL),
	(15, 'Hanif', 'hanif@sport.local', '$2y$10$GnFSPJJ7.9X2BsmQ2ScrTOza76tmuZt1y8RFiX9QptHnZEFr4u8WK', 'member', NULL, '2026-05-19 07:56:40.664031', NULL, NULL, '2026-05-30 09:59:44.711128', 'L', 0, 1, 0, NULL, 0, '082117100115', 2, '082117100115', NULL, NULL, NULL, NULL, NULL, NULL, NULL, 'sky', NULL, NULL),
	(2, 'Firdam', 'firdam@sport.local', '$2y$10$J219qLjtcMqVaSla3vEmsuaOMwxaL7XVJ4Xpnc7VQl8TJKBNMDv0m', 'admin', NULL, '2026-05-19 07:09:24.276208', 'https://ik.imagekit.io/ahsansur/sportapp/avatar/Firdam-avatar-1779423163_TlgPp4MS-.jpg', '6a0ee0135c7cd75eb87edbaf', '2026-06-03 07:12:58.779209', 'L', 300, 2, 1, 'Mau yang mana?', 0, '081386369207', 2, '081386369207', 83.00, 170.00, '1996-03-11', 'Usus Buntu', NULL, NULL, NULL, 'sky', NULL, NULL),
	(11, 'Rian', 'rian@sport.local', '$2y$10$1i9pPdfgTNmnk.znbNW/O.RqmElHfaA0l/cnj3Lc98BUZto6kIVhS', 'member', NULL, '2026-05-19 07:55:42.436033', NULL, NULL, '2026-06-02 20:09:53.017738', 'L', 0, 1, 1, NULL, 0, '085691767966', 4, '085691767966', NULL, NULL, NULL, NULL, NULL, NULL, NULL, 'sky', NULL, NULL),
	(17, 'RIZAL SAAD', 'rizalsaad1405@gmail.com', '$argon2id$v=19$m=65536,t=4,p=1$dWZVNkNuMDFRbUxEbTdUbQ$FymiSUHfBJnWIII+P5DJeMVHC7cH5YbosxTQNxhFqUw', 'member', NULL, '2026-05-22 09:25:26.79199', NULL, NULL, '2026-05-22 09:26:42.829588', 'L', 0, 1, 0, NULL, 0, '082218532348', 4, '082218532348', NULL, NULL, NULL, NULL, NULL, NULL, NULL, 'sky', NULL, NULL),
	(6, 'Dendra', 'dendra@sport.local', '$2y$10$6Xt5Sj9rKVSr9fqdXcF14.y/DP5240ULEtf/lie738rt1H5frLo/y', 'member', NULL, '2026-05-19 07:54:35.123756', 'https://ik.imagekit.io/ahsansur/sportapp/avatar/Dendra-avatar-1780327141_1LN6n1f2i.jpg', NULL, '2026-06-01 22:26:59.76998', 'L', 0, 1, 1, NULL, 0, '082316481216', 3, '082316481216', NULL, NULL, NULL, NULL, NULL, NULL, NULL, 'sky', NULL, NULL),
	(16, 'ADITH SETIAWAN', 'adithsetiawan62@gmail.com', '$argon2id$v=19$m=65536,t=4,p=1$NzkuSWtnU0J1UjFTcGV4Ug$3kOfbqXaVv19r43a8KDxVPg33BbgV/AkqZ7Gt6oY9u8', 'member', NULL, '2026-05-22 09:25:05.526258', 'https://ik.imagekit.io/ahsansur/sportapp/avatar/ADITH_SETIAWAN-avatar-1780045646_vUCRcMgf9.jpg', NULL, '2026-06-01 15:11:02.572002', 'L', 0, 1, 0, 'Enjoy the Proses', 0, '082118785024', 4, '082118785024', 66.00, 160.00, '2006-03-12', 'Sehat sentosa', NULL, NULL, NULL, 'sky', NULL, NULL),
	(14, 'Farhan Akmali', 'farhan@sport.local', '$2y$10$FJBGlMFxj85cDACsi1G/BuyLCGZQQO1vq6j.RpXLGudAFayjKm76W', 'member', NULL, '2026-05-19 07:56:28.908609', 'https://ik.imagekit.io/ahsansur/sportapp/avatar/Farhan_Akmali-avatar-1779482008_KIqU_LMhc.jpg', NULL, '2026-06-02 08:18:22.532821', 'L', 150, 1, 0, NULL, 0, '087854972839', 2, '087854972839', NULL, NULL, NULL, NULL, NULL, NULL, NULL, 'sky', NULL, NULL),
	(8, 'Dedi', 'dedi@sport.local', '$2y$10$nuKddv8x8SvUhueELQwWv.F/F8YzaEOLA52T438WdLXMeLhZlee8q', 'member', NULL, '2026-05-19 07:55:00.498075', NULL, NULL, '2026-05-23 17:11:43.514279', 'L', 150, 1, 0, NULL, 0, '082184381823', 3, '082184381823', NULL, NULL, NULL, NULL, NULL, NULL, NULL, 'sky', NULL, NULL),
	(9, 'Rafi', 'rafi@sport.local', '$2y$10$WXVJ/JHsAzNkfEEz/ZAyOuioNuZj4iM5TVN4xRd1qkqqEanljth8y', 'member', NULL, '2026-05-19 07:55:12.485671', NULL, NULL, NULL, 'L', 0, 1, 0, NULL, 0, '089502639933', 4, '089502639933', NULL, NULL, NULL, NULL, NULL, NULL, NULL, 'sky', NULL, NULL),
	(4, 'Dani', 'dani@sport.local', '$2y$10$VgQ6RZkSly9XqDDlNH0B8e/VTM.GB.3nDyxY6O4nyA2HtTOD8MOi2', 'admin', NULL, '2026-05-19 07:09:24.276208', 'https://ik.imagekit.io/ahsansur/sportapp/avatar/Dani-avatar-1779446202_D6MgJZEDkC.jpg', NULL, '2026-06-02 13:26:27.566303', 'L', 300, 2, 1, NULL, 0, '0895337148803', 4, '0895337148803', 58.00, 163.00, '2004-10-09', 'Darah Tinggi', NULL, NULL, NULL, 'sky', NULL, NULL),
	(3, 'Rifat', 'rifat@sport.local', '$2y$10$2nAaw2Qjru8mkOrZMA5Bcu2nX7ulxiqPObQk1Ekp0VxBPTjowBrNW', 'admin', NULL, '2026-05-19 07:09:24.276208', 'https://ik.imagekit.io/ahsansur/sportapp/avatar/Rifat-avatar-1779378411_1K68zsR1h.jpg', '6a0f28ed5c7cd75eb84a1dad', '2026-06-03 06:04:41.497176', 'L', 300, 2, 1, '', 0, '081369248630', 3, '081369248630', NULL, NULL, NULL, NULL, NULL, NULL, NULL, 'sky', NULL, NULL),
	(10, 'Reyhan', 'reyhan@sport.local', '$2y$10$84RpoOaWh9iDdj4eVoNgnuy3ycDWsYTpJnhKoCW3rd74cPepinhni', 'member', NULL, '2026-05-19 07:55:29.376846', NULL, NULL, NULL, 'L', 0, 1, 0, NULL, 0, '082320781890', 4, '082320781890', NULL, NULL, NULL, NULL, NULL, NULL, NULL, 'sky', NULL, NULL),
	(13, 'Aziz', 'aziz@sport.local', '$2y$10$hscxGGWZSkrUVdUi9GPuleeSCgD6HfEktM/SU4TzVT85LVuRsfcwO', 'member', NULL, '2026-05-19 07:56:12.862165', NULL, NULL, '2026-05-22 05:47:41.226206', 'L', 0, 1, 0, NULL, 0, '081223450704', 2, '081223450704', NULL, NULL, NULL, NULL, NULL, NULL, NULL, 'sky', NULL, NULL);
/*!40000 ALTER TABLE "users" ENABLE KEYS */;

-- Dumping structure for table public.user_badges
CREATE TABLE IF NOT EXISTS "user_badges" (
	"id" INTEGER NOT NULL DEFAULT 'nextval(''user_badges_id_seq''::regclass)',
	"user_id" INTEGER NOT NULL,
	"badge_id" INTEGER NOT NULL,
	"earned_at" TIMESTAMP NOT NULL DEFAULT 'now()',
	PRIMARY KEY ("id"),
	UNIQUE INDEX "user_badges_user_id_badge_id_key" ("user_id", "badge_id"),
	CONSTRAINT "user_badges_badge_id_fkey" FOREIGN KEY ("badge_id") REFERENCES "badges" ("id") ON UPDATE NO ACTION ON DELETE CASCADE,
	CONSTRAINT "user_badges_user_id_fkey" FOREIGN KEY ("user_id") REFERENCES "users" ("id") ON UPDATE NO ACTION ON DELETE CASCADE
);

-- Dumping data for table public.user_badges: -1 rows
/*!40000 ALTER TABLE "user_badges" DISABLE KEYS */;
INSERT INTO "user_badges" ("id", "user_id", "badge_id", "earned_at") VALUES
	(1, 2, 7, '2026-05-22 00:37:28.111196'),
	(2, 8, 7, '2026-05-22 03:22:47.755994'),
	(3, 14, 7, '2026-05-22 09:29:51.266041'),
	(4, 4, 7, '2026-05-22 10:34:05.720315'),
	(5, 3, 7, '2026-05-23 09:18:05.084045'),
	(6, 2, 2, '2026-05-23 16:27:31.433549'),
	(7, 4, 2, '2026-05-24 13:54:15.537989'),
	(8, 3, 2, '2026-05-24 15:37:52.431443');
/*!40000 ALTER TABLE "user_badges" ENABLE KEYS */;

-- Dumping structure for table public.user_follows
CREATE TABLE IF NOT EXISTS "user_follows" (
	"follower_id" INTEGER NOT NULL,
	"following_id" INTEGER NOT NULL,
	"created_at" TIMESTAMP NOT NULL DEFAULT 'now()',
	PRIMARY KEY ("follower_id", "following_id"),
	CONSTRAINT "user_follows_follower_id_fkey" FOREIGN KEY ("follower_id") REFERENCES "users" ("id") ON UPDATE NO ACTION ON DELETE CASCADE,
	CONSTRAINT "user_follows_following_id_fkey" FOREIGN KEY ("following_id") REFERENCES "users" ("id") ON UPDATE NO ACTION ON DELETE CASCADE,
	CONSTRAINT "user_follows_check" CHECK ((follower_id <> following_id))
);

-- Dumping data for table public.user_follows: -1 rows
/*!40000 ALTER TABLE "user_follows" DISABLE KEYS */;
/*!40000 ALTER TABLE "user_follows" ENABLE KEYS */;

-- Dumping structure for table public.user_islami_pref
CREATE TABLE IF NOT EXISTS "user_islami_pref" (
	"user_id" INTEGER NOT NULL,
	"hide_sapa" SMALLINT NOT NULL DEFAULT '0',
	"mode_tenang" SMALLINT NOT NULL DEFAULT '1',
	"kota" VARCHAR(60) NOT NULL DEFAULT 'Jakarta',
	"negara" VARCHAR(40) NOT NULL DEFAULT 'Indonesia',
	"updated_at" TIMESTAMP NOT NULL DEFAULT 'now()',
	PRIMARY KEY ("user_id"),
	CONSTRAINT "user_islami_pref_user_id_fkey" FOREIGN KEY ("user_id") REFERENCES "users" ("id") ON UPDATE NO ACTION ON DELETE CASCADE
);

-- Dumping data for table public.user_islami_pref: -1 rows
/*!40000 ALTER TABLE "user_islami_pref" DISABLE KEYS */;
INSERT INTO "user_islami_pref" ("user_id", "hide_sapa", "mode_tenang", "kota", "negara", "updated_at") VALUES
	(4, 0, 1, 'Jakarta', 'Indonesia', '2026-05-24 00:23:08.064265'),
	(3, 0, 1, 'Jakarta', 'Indonesia', '2026-05-24 15:35:27.781673'),
	(2, 1, 0, 'Bandung', 'Indonesia', '2026-05-26 11:08:57.379774'),
	(16, 0, 1, 'Jakarta', 'Indonesia', '2026-05-26 11:38:46.965837'),
	(20, 0, 1, 'Jakarta', 'Indonesia', '2026-05-29 13:02:26.848779'),
	(6, 0, 1, 'Jakarta', 'Indonesia', '2026-05-29 13:58:33.835718'),
	(14, 0, 1, 'Bandung', 'Indonesia', '2026-05-30 07:15:07.73775'),
	(15, 0, 1, 'Jakarta', 'Indonesia', '2026-05-30 09:55:49.225629'),
	(11, 0, 1, 'Jakarta', 'Indonesia', '2026-06-02 17:43:29.415');
/*!40000 ALTER TABLE "user_islami_pref" ENABLE KEYS */;

-- Dumping structure for table public.user_kondisi
CREATE TABLE IF NOT EXISTS "user_kondisi" (
	"user_id" INTEGER NOT NULL,
	"status" VARCHAR(10) NOT NULL DEFAULT 'sehat',
	"keterangan" TEXT NULL DEFAULT NULL,
	"updated_at" TIMESTAMP NOT NULL DEFAULT 'now()',
	PRIMARY KEY ("user_id"),
	CONSTRAINT "user_kondisi_user_id_fkey" FOREIGN KEY ("user_id") REFERENCES "users" ("id") ON UPDATE NO ACTION ON DELETE CASCADE
);

-- Dumping data for table public.user_kondisi: -1 rows
/*!40000 ALTER TABLE "user_kondisi" DISABLE KEYS */;
INSERT INTO "user_kondisi" ("user_id", "status", "keterangan", "updated_at") VALUES
	(2, 'sehat', 'Ga enak badan', '2026-05-23 07:55:15.791319');
/*!40000 ALTER TABLE "user_kondisi" ENABLE KEYS */;

-- Dumping structure for table public.user_olahraga_favorit
CREATE TABLE IF NOT EXISTS "user_olahraga_favorit" (
	"id" INTEGER NOT NULL DEFAULT 'nextval(''user_olahraga_favorit_id_seq''::regclass)',
	"user_id" INTEGER NOT NULL,
	"nama" VARCHAR(80) NOT NULL,
	"created_at" TIMESTAMP NOT NULL DEFAULT 'now()',
	PRIMARY KEY ("id"),
	UNIQUE INDEX "user_olahraga_favorit_user_id_nama_key" ("user_id", "nama"),
	CONSTRAINT "user_olahraga_favorit_user_id_fkey" FOREIGN KEY ("user_id") REFERENCES "users" ("id") ON UPDATE NO ACTION ON DELETE CASCADE
);

-- Dumping data for table public.user_olahraga_favorit: -1 rows
/*!40000 ALTER TABLE "user_olahraga_favorit" DISABLE KEYS */;
INSERT INTO "user_olahraga_favorit" ("id", "user_id", "nama", "created_at") VALUES
	(1, 2, 'Badminton, Renang, Futsal, Hiking', '2026-05-22 04:54:22.608755'),
	(2, 4, 'Badminton', '2026-05-22 10:37:33.838919');
/*!40000 ALTER TABLE "user_olahraga_favorit" ENABLE KEYS */;

-- Dumping structure for table public.user_pengalaman
CREATE TABLE IF NOT EXISTS "user_pengalaman" (
	"id" INTEGER NOT NULL DEFAULT 'nextval(''user_pengalaman_id_seq''::regclass)',
	"user_id" INTEGER NOT NULL,
	"jenis" VARCHAR(20) NOT NULL,
	"judul" VARCHAR(160) NOT NULL,
	"lokasi" VARCHAR(200) NULL DEFAULT NULL,
	"tanggal" DATE NULL DEFAULT NULL,
	"deskripsi" TEXT NULL DEFAULT NULL,
	"foto_url" TEXT NULL DEFAULT NULL,
	"created_at" TIMESTAMP NOT NULL DEFAULT 'now()',
	PRIMARY KEY ("id"),
	CONSTRAINT "user_pengalaman_user_id_fkey" FOREIGN KEY ("user_id") REFERENCES "users" ("id") ON UPDATE NO ACTION ON DELETE CASCADE
);

-- Dumping data for table public.user_pengalaman: -1 rows
/*!40000 ALTER TABLE "user_pengalaman" DISABLE KEYS */;
INSERT INTO "user_pengalaman" ("id", "user_id", "jenis", "judul", "lokasi", "tanggal", "deskripsi", "foto_url", "created_at") VALUES
	(1, 2, 'hiking', 'Muncak Bareng Barudak', 'Gunung Putri', '2026-05-17', 'Adem Ayem', NULL, '2026-05-23 07:20:18.626138');
/*!40000 ALTER TABLE "user_pengalaman" ENABLE KEYS */;

-- Dumping structure for table public.user_perlengkapan
CREATE TABLE IF NOT EXISTS "user_perlengkapan" (
	"id" INTEGER NOT NULL DEFAULT 'nextval(''user_perlengkapan_id_seq''::regclass)',
	"user_id" INTEGER NOT NULL,
	"jenis_olahraga_id" INTEGER NULL DEFAULT NULL,
	"jenis_nama" VARCHAR(80) NULL DEFAULT NULL,
	"nama" VARCHAR(120) NOT NULL,
	"jumlah" INTEGER NOT NULL DEFAULT '1',
	"catatan" VARCHAR(200) NULL DEFAULT NULL,
	"created_at" TIMESTAMP NOT NULL DEFAULT 'now()',
	PRIMARY KEY ("id"),
	CONSTRAINT "user_perlengkapan_jenis_olahraga_id_fkey" FOREIGN KEY ("jenis_olahraga_id") REFERENCES "jenis_olahraga" ("id") ON UPDATE NO ACTION ON DELETE SET NULL,
	CONSTRAINT "user_perlengkapan_user_id_fkey" FOREIGN KEY ("user_id") REFERENCES "users" ("id") ON UPDATE NO ACTION ON DELETE CASCADE
);

-- Dumping data for table public.user_perlengkapan: -1 rows
/*!40000 ALTER TABLE "user_perlengkapan" DISABLE KEYS */;
INSERT INTO "user_perlengkapan" ("id", "user_id", "jenis_olahraga_id", "jenis_nama", "nama", "jumlah", "catatan", "created_at") VALUES
	(1, 2, 1, 'Jogging', 'Sepatu', 1, 'Merk Asics', '2026-05-23 07:22:07.385253'),
	(2, 2, 12, 'Ping Pong', 'Raket', 2, NULL, '2026-05-23 07:22:31.855522'),
	(3, 2, 12, 'Ping Pong', 'Bola', 2, 'Warna Kuninig', '2026-05-23 07:22:48.543813'),
	(5, 2, 2, 'Badminton', 'Sepatu', 1, 'Biasa dipakai futsal', '2026-05-23 07:23:55.738743'),
	(6, 4, 2, 'Badminton', 'Raket', 2, NULL, '2026-05-24 14:01:06.155221'),
	(7, 2, 8, 'Hiking', 'Sepatu', 1, NULL, '2026-05-30 10:35:04.124359'),
	(8, 2, 8, 'Hiking', 'Sepatu', 1, 'Merk Treksta', '2026-05-30 10:36:35.730992'),
	(10, 2, 13, 'Olahraga Pribadi', 'Hand Gripper', 2, 'Buat Latihan Jari', '2026-06-03 05:37:34.080804'),
	(11, 2, 13, 'Olahraga Pribadi', 'Skipping', 1, 'Loncat Loncat', '2026-06-03 05:38:06.063242'),
	(13, 2, 8, 'Hiking', 'Tas Camping/Hiking Hijau', 1, 'Merk Ospray', '2026-06-03 05:46:17.051677'),
	(12, 2, 3, 'Futsal', 'Sepatu', 1, 'Merk Ortus Eight', '2026-06-03 05:45:49.553352'),
	(4, 2, 5, 'Renang', 'Kacamata', 2, 'Pribadi dan anak', '2026-05-23 07:23:16.66464'),
	(14, 3, 2, 'Badminton', 'Raket', 3, '1 dalam perbaikan', '2026-06-03 05:59:04.018762'),
	(15, 3, 3, 'Futsal', 'sepatu aicec', 1, NULL, '2026-06-03 06:00:32.477591'),
	(16, 3, NULL, 'jogging', 'sepatu', 2, 'bisa dipake untuk olahraga yang lain', '2026-06-03 06:01:06.830129'),
	(17, 3, 13, 'Olahraga Pribadi', 'hand grip', 1, NULL, '2026-06-03 06:02:38.324866'),
	(18, 3, 13, 'Olahraga Pribadi', 'pull up bar', 1, NULL, '2026-06-03 06:03:11.12582'),
	(19, 3, 13, 'Olahraga Pribadi', 'calisthenics bar', 1, NULL, '2026-06-03 06:03:39.157228');
/*!40000 ALTER TABLE "user_perlengkapan" ENABLE KEYS */;

/*!40103 SET TIME_ZONE=IFNULL(@OLD_TIME_ZONE, 'system') */;
/*!40101 SET SQL_MODE=IFNULL(@OLD_SQL_MODE, '') */;
/*!40014 SET FOREIGN_KEY_CHECKS=IFNULL(@OLD_FOREIGN_KEY_CHECKS, 1) */;
/*!40101 SET CHARACTER_SET_CLIENT=@OLD_CHARACTER_SET_CLIENT */;
/*!40111 SET SQL_NOTES=IFNULL(@OLD_SQL_NOTES, 1) */;
